444,-0.04,-1.12
480,-0.06,-1.39
499,-0.05,-1.39
519,-0.06,-1.65
538,-0.06,-1.52
558,-0.05,-1.39
577,-0.04,-1.12
596,-0.04,-0.99
616,-0.04,-1.12
635,-0.05,-1.26
655,-0.05,-1.26
674,-0.05,-1.26
694,-0.04,-1.12
713,-0.04,-0.99
733,-0.04,-0.86
752,-0.04,-1.12
772,-0.04,-0.99
791,-0.04,-0.99
811,-0.04,-0.99
830,-0.04,-1.12
849,-0.04,-1.12
869,-0.04,-1.12
888,-0.04,-1.12
908,-0.05,-1.26
927,-0.05,-1.12
947,-0.05,-1.26
966,-0.05,-1.26
986,-0.05,-1.39
1005,-0.05,-1.26
1025,-0.05,-1.26
1044,-0.05,-1.26
1061,-0.05,-1.26
1081,-0.05,-1.39
1100,-0.05,-1.26
1120,-0.05,-1.26
1139,-0.05,-1.26
1159,-0.05,-1.26
1201,-0.07,-1.65
1221,-0.06,-1.52
1241,-0.06,-1.52
1260,-0.06,-1.52
1280,-0.05,-1.39
1299,-0.05,-1.26
1318,-0.05,-1.26
1338,-0.05,-1.26
1357,-0.05,-1.26
1377,-0.05,-1.26
1396,-0.05,-1.26
1416,-0.05,-1.26
1435,-0.05,-1.26
1455,-0.05,-1.26
1474,-0.05,-1.26
1494,-0.05,-1.26
1513,-0.05,-1.26
1532,-0.05,-1.39
1552,-0.05,-1.26
1571,-0.05,-1.26
1591,-0.05,-1.26
1610,-0.05,-1.39
1638,-0.06,-1.52
1657,-0.06,-1.52
1678,-0.06,-1.52
1697,-0.06,-1.52
1717,-0.06,-1.52
1736,-0.06,-1.52
1756,-0.06,-1.52
1775,-0.06,-1.39
1795,-0.06,-1.52
1814,-0.06,-1.52
1833,-0.06,-1.52
1853,-0.06,-1.52
1872,-0.06,-1.39
1892,-0.06,-1.52
1911,-0.06,-1.52
1931,-0.06,-1.39
1950,-0.05,-1.39
1970,-0.06,-1.52
1989,-0.06,-1.52
2009,-0.06,-1.39
2028,-0.06,-1.52
2048,-0.05,-1.52
2067,-0.06,-1.52
2086,-0.06,-1.52
2106,-0.06,-1.52
2125,-0.06,-1.52
2145,-0.06,-1.52
2164,-0.06,-1.52
2188,-0.06,-1.65
2207,-0.06,-1.52
2227,-0.05,-1.39
2246,-0.06,-1.39
2266,-0.06,-1.39
2285,-0.06,-1.52
2305,-0.05,-1.52
2324,-0.06,-1.52
2343,-0.06,-1.52
2363,-0.06,-1.52
2382,-0.06,-1.52
2402,-0.05,-1.52
2421,-0.06,-1.52
2441,-0.06,-1.52
2460,-0.06,-1.65
2481,-0.06,-1.52
2500,-0.06,-1.65
2520,-0.06,-1.52
2539,-0.06,-1.52
2558,-0.05,-1.39
2578,-0.06,-1.52
2597,-0.06,-1.52
2617,-0.05,-1.52
2636,-0.06,-1.52
2656,-0.06,-1.52
2675,-0.06,-1.52
2695,-0.06,-1.52
2714,-0.06,-1.39
2734,-0.05,-1.39
2756,-0.06,-1.52
2776,-0.05,-1.39
2796,-0.05,-1.39
2816,-0.05,-1.39
2835,-0.05,-1.39
2876,-0.07,-1.79
2896,-0.06,-1.65
2916,-0.06,-1.65
2935,-0.06,-1.65
2955,-0.06,-1.52
2974,-0.06,-1.52
2994,-0.06,-1.52
3013,-0.06,-1.39
3033,-0.05,-1.39
3052,-0.05,-1.39
3072,-0.06,-1.39
3091,-0.06,-1.39
3110,-0.06,-1.52
3130,-0.06,-1.52
3149,-0.06,-1.39
3169,-0.05,-1.39
3188,-0.06,-1.52
3208,-0.06,-1.52
3227,-0.06,-1.52
3247,-0.06,-1.52
3266,-0.06,-1.52
3286,-0.06,-1.52
3305,-0.06,-1.52
3329,-0.05,-1.52
3348,-0.06,-1.52
3367,-0.06,-1.52
3387,-0.06,-1.52
3406,-0.06,-1.52
3426,-0.06,-1.52
3445,-0.06,-1.52
3465,-0.06,-1.39
3484,-0.05,-1.39
3504,-0.05,-1.52
3523,-0.05,-1.39
3543,-0.06,-1.39
3562,-0.05,-1.39
3581,-0.06,-1.39
3601,-0.05,-1.52
3620,-0.05,-1.39
3640,-0.05,-1.39
3659,-0.05,-1.39
3679,-0.06,-1.39
3698,-0.05,-1.52
3718,-0.05,-1.52
3737,-0.05,-1.39
3757,-0.05,-1.39
3776,-0.05,-1.39
3795,-0.05,-1.26
3816,-0.05,-1.26
3835,-0.05,-1.39
3855,-0.05,-1.39
3874,-0.05,-1.39
3897,-0.06,-1.39
3916,-0.05,-1.39
3936,-0.05,-1.39
3955,-0.05,-1.39
3975,-0.05,-1.39
3994,-0.05,-1.39
4014,-0.05,-1.39
4033,-0.05,-1.39
4052,-0.05,-1.39
4072,-0.05,-1.39
4091,-0.05,-1.39
4111,-0.05,-1.39
4130,-0.05,-1.39
4150,-0.05,-1.39
4169,-0.05,-1.39
4190,-0.05,-1.39
4209,-0.05,-1.26
4229,-0.05,-1.39
4248,-0.05,-1.39
4268,-0.05,-1.39
4287,-0.05,-1.39
4306,-0.05,-1.39
4326,-0.05,-1.39
4345,-0.05,-1.39
4365,-0.05,-1.39
4384,-0.05,-1.39
4404,-0.05,-1.39
4423,-0.05,-1.39
4446,-0.05,-1.39
4465,-0.05,-1.39
4485,-0.06,-1.39
4504,-0.05,-1.39
4546,-0.07,-1.79
4567,-0.06,-1.65
4586,-0.05,-1.52
4605,-0.06,-1.39
4625,-0.06,-1.39
4644,-0.05,-1.39
4664,-0.05,-1.39
4683,-0.05,-1.39
4703,-0.05,-1.39
4722,-0.05,-1.39
4742,-0.05,-1.39
4761,-0.05,-1.39
4781,-0.05,-1.52
4800,-0.05,-1.39
4819,-0.05,-1.26
4839,-0.05,-1.26
4858,-0.05,-1.39
4878,-0.05,-1.39
4898,-0.05,-1.39
4918,-0.05,-1.26
4937,-0.05,-1.39
4957,-0.05,-1.39
4976,-0.05,-1.39
4996,-0.05,-1.26
5015,-0.05,-1.39
5051,-0.05,-1.39
5072,-0.05,-1.39
5094,-0.05,-1.39
5116,-0.05,-1.26
5138,-0.05,-1.39
5159,-0.05,-1.26
5182,-0.05,-1.26
5203,-0.05,-1.39
5225,-0.05,-1.39
5248,-0.05,-1.39
5269,-0.05,-1.39
5292,-0.05,-1.26
5313,-0.05,-1.26
5335,-0.05,-1.39
5357,-0.05,-1.26
5379,-0.05,-1.26
5400,-0.05,-1.26
5423,-0.05,-1.26
5444,-0.05,-1.26
5466,-0.05,-1.39
5488,-0.05,-1.26
5510,-0.05,-1.39
5531,-0.05,-1.39
5554,-0.05,-1.39
5575,-0.05,-1.26
5597,-0.05,-1.26
5619,-0.05,-1.26
5641,-0.05,-1.26
5666,-0.05,-1.26
5688,-0.05,-1.26
5710,-0.05,-1.26
5732,-0.05,-1.26
5753,-0.05,-1.26
5776,-0.05,-1.26
5797,-0.05,-1.26
5819,-0.05,-1.26
5841,-0.05,-1.26
5863,-0.05,-1.26
5884,-0.05,-1.26
5907,-0.05,-1.26
5928,-0.05,-1.39
5950,-0.05,-1.26
5972,-0.05,-1.26
5994,-0.05,-1.26
6016,-0.05,-1.26
6038,-0.05,-1.26
6060,-0.05,-1.26
6081,-0.05,-1.26
6104,-0.05,-1.26
6125,-0.05,-1.26
6147,-0.05,-1.39
6169,-0.05,-1.39
6191,-0.05,-1.26
6212,-0.05,-1.26
6235,-0.05,-1.39
6256,-0.05,-1.39
6278,-0.05,-1.26
6298,-0.05,-1.39
6320,-0.05,-1.26
6363,-0.06,-1.65
6385,-0.06,-1.52
6407,-0.06,-1.52
6429,-0.05,-1.39
6451,-0.05,-1.39
6472,-0.05,-1.39
6495,-0.05,-1.39
6516,-0.05,-1.39
6538,-0.05,-1.39
6560,-0.05,-1.26
6582,-0.05,-1.39
6603,-0.05,-1.39
6626,-0.05,-1.39
6647,-0.05,-1.39
6669,-0.05,-1.26
6691,-0.05,-1.39
6713,-0.05,-1.26
6734,-0.05,-1.26
6757,-0.05,-1.39
6778,-0.05,-1.39
6800,-0.05,-1.39
6822,-0.05,-1.39
6844,-0.05,-1.39
6865,-0.05,-1.39
6888,-0.05,-1.39
6909,-0.05,-1.39
6935,-0.05,-1.39
6957,-0.05,-1.26
6978,-0.05,-1.39
7001,-0.05,-1.39
7022,-0.05,-1.26
7044,-0.05,-1.39
7066,-0.05,-1.26
7088,-0.05,-1.26
7109,-0.05,-1.39
7132,-0.05,-1.26
7153,-0.05,-1.26
7175,-0.05,-1.39
7197,-0.05,-1.26
7219,-0.05,-1.26
7240,-0.05,-1.39
7263,-0.05,-1.39
7284,-0.05,-1.39
7306,-0.05,-1.39
7328,-0.05,-1.26
7350,-0.05,-1.39
7371,-0.05,-1.39
7394,-0.05,-1.39
7415,-0.05,-1.39
7437,-0.05,-1.52
7459,-0.05,-1.39
7481,-0.05,-1.26
7502,-0.05,-1.39
7525,-0.05,-1.39
7549,-0.05,-1.39
7572,-0.05,-1.39
7593,-0.05,-1.39
7615,-0.05,-1.39
7638,-0.05,-1.39
7659,-0.05,-1.39
7681,-0.05,-1.39
7703,-0.05,-1.39
7725,-0.05,-1.39
7747,-0.05,-1.39
7769,-0.05,-1.39
7790,-0.05,-1.39
7813,-0.05,-1.26
7834,-0.05,-1.39
7856,-0.05,-1.39
7878,-0.05,-1.26
7900,-0.05,-1.39
7921,-0.05,-1.39
7944,-0.05,-1.26
7965,-0.05,-1.39
7987,-0.05,-1.39
8009,-0.05,-1.26
8031,-0.05,-1.39
8052,-0.05,-1.39
8075,-0.05,-1.26
8096,-0.05,-1.39
8118,-0.05,-1.39
8140,-0.05,-1.39
8162,-0.05,-1.39
8187,-0.06,-1.52
8230,-0.06,-1.65
8252,-0.06,-1.65
8274,-0.06,-1.52
8296,-0.05,-1.52
8317,-0.05,-1.39
8340,-0.05,-1.39
8361,-0.05,-1.39
8383,-0.05,-1.39
8406,-0.05,-1.39
8427,-0.05,-1.39
8449,-0.05,-1.39
8471,-0.05,-1.39
8493,-0.05,-1.26
8514,-0.05,-1.39
8537,-0.05,-1.39
8558,-0.05,-1.39
8580,-0.05,-1.39
8602,-0.05,-1.39
8624,-0.05,-1.26
8645,-0.05,-1.39
8668,-0.05,-1.39
8689,-0.05,-1.26
8711,-0.05,-1.39
8733,-0.05,-1.39
8755,-0.05,-1.39
8776,-0.05,-1.39
8799,-0.05,-1.39
8823,-0.05,-1.39
8846,-0.06,-1.39
8867,-0.05,-1.39
8889,-0.05,-1.39
8911,-0.05,-1.39
8933,-0.05,-1.26
8954,-0.05,-1.26
8977,-0.05,-1.26
8998,-0.05,-1.39
9020,-0.05,-1.39
9042,-0.06,-1.52
9064,-0.06,-1.52
9085,-0.06,-1.39
9108,-0.06,-1.52
9129,-0.06,-1.52
9151,-0.06,-1.52
9174,-0.06,-1.52
9195,-0.06,-1.52
9217,-0.06,-1.52
9239,-0.06,-1.52
9261,-0.06,-1.39
9282,-0.05,-1.39
9305,-0.06,-1.52
9326,-0.06,-1.52
9349,-0.06,-1.39
9370,-0.06,-1.52
9392,-0.06,-1.39
9414,-0.05,-1.39
9436,-0.05,-1.52
9461,-0.06,-1.39
9483,-0.05,-1.39
9504,-0.05,-1.39
9527,-0.06,-1.52
9548,-0.06,-1.52
9570,-0.06,-1.52
9592,-0.05,-1.52
9614,-0.06,-1.52
9635,-0.05,-1.52
9658,-0.06,-1.52
9679,-0.06,-1.52
9701,-0.05,-1.52
9723,-0.05,-1.39
9745,-0.06,-1.52
9766,-0.06,-1.52
9789,-0.06,-1.52
9810,-0.06,-1.52
9832,-0.05,-1.52
9854,-0.05,-1.52
9876,-0.06,-1.52
9897,-0.05,-1.52
9920,-0.06,-1.52
9942,-0.05,-1.52
9963,-0.06,-1.39
9986,-0.06,-1.39
10007,-0.06,-1.52
10030,-0.05,-1.39
10051,-0.05,-1.39
10108,-0.07,-1.79
10130,-0.06,-1.65
10151,-0.06,-1.52
10174,-0.06,-1.52
10195,-0.06,-1.52
10218,-0.06,-1.52
10240,-0.06,-1.52
10261,0.91,23.08
10284,-1.47,-40.67
10305,-0.02,0.99
10328,1.06,28.77
10349,-1.09,-31.28
10371,-0.49,-11.31
10393,1.07,28.90
10415,-0.70,-20.97
10437,-0.83,-20.57
10459,1.07,29.03
10481,-0.27,-9.33
10503,-1.26,-32.87
10525,1.07,28.77
10547,0.04,-0.73
10568,-1.54,-40.81
10591,0.84,24.67
10612,0.55,13.03
10635,-1.62,-43.85
10656,0.36,11.84
10678,1.00,25.59
10703,-0.97,-24.40
10726,1.06,28.90
10747,-0.19,-6.81
10769,-1.32,-34.46
10791,1.07,29.03
10813,0.17,2.84
10835,-1.58,-42.00
10857,0.71,21.10
10880,0.66,16.07
10901,-1.57,-42.66
10923,0.25,8.66
10945,1.07,28.90
10967,-1.33,-37.37
10989,-0.16,-3.11
11011,1.08,29.03
11032,-0.94,-27.05
11055,-0.60,-14.35
11076,1.07,29.03
11099,-0.55,-17.13
11120,-0.93,-23.35
11143,1.06,28.64
11164,-0.21,-7.34
11187,-1.29,-33.53
11208,1.08,29.17
11231,0.14,2.18
11252,-1.53,-40.67
11274,0.74,21.76
11299,-1.00,-28.90
11322,-0.53,-12.37
11343,1.06,28.64
11366,-0.63,-18.98
11387,-0.83,-20.70
11410,1.06,28.64
11431,-0.25,-8.40
11453,-1.17,-30.62
11475,1.07,29.03
11497,0.05,-0.20
11520,-1.38,-36.44
11541,0.70,20.44
11564,0.41,9.46
11585,-1.26,-34.32
11607,0.25,8.13
11629,0.63,15.94
11651,-0.79,-21.89
11673,-0.03,-0.33
11695,0.31,8.00
11716,-0.35,-9.59
11739,0.00,0.60
11760,0.32,8.40
11782,-0.25,-6.94
11804,-0.22,-5.49
11826,0.29,8.00
11847,-0.24,-6.68
11870,-0.37,-9.59
11891,0.22,6.15
11917,-0.40,-11.04
11944,0.22,5.36
11981,-0.26,-7.34
12004,-0.25,-6.28
12025,0.31,8.40
12048,-0.20,-6.02
12069,-0.40,-10.38
12091,0.24,6.81
12113,-0.04,-1.65
12135,-0.46,-12.24
12157,0.12,3.51
12179,0.12,2.98
12200,-0.45,-12.24
12223,0.07,2.18
12244,0.29,7.34
12266,-0.37,-10.38
12289,-0.12,-2.45
12310,0.35,9.33
12332,-0.26,-7.21
12354,-0.28,-7.21
12376,0.32,8.80
12398,-0.18,-5.36
12420,-0.42,-11.04
12441,0.25,6.94
12464,-0.01,-0.99
12485,-0.49,-13.03
12508,0.13,4.03
12529,0.14,3.37
12555,-0.23,-5.62
12576,0.35,9.72
12598,-0.21,-6.02
12620,-0.38,-9.85
12642,0.28,7.61
12663,-0.04,-1.92
12686,-0.48,-12.63
12707,0.14,4.17
12730,0.11,2.31
12751,-0.47,-12.90
12773,0.09,2.71
12795,0.25,6.42
12817,-0.39,-10.78
12839,-0.08,-1.52
12861,0.32,8.53
12882,-0.27,-7.47
12905,-0.24,-5.89
12926,0.33,9.06
12948,-0.21,-6.15
12971,-0.39,-9.99
12992,0.27,7.47
13014,-0.03,-1.39
13036,-0.45,-11.97
13058,0.14,4.30
13080,0.11,2.58
13102,-0.45,-12.63
13123,0.08,2.58
13146,0.26,6.55
13170,-0.36,-9.33
13193,0.29,8.00
13214,-0.06,-2.18
13237,-0.45,-12.10
13258,0.15,4.83
13280,0.09,1.92
13302,-0.45,-12.50
13324,0.10,2.84
13345,0.24,6.02
13368,-0.39,-10.78
13389,-0.03,-0.20
13412,0.33,8.66
13433,-0.27,-7.47
13455,-0.23,-5.75
13477,0.33,9.19
13499,-0.22,-6.15
13520,-0.39,-9.99
13543,0.27,7.61
13564,-0.04,-1.79
13586,-0.46,-12.37
13608,0.15,4.70
13630,0.11,2.45
13652,-0.44,-12.24
13674,0.09,2.58
13696,0.27,6.68
13718,-0.38,-10.65
13740,-0.09,-1.79
13762,0.32,8.53
13787,-0.44,-11.84
13814,-0.05,-2.05
13852,-0.43,-11.71
13874,0.04,1.65
13895,0.30,7.87
13918,-0.33,-9.33
13939,-0.17,-4.03
13961,0.35,9.46
13983,-0.24,-6.55
14005,-0.33,-8.27
14027,0.29,8.00
14049,-0.10,-3.11
14070,-0.44,-11.84
14093,0.19,5.75
14114,0.08,1.52
14136,-0.45,-12.37
14158,0.11,3.24
14180,0.22,5.49
14201,-0.39,-10.91
14224,-0.05,-0.86
14245,0.31,8.40
14268,-0.29,-8.27
14289,-0.21,-5.22
14311,0.33,9.33
14333,-0.22,-6.28
14355,-0.36,-9.19
14376,0.28,7.87
14399,-0.05,-2.05
14425,0.02,0.99
14446,0.31,8.27
14468,-0.30,-8.53
14490,-0.19,-4.43
14512,0.35,9.46
14533,-0.22,-6.15
14556,-0.32,-8.27
14577,0.30,8.13
14599,-0.09,-2.98
14621,-0.42,-11.31
14643,0.21,6.15
14665,0.07,1.26
14687,-0.46,-12.37
14709,0.11,2.98
14731,0.20,4.83
14752,-0.40,-10.91
14775,0.02,0.99
14796,0.32,8.40
14818,-0.30,-8.66
14840,-0.17,-4.17
14862,0.36,9.59
14884,-0.23,-6.28
14906,-0.30,-7.47
14927,0.32,8.66
14950,-0.11,-3.37
14971,-0.41,-10.91
14994,0.23,6.55
15015,0.04,0.46
15051,-0.23,-6.15
15073,-0.26,-6.42
15095,0.34,9.33
15117,-0.16,-4.83
15138,-0.39,-10.25
15161,0.28,7.74
15182,-0.03,-1.39
15205,-0.45,-11.97
15226,0.15,4.56
15249,0.11,2.58
15270,-0.43,-11.97
15292,0.09,2.58
15314,0.26,6.42
15336,-0.38,-10.52
15358,0.01,0.73
15380,0.33,8.93
15401,-0.26,-7.34
15424,-0.21,-5.22
15446,0.34,9.59
15467,-0.20,-5.75
15490,-0.34,-8.66
15511,0.32,8.93
15534,-0.04,-1.79
15555,-0.41,-10.91
15578,0.19,5.89
15599,0.09,1.92
15621,-0.43,-11.97
15643,0.12,3.37
15668,-0.22,-6.02
15712,0.28,7.87
15734,-0.17,-5.09
15756,-0.38,-9.99
15778,0.26,7.34
15800,0.01,-0.46
15821,-0.43,-11.57
15844,0.13,3.77
15865,0.15,3.64
15887,-0.41,-11.18
15909,0.09,2.58
15931,0.30,7.74
15952,-0.34,-9.46
15975,-0.11,-2.18
15996,0.36,9.72
16019,-0.22,-6.15
16040,-0.25,-6.28
16062,0.33,8.93
16084,-0.15,-4.43
16106,-0.38,-9.99
16129,0.27,7.61
16150,0.02,-0.07
16172,-0.44,-11.84
16194,0.13,3.77
16216,0.16,4.03
16237,-0.39,-10.91
16260,0.09,2.98
16281,0.31,7.87
16307,-0.35,-9.06
16328,0.28,7.87
16351,-0.03,-1.26
16372,-0.43,-11.57
16395,0.18,5.49
16416,0.12,2.84
16438,-0.42,-11.71
16460,0.13,3.77
16482,0.27,6.68
16503,-0.36,-9.99
16526,-0.05,-0.46
16547,0.34,9.06
16569,-0.25,-7.21
16591,-0.19,-4.83
16613,0.34,9.59
16635,-0.19,-5.49
16657,-0.34,-8.80
16678,0.29,8.13
16701,-0.03,-1.39
16722,-0.42,-11.18
16745,0.20,5.89
16766,0.11,2.31
16788,-0.42,-11.71
16811,0.13,3.51
16832,0.24,6.02
16855,-0.37,-10.12
16876,0.05,1.65
16898,0.34,9.19
16923,-0.41,-10.78
16946,0.23,6.94
16967,0.04,0.33
16989,-0.45,-11.97
17011,0.12,3.37
17033,0.18,4.56
17054,-0.38,-10.65
17077,0.08,2.45
17098,0.32,8.27
17121,-0.33,-9.19
17142,-0.11,-2.58
17164,0.36,9.85
17186,-0.22,-6.15
17208,-0.26,-6.55
17230,0.32,8.80
17252,-0.13,-4.17
17273,-0.39,-10.25
17296,0.28,7.87
17317,0.03,0.07
17339,-0.43,-11.57
17361,0.16,4.56
17383,0.16,3.90
17405,-0.41,-11.18
17427,0.09,2.71
17448,0.30,7.74
17471,-0.34,-9.59
17492,-0.10,-2.05
17515,0.35,9.46
17540,-0.42,-11.31
17584,0.18,4.56
17605,-0.44,-12.10
17628,0.12,3.51
17649,0.23,5.75
17672,-0.38,-10.52
17693,-0.01,0.33
17715,0.33,9.06
17737,-0.26,-7.47
17759,-0.18,-4.30
17781,0.37,9.99
17803,-0.20,-5.75
17824,-0.33,-8.53
17847,0.30,8.27
17868,-0.05,-1.92
17890,-0.42,-11.18
17912,0.17,5.22
17934,0.10,2.05
17955,-0.43,-11.97
17978,0.12,3.64
17999,0.24,6.02
18022,-0.37,-10.38
18043,-0.01,0.33
18065,0.33,8.93
18087,-0.27,-7.74
18109,-0.18,-4.30
18131,0.36,9.85
18153,-0.20,-5.62
18179,0.14,3.77
18200,0.20,4.83
18222,-0.39,-10.65
18244,0.04,1.65
18266,0.33,8.53
18288,-0.31,-8.80
18310,-0.14,-3.24
18331,0.37,9.85
18354,-0.22,-6.15
18375,-0.28,-7.08
18398,0.33,9.06
18419,-0.10,-3.24
18441,-0.39,-10.52
18463,0.25,7.21
18485,0.04,0.46
18506,-0.45,-11.97
18529,0.15,4.30
18550,0.18,4.43
18573,-0.39,-10.78
18594,0.08,2.45
18616,0.32,8.40
18638,-0.31,-8.66
18660,-0.09,-1.79
18681,0.36,9.72
18704,-0.23,-6.15
18725,-0.27,-6.68
18748,0.32,8.80
18769,-0.11,-3.77
18791,-0.40,-10.52
18817,0.27,6.81
18839,-0.35,-9.85
18861,0.01,0.86
18882,0.36,9.46
18905,-0.23,-6.55
18926,-0.21,-5.22
18948,0.34,9.46
18970,-0.17,-5.09
18992,-0.36,-9.33
19014,0.29,8.00
19036,-0.01,-0.86
19057,-0.42,-11.18
19080,0.15,4.43
19101,0.12,2.84
19123,-0.42,-11.57
19145,0.11,3.24
19167,0.27,6.81
19189,-0.36,-9.85
19211,0.02,0.86
19232,0.36,9.72
19255,-0.22,-6.28
19276,-0.21,-5.22
19298,0.35,9.46
19320,-0.17,-4.96
19342,-0.37,-9.46
19364,0.28,7.87
19386,-0.01,-0.86
19407,-0.43,-11.44
19454,-0.23,-6.15
19477,-0.19,-4.56
19499,0.35,9.72
19520,-0.19,-5.49
19543,-0.34,-8.80
19564,0.29,8.13
19587,-0.03,-1.26
19608,-0.42,-11.31
19630,0.18,5.49
19652,0.12,2.71
19674,-0.41,-11.31
19696,0.13,3.90
19718,0.28,6.94
19739,-0.34,-9.46
19762,-0.04,-0.60
19783,0.35,9.46
19805,-0.23,-6.68
19827,-0.20,-4.96
19849,0.34,9.33
19870,-0.18,-5.36
19893,-0.34,-8.80
19914,0.29,8.13
19937,-0.02,-1.12
19958,-0.41,-11.04
19980,0.18,5.36
20002,0.12,2.71
20024,-0.41,-11.31
20046,0.13,3.77
20081,0.31,8.53
20104,-0.08,-2.71
20125,-0.40,-10.65
20148,0.23,6.81
20169,0.06,1.12
20191,-0.43,-11.57
20213,0.14,3.77
20235,0.20,4.83
20257,-0.37,-10.38
20279,0.09,2.58
20300,0.32,8.40
20323,-0.31,-8.80
20344,-0.10,-1.92
20367,0.36,9.72
20388,-0.22,-6.15
20410,-0.24,-5.89
20432,0.34,9.46
20454,-0.13,-4.03
20476,-0.37,-9.72
20498,0.28,7.87
20519,0.02,-0.20
20542,-0.43,-11.57
20563,0.13,3.90
20586,0.14,3.37
20608,-0.41,-11.44
20629,0.11,3.11
20652,0.28,7.21
20673,-0.34,-9.72
20699,0.29,8.13
20720,-0.07,-2.45
20743,-0.42,-11.04
20764,0.20,5.89
20786,0.09,1.79
20808,-0.43,-11.71
20830,0.12,3.24
20852,0.22,5.62
20874,-0.38,-10.38
20895,0.02,1.12
20918,0.33,8.66
20939,-0.29,-8.40
20962,-0.17,-4.03
20983,0.35,9.46
21005,-0.22,-6.15
21027,-0.29,-7.34
21049,0.32,8.66
21071,-0.10,-3.11
21093,-0.40,-10.52
21114,0.25,7.34
21137,0.04,0.60
21158,-0.43,-11.71
21181,0.12,3.24
21202,0.17,4.30
21224,-0.40,-10.91
21246,0.07,2.05
21268,0.30,7.87
21289,-0.33,-9.19
21338,-0.02,-1.12
21359,-0.43,-11.44
21381,0.15,4.43
21403,0.12,2.84
21425,-0.41,-11.44
21447,0.11,3.11
21469,0.27,6.68
21490,-0.35,-9.72
21513,-0.05,-0.60
21534,0.34,9.06
21556,-0.24,-6.94
21578,-0.20,-4.96
21600,0.34,9.46
21622,-0.18,-5.09
21644,-0.35,-9.06
21665,0.29,7.87
21688,-0.03,-1.39
21709,-0.43,-11.31
21732,0.18,5.49
21753,0.11,2.31
21775,-0.43,-11.84
21797,0.12,3.51
21819,0.23,5.62
21841,-0.37,-10.25
21863,0.00,0.73
21884,0.33,8.66
21907,-0.27,-7.61
21928,-0.17,-4.17
21954,0.04,0.33
21976,-0.44,-11.97
21998,0.13,3.64
22020,0.18,4.43
22041,-0.39,-10.78
22064,0.08,2.58
22085,0.31,8.00
22108,-0.33,-9.19
22129,-0.09,-1.65
22151,0.36,9.85
22173,-0.22,-6.28
22195,-0.23,-5.75
22217,0.33,9.19
22239,-0.16,-4.70
22260,-0.36,-9.46
22283,0.29,8.13
22304,-0.01,-0.86
22327,-0.42,-11.31
22348,0.17,5.22
22370,0.12,2.71
22392,-0.42,-11.84
22414,0.12,3.51
22436,0.25,6.15
22458,-0.37,-10.25
22480,-0.01,0.33
22502,0.33,8.80
22523,-0.26,-7.61
22546,-0.16,-3.90
22572,0.03,0.33
22593,-0.43,-11.71
22615,0.15,4.17
22637,0.16,3.90
22659,-0.40,-11.04
22681,0.06,2.31
22703,0.29,7.47
22724,-0.33,-9.19
22747,-0.09,-1.79
22768,0.34,9.33
22790,-0.23,-6.42
22812,-0.23,-5.75
22834,0.33,9.33
22856,-0.16,-4.83
22878,-0.35,-9.06
22900,0.30,8.27
22922,-0.02,-0.99
22943,-0.41,-11.04
22966,0.16,4.96
22987,0.11,2.58
23009,-0.42,-11.71
23031,0.11,3.24
23053,0.24,5.89
23075,-0.37,-10.12
23097,0.00,0.60
23119,0.33,8.80
23141,-0.27,-7.61
23162,-0.16,-4.03
23206,-0.16,-4.96
23226,-0.44,-11.97
23248,0.13,3.77
23270,0.20,4.96
23292,-0.37,-9.99
23314,0.05,1.79
23335,0.34,9.06
23358,-0.27,-7.61
23379,-0.14,-3.24
23401,0.35,9.72
23424,-0.21,-6.02
23445,-0.29,-7.34
23468,0.30,8.27
23489,-0.08,-2.58
23511,-0.40,-10.78
23533,0.23,6.68
23555,0.07,1.39
23577,-0.42,-11.31
23599,0.15,4.30
23620,0.20,4.83
23643,-0.38,-10.52
23664,0.06,2.18
23687,0.31,8.13
23708,-0.33,-9.06
23730,-0.11,-2.45
23752,0.35,9.46
23774,-0.22,-6.02
23796,-0.23,-5.62
23818,0.33,9.33
23843,-0.41,-11.31
23865,0.14,3.90
23887,0.26,6.55
23909,-0.36,-9.99
23930,-0.02,0.07
23953,0.34,9.19
23974,-0.26,-7.47
23997,-0.18,-4.30
24018,0.36,9.85
24040,-0.19,-5.22
24062,-0.30,-7.34
24084,0.33,9.19
24107,-0.06,-2.18
24128,-0.39,-10.38
24151,0.23,6.68
24172,0.08,1.39
24194,-0.43,-11.57
24216,0.13,3.64
24238,0.20,5.09
24259,-0.37,-10.38
24282,0.04,1.65
24303,0.33,8.66
24326,-0.29,-8.13
24347,-0.11,-2.31
24369,0.37,9.99
24391,-0.21,-5.75
24413,-0.23,-5.62
24435,0.34,9.46
24460,-0.39,-10.91
24482,0.14,4.17
24504,0.25,6.42
24526,-0.35,-9.85
24548,0.02,1.12
24570,0.35,9.33
24592,-0.26,-7.47
24613,-0.13,-2.98
24636,0.37,9.99
24657,-0.20,-5.62
24680,-0.26,-6.42
24701,0.33,9.19
24724,-0.11,-3.64
24745,-0.38,-9.85
24767,0.28,7.74
24790,0.03,0.33
24811,-0.41,-10.91
24834,0.16,4.56
24855,0.16,4.03
24877,-0.38,-10.65
24899,0.12,3.51
24921,0.29,7.21
24943,-0.34,-9.46
24965,-0.02,0.07
24987,0.35,9.33
25009,-0.23,-6.55
25030,-0.15,-3.77
25059,-0.28,-7.74
25111,-0.43,-11.44
25134,0.17,4.83
25155,0.16,3.77
25178,-0.38,-10.52
25199,0.12,3.51
25221,0.30,7.61
25243,-0.33,-9.33
25265,-0.06,-1.12
25287,0.35,9.19
25309,-0.23,-6.28
25330,-0.19,-4.83
25353,0.35,9.72
25374,-0.17,-4.96
25397,-0.33,-8.40
25418,0.31,8.40
25440,-0.01,-0.86
25462,-0.39,-10.52
25484,0.20,5.89
25506,0.11,2.58
25528,-0.40,-11.04
25550,0.12,3.51
25572,0.23,5.62
25593,-0.37,-10.12
25616,0.05,1.79
25637,0.33,8.80
25660,-0.28,-8.13
25681,-0.11,-2.58
25703,0.37,9.99
25729,-0.40,-10.78
25751,0.16,4.96
25773,0.15,3.51
25794,-0.40,-10.91
25817,0.13,3.90
25838,0.28,6.94
25861,-0.34,-9.46
25882,0.04,1.39
25904,0.36,9.59
25926,-0.21,-6.15
25948,-0.16,-3.77
25970,0.37,10.12
25992,-0.19,-5.49
26013,-0.30,-7.61
26036,0.31,8.53
26057,-0.06,-2.31
26080,-0.38,-10.12
26101,0.24,6.94
26124,0.08,1.52
26145,-0.41,-11.18
26168,0.16,4.43
26189,0.19,4.56
26211,-0.39,-10.65
26233,0.08,2.71
26255,0.31,8.13
26276,-0.32,-8.93
26299,-0.08,-1.39
26320,0.36,9.72
26346,-0.39,-10.38
26369,0.21,6.02
26390,0.11,2.45
26412,-0.41,-11.31
26434,0.13,3.51
26456,0.23,5.62
26478,-0.37,-10.12
26500,0.03,1.39
26521,0.33,8.80
26544,-0.26,-7.61
26565,-0.10,-1.92
26588,0.38,10.25
26609,-0.20,-5.49
26631,-0.24,-6.02
26653,0.33,9.19
26675,-0.13,-4.03
26697,-0.36,-9.46
26719,0.28,7.87
26741,0.04,0.33
26763,-0.42,-11.18
26784,0.14,4.17
26807,0.16,3.90
26828,-0.38,-10.52
26851,0.11,3.37
26872,0.30,7.61
26894,-0.33,-9.19
26916,-0.05,-0.73
26959,-0.20,-5.62
26982,-0.23,-5.62
27008,0.11,2.71
27029,-0.41,-11.31
27051,0.14,4.03
27073,0.25,6.15
27095,-0.36,-10.12
27117,0.05,1.79
27139,0.35,9.19
27160,-0.25,-7.34
27183,-0.16,-3.77
27204,0.36,9.72
27226,-0.20,-5.62
27248,-0.30,-7.47
27270,0.32,8.66
27292,-0.06,-2.31
27314,-0.38,-10.25
27336,0.25,7.21
27358,0.08,1.52
27379,-0.41,-11.04
27402,0.13,3.51
27423,0.19,4.70
27445,-0.38,-10.38
27467,0.08,2.58
27489,0.31,8.13
27511,-0.32,-8.80
27533,-0.05,-0.60
27555,0.36,9.59
27577,-0.21,-5.75
27598,-0.21,-5.22
27624,0.12,2.84
27645,-0.40,-10.91
27668,0.14,4.03
27689,0.25,6.28
27712,-0.35,-9.85
27734,0.01,0.86
27755,0.35,9.19
27778,-0.25,-7.08
27799,-0.15,-3.64
27822,0.37,10.12
27843,-0.19,-5.36
27866,-0.27,-6.68
27887,0.33,9.06
27909,-0.09,-2.98
27931,-0.37,-9.85
27953,0.25,7.34
27975,0.06,1.12
27997,-0.42,-11.31
28018,0.17,4.70
28041,0.18,4.43
28062,-0.37,-10.12
28085,0.11,3.24
28106,0.32,8.27
28128,-0.31,-8.80
28150,-0.07,-1.26
28172,0.36,9.59
28194,-0.22,-6.02
28216,-0.20,-5.09
28241,0.11,2.71
28263,-0.40,-11.04
28285,0.15,4.43
28307,0.25,6.02
28328,-0.35,-9.72
28351,0.04,1.79
28372,0.35,9.33
28394,-0.26,-7.34
28417,-0.14,-3.11
28438,0.38,10.38
28461,-0.19,-5.22
28482,-0.25,-6.15
28505,0.35,9.46
28526,-0.10,-3.11
28548,-0.36,-9.46
28570,0.27,7.74
28592,0.05,0.73
28613,-0.42,-11.31
28636,0.16,4.56
28657,0.17,4.30
28680,-0.38,-10.38
28701,0.11,3.51
28724,0.31,8.00
28745,-0.32,-8.80
28767,-0.06,-1.12
28789,0.37,9.72
28833,-0.20,-4.96
28856,0.36,9.72
28880,-0.40,-10.78
28903,0.20,5.89
28924,0.13,2.98
28947,-0.39,-10.91
28968,0.16,4.43
28990,0.27,6.81
29012,-0.34,-9.46
29034,0.01,0.86
29057,0.35,9.33
29078,-0.24,-6.81
29100,-0.15,-3.51
29122,0.36,10.12
29144,-0.20,-5.49
29166,-0.28,-7.08
29188,0.33,9.06
29209,-0.07,-2.31
29232,-0.38,-10.12
29253,0.27,7.61
29276,0.06,0.99
29297,-0.42,-11.31
29320,0.18,4.96
29341,0.19,4.70
29363,-0.37,-10.12
29385,0.11,3.11
29407,0.33,8.66
29428,-0.31,-8.66
29451,-0.07,-1.12
29472,0.37,9.85
29498,-0.40,-10.65
29520,0.22,6.42
29542,0.11,2.45
29563,-0.40,-11.04
29586,0.16,4.56
29607,0.24,6.02
29629,-0.35,-9.72
29651,0.04,1.65
29673,0.34,9.06
29696,-0.26,-7.47
29717,-0.12,-2.71
29740,0.38,10.38
29761,-0.20,-5.49
29783,-0.23,-5.75
29805,0.34,9.46
29827,-0.11,-3.64
29849,-0.36,-9.46
29871,0.29,8.13
29892,0.03,0.20
29915,-0.42,-11.18
29936,0.19,5.36
29959,0.16,3.90
29980,-0.38,-10.65
30003,0.12,3.64
30024,0.28,7.21
30046,-0.35,-9.59
30068,0.03,1.26
30090,0.37,9.72
30111,-0.21,-6.02
30147,-0.41,-11.18
30170,0.16,4.43
30191,0.22,5.62
30214,-0.35,-9.85
30235,0.06,2.18
30257,0.33,8.80
30279,-0.30,-8.40
30301,-0.07,-1.12
30323,0.37,9.99
30345,-0.21,-5.75
30366,-0.21,-5.22
30389,0.35,9.72
30410,-0.15,-4.56
30433,-0.32,-8.13
30454,0.32,8.80
30477,-0.02,-0.99
30498,-0.38,-10.25
30521,0.21,6.28
30542,0.09,1.92
30564,-0.41,-11.18
30586,0.15,4.30
30608,0.21,5.09
30630,-0.36,-10.12
30652,0.08,2.71
30680,-0.37,-9.99
30717,-0.02,0.20
30740,0.37,9.85
30761,-0.20,-5.62
30787,0.20,5.75
30809,0.13,3.24
30831,-0.39,-10.91
30853,0.15,4.17
30875,0.25,6.15
30897,-0.36,-9.85
30918,0.03,1.52
30941,0.34,9.19
30962,-0.24,-7.08
30984,-0.12,-2.58
31006,0.39,10.65
31028,-0.19,-5.22
31050,-0.23,-5.75
31072,0.34,9.59
31094,-0.12,-3.90
31116,-0.35,-9.19
31138,0.29,8.13
31160,0.02,-0.07
31181,-0.40,-10.78
31204,0.19,5.62
31225,0.14,3.37
31248,-0.39,-10.78
31269,0.14,3.90
31292,0.26,6.55
31313,-0.35,-9.59
31335,0.03,1.26
31357,0.35,9.19
31379,-0.26,-7.47
31405,0.27,7.87
31426,0.05,0.73
31449,-0.41,-11.04
31470,0.16,4.70
31493,0.18,4.30
31514,-0.37,-10.25
31536,0.13,3.90
31558,0.30,7.61
31580,-0.33,-9.33
31602,-0.02,0.07
31624,0.36,9.72
31645,-0.23,-6.42
31668,-0.15,-3.77
31689,0.38,10.52
31712,-0.18,-4.96
31733,-0.26,-6.55
31756,0.33,9.19
31777,-0.08,-2.58
31799,-0.36,-9.72
31821,0.26,7.47
31843,0.06,1.12
31865,-0.41,-10.91
31887,0.15,4.43
31909,0.18,4.43
31931,-0.37,-10.25
31952,0.13,3.77
31975,0.30,7.74
31996,-0.33,-9.33
32019,-0.02,-0.07
32044,-0.08,-2.71
32066,-0.38,-10.12
32088,0.28,7.87
32110,0.05,0.73
32132,-0.40,-10.78
32154,0.16,4.56
32176,0.17,4.17
32197,-0.37,-10.38
32220,0.12,3.51
32241,0.28,7.21
32264,-0.36,-9.99
32285,-0.03,-0.07
32308,0.33,8.80
32329,-0.25,-7.34
32351,-0.14,-3.51
32373,0.37,9.99
32395,-0.19,-5.22
32417,-0.25,-6.42
32439,0.34,9.33
32461,-0.10,-3.24
32483,-0.36,-9.46
32505,0.27,7.61
32527,0.04,0.46
32555,0.23,6.68
32592,0.20,4.83
32614,-0.38,-10.38
32636,0.09,2.58
32658,0.33,8.66
32684,-0.34,-9.06
32705,0.29,8.27
32727,0.01,-0.33
32749,-0.41,-10.78
32771,0.19,5.62
32793,0.14,3.24
32815,-0.40,-11.18
32837,0.13,3.77
32859,0.26,6.55
32880,-0.35,-9.72
32903,0.01,0.86
32924,0.35,9.33
32946,-0.25,-7.08
32968,-0.15,-3.51
32990,0.38,10.25
33012,-0.21,-5.62
33034,-0.23,-5.75
33056,0.33,9.19
33078,-0.13,-3.90
33100,-0.35,-9.19
33122,0.28,7.87
33143,0.02,-0.20
33166,-0.40,-10.78
33187,0.17,5.22
33210,0.14,3.24
33231,-0.39,-10.91
33254,0.15,4.30
33275,0.25,6.28
33301,-0.25,-6.15
33323,0.34,9.33
33345,-0.10,-3.24
33367,-0.35,-9.33
33388,0.28,8.00
33411,0.04,0.46
33432,-0.41,-11.04
33455,0.15,4.30
33476,0.16,4.03
33498,-0.37,-10.38
33520,0.13,3.64
33542,0.30,7.47
33564,-0.33,-9.19
33586,-0.01,0.33
33608,0.35,9.46
33630,-0.24,-6.94
33651,-0.15,-3.64
33674,0.38,10.25
33695,-0.20,-5.62
33718,-0.25,-6.42
33739,0.34,9.19
33762,-0.11,-3.37
33783,-0.37,-9.59
33805,0.29,8.13
33827,0.04,0.46
33849,-0.40,-10.78
33871,0.18,5.22
33893,0.15,3.77
33914,-0.38,-10.52
33935,-0.21,-5.09
33956,0.35,9.59
33979,-0.16,-4.70
34000,-0.33,-8.40
34022,0.31,8.66
34044,-0.01,-0.99
34066,-0.39,-10.25
34088,0.20,6.02
34110,0.11,2.31
34131,-0.40,-11.04
34154,0.15,4.30
34176,0.22,5.49
34198,-0.36,-10.12
34220,0.09,2.84
34242,0.33,8.66
34264,-0.30,-8.40
34285,-0.05,-0.60
34308,0.37,9.85
34329,-0.21,-5.89
34352,-0.21,-5.09
34373,0.35,9.72
34396,-0.15,-4.56
34417,-0.33,-8.40
34461,0.05,0.86
34483,-0.40,-10.52
34505,0.21,6.28
34527,0.08,1.52
34549,-0.41,-11.04
34629,-0.22,-6.28
34651,-0.29,-7.34
34673,0.32,8.93
34695,-0.08,-2.71
34717,-0.37,-9.85
34739,0.26,7.61
34760,0.05,0.73
34783,-0.41,-11.18
34804,0.16,4.56
34827,0.17,4.03
34848,-0.38,-10.38
34871,0.12,3.51
34892,0.30,7.47
34914,-0.33,-9.33
34936,0.02,0.99
34958,0.35,9.33
34980,-0.23,-6.55
35002,-0.17,-4.17
35023,0.36,9.99
35046,-0.19,-5.36
35067,-0.27,-6.94
35090,0.32,8.80
35111,-0.08,-2.71
35134,-0.38,-9.99
35155,0.26,7.34
35177,0.06,0.86
35200,-0.41,-11.18
35221,0.15,4.17
35258,0.34,9.06
35280,-0.25,-7.08
35302,-0.14,-3.37
35324,0.36,9.99
35346,-0.20,-5.49
35368,-0.27,-6.68
35390,0.33,9.06
35411,-0.09,-2.84
35434,-0.36,-9.59
35456,0.27,7.74
35478,0.03,0.20
35500,-0.41,-11.04
35522,0.16,4.70
35544,0.15,3.77
35565,-0.38,-10.38
35588,0.12,3.64
35609,0.27,6.68
35632,-0.34,-9.59
35653,-0.01,0.33
35675,0.34,9.06
35697,-0.24,-7.08
35719,-0.15,-3.77
35741,0.36,9.99
35763,-0.20,-5.49
35785,-0.27,-6.68
35807,0.34,9.46
35828,-0.09,-2.98
35851,-0.37,-9.59
35876,0.28,7.08
35898,-0.34,-9.46
35920,-0.01,0.33
35942,0.35,9.46
35963,-0.23,-6.68
35986,-0.16,-4.03
36007,0.37,10.12
36030,-0.19,-5.49
36051,-0.27,-6.68
36074,0.33,9.19
36096,-0.09,-2.84
36117,-0.36,-9.59
36140,0.26,7.47
36161,0.04,0.60
36184,-0.41,-11.04
36205,0.16,4.56
36227,0.16,4.03
36249,-0.39,-10.65
36271,0.12,3.37
36293,0.30,7.47
36315,-0.33,-9.06
36337,-0.03,-0.20
36359,0.36,9.59
36400,-0.42,-11.44
36422,0.18,5.49
36445,0.11,2.58
36466,-0.40,-11.18
36489,0.15,4.17
36513,-0.21,-5.75
36536,-0.23,-5.62
36557,0.35,9.59
36579,-0.12,-3.77
36601,-0.35,-9.06
36623,0.30,8.27
36645,0.02,-0.07
36667,-0.40,-10.65
36689,0.19,5.36
36711,0.13,3.24
36732,-0.40,-11.04
36755,0.13,4.03
36776,0.26,6.68
36799,-0.34,-9.46
36820,0.05,1.79
36842,0.35,9.19
36865,-0.25,-7.08
36886,-0.14,-3.37
36909,0.37,10.38
36930,-0.19,-5.36
36953,-0.25,-6.28
36974,0.34,9.46
36996,-0.10,-3.11
37018,-0.36,-9.46
37040,0.29,8.00
37062,0.06,0.99
37084,-0.40,-10.78
37106,0.15,4.30
37131,-0.24,-6.81
37153,-0.14,-3.37
37175,0.37,10.25
37197,-0.18,-5.09
37219,-0.26,-6.28
37241,0.33,9.33
37263,-0.09,-2.98
37284,-0.36,-9.59
37307,0.27,7.74
37328,0.04,0.46
37351,-0.42,-11.18
37372,0.17,4.83
37395,0.17,4.17
37416,-0.39,-10.78
37439,0.13,3.77
37460,0.29,7.08
37482,-0.34,-9.46
37505,-0.02,-0.07
37526,0.35,9.33
37549,-0.24,-6.81
37570,-0.16,-3.77
37592,0.37,10.25
37614,-0.20,-5.49
37636,-0.26,-6.42
37658,0.33,9.19
37680,-0.10,-3.11
37702,-0.36,-9.59
37724,0.27,7.61
37749,-0.34,-9.33
37771,0.00,0.60
37793,0.35,9.46
37815,-0.22,-6.15
37836,-0.18,-4.30
37859,0.36,9.99
37880,-0.18,-5.22
37903,-0.31,-7.47
37924,0.31,8.66
37947,-0.04,-1.65
37968,-0.37,-10.12
37991,0.24,6.94
38012,0.09,1.65
38034,-0.41,-11.18
38056,0.15,4.17
38078,0.20,4.70
38100,-0.36,-9.99
38122,0.09,2.84
38144,0.33,8.53
38166,-0.32,-8.66
38188,-0.08,-1.52
38210,0.36,9.72
38232,-0.21,-5.89
38270,-0.30,-7.61
38292,0.34,9.59
38315,-0.17,-5.09
38336,-0.32,-8.00
38359,0.31,8.66
38380,-0.02,-1.26
38400,-0.33,-9.06
38422,-0.03,-0.33
38444,0.35,9.46
38465,-0.22,-6.28
38488,-0.15,-3.77
38509,0.37,10.12
38532,-0.18,-5.22
38553,-0.27,-6.81
38576,0.32,8.93
38597,-0.06,-2.31
38619,-0.36,-9.72
38641,0.25,7.34
38663,0.07,1.26
38685,-0.42,-11.31
38707,0.16,4.30
38729,0.18,4.30
38751,-0.38,-10.52
38773,0.10,2.98
38795,0.31,7.87
38816,-0.32,-8.93
38839,-0.03,-0.07
38860,0.37,9.85
38883,-0.22,-6.15
38904,-0.19,-4.70
38926,0.35,9.72
38948,-0.18,-5.22
38970,-0.31,-7.74
38995,0.20,4.96
39017,-0.36,-9.99
39040,0.06,2.31
39061,0.33,8.80
39084,-0.29,-8.13
39105,-0.07,-1.12
39128,0.38,10.12
39149,-0.21,-5.75
39172,-0.20,-5.09
39193,0.34,9.46
39215,-0.16,-4.70
39237,-0.33,-8.53
39259,0.30,8.40
39281,-0.01,-0.86
39303,-0.39,-10.52
39325,0.21,6.15
39347,0.11,2.58
39368,-0.41,-11.31
39391,0.13,3.51
39412,0.22,5.49
39435,-0.36,-10.12
39456,0.04,1.65
39479,0.33,8.66
39500,-0.30,-8.40
39522,-0.10,-2.18
39544,0.37,9.99
39566,-0.20,-5.49
39588,-0.21,-5.36
39610,0.34,9.33
39635,-0.40,-11.18
39657,0.14,4.03
39680,0.25,6.15
39701,-0.35,-9.85
39724,0.01,0.99
39745,0.35,9.19
39767,-0.24,-7.08
39789,-0.14,-3.11
39811,0.38,10.25
39833,-0.21,-5.62
39855,-0.24,-6.15
39877,0.33,9.06
39899,-0.12,-3.90
39921,-0.36,-9.46
39943,0.27,7.61
39964,0.03,0.07
39987,-0.42,-11.18
40008,0.14,4.30
40031,0.15,3.77
40052,-0.38,-10.52
40075,0.12,3.64
40096,0.27,6.94
40124,0.07,2.31
40157,-0.10,-2.18
40178,0.36,9.59
40200,-0.21,-5.75
40222,-0.21,-5.36
40244,0.34,9.59
40280,0.27,6.68
40302,-0.35,-9.59
40324,0.03,1.39
40345,0.35,9.33
40368,-0.23,-6.55
40389,-0.16,-4.03
40412,0.37,10.12
40433,-0.20,-5.62
40456,-0.27,-6.68
40477,0.31,8.40
40500,-0.09,-2.98
40521,-0.37,-9.99
40543,0.25,7.21
40565,0.05,0.73
40587,-0.42,-11.31
40609,0.15,4.43
40631,0.17,4.17
40653,-0.37,-10.38
40675,0.11,3.37
40696,0.29,7.21
40719,-0.34,-9.59
40740,0.00,0.60
40763,0.35,9.33
40784,-0.23,-6.42
40807,-0.18,-4.43
40828,0.36,9.99
40850,-0.18,-5.09
40872,-0.29,-7.47
40898,0.20,4.83
40920,-0.37,-10.52
40942,0.10,2.84
40964,0.31,8.13
40985,-0.33,-9.19
41008,-0.08,-1.39
41029,0.35,9.33
41052,-0.22,-6.15
41073,-0.18,-4.56
41096,0.36,9.85
41117,-0.18,-5.09
41140,-0.31,-7.74
41161,0.33,8.93
41183,-0.05,-1.92
41205,-0.38,-10.25
41227,0.23,6.94
41249,0.07,1.39
41271,-0.41,-11.04
41293,0.17,4.83
41315,0.18,4.56
41337,-0.38,-10.38
41359,0.11,3.37
41381,0.30,7.61
41403,-0.33,-9.19
41424,-0.04,-0.46
41447,0.36,9.59
41468,-0.22,-6.42
41491,-0.16,-4.17
41517,0.08,1.39
41538,-0.42,-11.31
41561,0.16,4.56
41582,0.19,4.70
41604,-0.38,-10.38
41626,0.11,3.24
41648,0.31,8.13
41670,-0.33,-9.06
41692,-0.03,-0.07
41714,0.36,9.59
41736,-0.22,-6.28
41757,-0.18,-4.30
41780,0.36,9.99
41801,-0.18,-5.09
41824,-0.30,-7.61
41845,0.32,8.80
41868,-0.04,-1.79
41889,-0.38,-10.12
41912,0.25,7.08
41933,0.07,1.39
41955,-0.40,-10.91
41977,0.16,4.43
42015,0.27,6.68
42055,-0.42,-11.31
42078,0.13,4.03
42099,0.13,3.24
42122,-0.40,-10.78
42143,0.11,3.51
42166,0.27,6.81
42190,-0.29,-7.21
42213,0.32,8.93
42234,-0.07,-2.45
42257,-0.37,-9.85
42278,0.25,7.34
42300,0.07,1.12
42322,-0.42,-11.18
42344,0.14,3.90
42366,0.18,4.43
42388,-0.38,-10.52
42411,0.09,2.98
42432,0.31,7.74
42454,-0.32,-8.93
42476,-0.03,-0.07
42498,0.36,9.59
42520,-0.22,-6.15
42542,-0.17,-4.30
42564,0.36,9.99
42586,-0.17,-5.09
42608,-0.30,-7.61
42630,0.31,8.66
42651,-0.06,-2.05
42674,-0.38,-10.25
42695,0.23,6.81
42718,0.07,1.39
42739,-0.41,-11.31
42762,0.17,4.70
42783,0.19,4.70
42809,-0.20,-4.83
42830,0.35,9.85
42853,-0.16,-4.96
42874,-0.32,-8.13
42897,0.30,8.40
42918,-0.03,-1.39
42940,-0.38,-10.25
42962,0.23,6.81
42984,0.09,1.65
43006,-0.41,-11.18
43028,0.14,3.77
43051,0.19,4.70
43072,-0.37,-10.25
43095,0.09,2.98
43116,0.31,8.00
43138,-0.31,-8.80
43160,-0.06,-0.99
43182,0.37,9.85
43204,-0.22,-6.15
43226,-0.18,-4.30
43248,0.36,10.12
43270,-0.19,-5.36
43292,-0.29,-7.21
43314,0.32,8.66
43336,-0.07,-2.58
43358,-0.37,-9.85
43379,0.25,7.21
43402,0.06,0.99
43427,-0.06,-0.99
43449,0.36,9.59
43470,-0.21,-6.02
43493,-0.18,-4.43
43514,0.35,9.85
43537,-0.18,-5.36
43558,-0.32,-8.13
43581,0.31,8.53
43602,-0.05,-1.79
43625,-0.38,-9.99
43646,0.24,7.08
43668,0.09,1.79
43691,-0.41,-11.04
43712,0.17,4.70
43735,0.20,4.83
43756,-0.37,-10.12
43779,0.11,3.24
43800,0.32,8.27
43822,-0.31,-8.66
43844,-0.05,-0.86
43866,0.37,9.72
43907,-0.40,-11.04
43929,0.17,5.09
43952,0.14,3.37
43973,-0.39,-10.91
43996,0.13,3.77
44017,0.27,6.68
44039,-0.34,-9.46
44064,0.33,9.06
44087,-0.09,-2.98
44108,-0.37,-9.85
44131,0.26,7.47
44152,0.05,0.73
44174,-0.42,-11.18
44196,0.16,4.43
44218,0.17,4.17
44240,-0.38,-10.52
44262,0.12,3.51
44284,0.30,7.61
44306,-0.33,-9.06
44327,-0.03,-0.46
44350,0.35,9.46
44371,-0.22,-6.55
44394,-0.14,-3.24
44416,0.38,10.38
44438,-0.20,-5.49
44460,-0.26,-6.55
44482,0.32,8.80
44504,-0.10,-3.11
44525,-0.37,-9.46
44548,0.27,7.47
44569,0.04,0.60
44592,-0.40,-10.78
44613,0.16,4.70
44636,0.16,3.77
44657,-0.38,-10.52
44683,0.37,9.99
44704,-0.20,-5.49
44727,-0.25,-6.28
44748,0.33,9.33
44771,-0.11,-3.64
44792,-0.35,-9.19
44815,0.30,8.40
44836,0.01,-0.20
44859,-0.39,-10.52
44880,0.19,5.62
44903,0.13,2.98
44924,-0.41,-11.31
44947,0.15,4.30
44968,0.22,5.22
44990,-0.37,-10.12
45012,0.09,2.98
45034,0.33,8.53
45057,-0.30,-8.40
45078,-0.06,-0.73
45101,0.37,9.85
45122,-0.22,-6.02
45145,-0.17,-4.17
45166,0.37,10.12
45189,-0.21,-5.75
45210,-0.27,-6.81
45233,0.33,8.93
45254,-0.10,-3.24
45277,-0.36,-9.46
45313,-0.02,-0.07
45334,0.36,9.46
45356,-0.24,-6.94
45378,-0.13,-2.98
45400,0.38,10.25
45422,-0.19,-5.22
45444,-0.21,-5.36
45466,0.35,9.72
45488,-0.15,-4.56
45510,-0.32,-8.27
45532,0.30,8.27
45554,-0.03,-1.39
45576,-0.39,-10.38
45598,0.22,6.68
45620,0.07,1.39
45642,-0.40,-10.91
45664,0.18,5.22
45686,0.18,4.43
45708,-0.37,-10.12
45730,0.13,3.90
45758,-0.39,-10.91
45791,-0.36,-10.12
45813,0.09,2.71
45835,0.32,8.40
45857,-0.31,-8.53
45879,-0.07,-1.26
45901,0.36,9.46
45923,-0.21,-6.02
45948,0.21,6.15
45970,0.11,2.58
45992,-0.39,-10.65
46014,0.15,4.30
46036,0.20,5.09
46058,-0.37,-10.25
46080,0.09,2.71
46102,0.32,8.27
46124,-0.32,-8.80
46146,-0.01,0.33
46168,0.36,9.72
46190,-0.21,-5.89
46212,-0.17,-4.03
46234,0.38,10.38
46256,-0.19,-5.22
46278,-0.26,-6.55
46300,0.33,9.06
46321,-0.10,-3.37
46344,-0.36,-9.46
46365,0.28,7.74
46388,0.02,-0.07
46409,-0.39,-10.38
46432,0.19,5.62
46453,0.12,2.84
46476,-0.40,-11.04
46497,0.16,4.43
46520,0.22,5.49
46541,-0.36,-9.99
46564,0.07,2.45
46588,-0.15,-4.56
46611,-0.32,-8.13
46632,0.32,8.66
46655,-0.02,-1.26
46676,-0.38,-10.25
46699,0.22,6.42
46721,0.08,1.65
46743,-0.42,-11.18
46765,0.17,4.70
46787,0.18,4.56
46809,-0.38,-10.38
46831,0.12,3.64
46853,0.30,7.74
46874,-0.33,-9.06
46897,0.03,1.26
46918,0.36,9.59
46941,-0.24,-6.81
46962,-0.13,-3.11
46985,0.36,9.99
47006,-0.19,-5.36
47029,-0.25,-6.15
47050,0.33,9.33
47072,-0.11,-3.64
47094,-0.34,-9.06
47116,0.31,8.53
47138,0.00,-0.46
47160,-0.40,-10.65
47182,0.20,5.75
47208,-0.28,-8.13
47229,-0.10,-2.05
47252,0.37,10.12
47273,-0.21,-5.89
47296,-0.18,-4.56
47318,0.36,9.99
47340,-0.18,-5.22
47362,-0.29,-7.21
47384,0.32,8.80
47406,-0.07,-2.58
47427,-0.37,-9.72
47450,0.27,7.74
47471,0.03,0.20
47494,-0.41,-10.91
47515,0.17,4.96
47538,0.15,3.77
47559,-0.38,-10.52
47582,0.14,4.17
47603,0.25,6.15
47632,0.14,4.17
47664,0.05,1.65
47686,0.33,8.80
47708,-0.28,-8.00
47730,-0.11,-2.45
47752,0.36,9.59
47773,-0.21,-5.75
47796,-0.20,-4.96
47817,0.35,9.72
47843,-0.39,-10.91
47865,0.15,4.30
47887,0.22,5.36
47909,-0.36,-9.99
47931,0.09,2.71
47952,0.33,8.53
47975,-0.30,-8.40
47996,-0.07,-1.26
48019,0.37,9.72
48040,-0.21,-5.89
48063,-0.18,-4.30
48084,0.37,10.12
48107,-0.19,-5.22
48129,-0.26,-6.55
48151,0.33,9.06
48173,-0.10,-3.24
48195,-0.36,-9.59
48217,0.27,7.74
48238,0.02,-0.20
48261,-0.41,-10.78
48282,0.18,5.36
48305,0.13,3.11
48326,-0.39,-10.65
48349,0.17,4.83
48370,0.23,5.62
48393,-0.35,-9.72
48414,0.09,2.58
48437,0.33,8.53
48461,-0.34,-8.80
48484,0.30,8.27
48505,-0.02,-0.99
48528,-0.38,-10.25
48549,0.22,6.68
48572,0.10,2.05
48593,-0.40,-10.91
48616,0.17,4.56
48637,0.19,4.56
48659,-0.38,-10.52
48681,0.11,3.51
48703,0.29,7.47
48726,-0.33,-8.93
48747,-0.00,0.46
48770,0.35,9.33
48791,-0.23,-6.81
48814,-0.14,-3.24
48835,0.38,10.25
48858,-0.20,-5.49
48879,-0.22,-5.49
48902,0.34,9.46
48923,-0.15,-4.56
48945,-0.33,-8.27
48967,0.31,8.53
48989,-0.03,-1.26
49011,-0.37,-9.99
49033,0.24,6.94
49055,0.08,1.65
49077,-0.41,-11.04
49096,-0.12,-2.71
49119,0.37,9.99
49140,-0.21,-5.89
49163,-0.22,-5.36
49184,0.34,9.33
49207,-0.16,-4.70
49228,-0.33,-8.27
49251,0.32,8.66
49272,-0.03,-1.39
49295,-0.37,-9.85
49316,0.24,7.08
49339,0.08,1.65
49360,-0.41,-11.04
49382,0.15,4.30
49404,0.18,4.30
49426,-0.37,-10.38
49448,0.13,3.90
49470,0.28,7.08
49492,-0.34,-9.33
49529,-0.26,-6.55
49552,0.37,10.12
49573,-0.20,-5.49
49596,-0.24,-6.02
49617,0.34,9.33
49640,-0.12,-4.03
49661,-0.34,-8.93
49684,0.30,8.27
49705,-0.01,-0.86
49725,-0.33,-9.06
49747,-0.04,-0.46
49769,0.35,9.46
49792,-0.23,-6.55
49813,-0.15,-3.51
49836,0.38,10.38
49857,-0.20,-5.62
49880,-0.24,-6.02
49901,0.34,9.33
49924,-0.13,-4.03
49945,-0.33,-8.66
49968,0.30,8.40
49989,-0.02,-1.12
50011,-0.38,-10.25
50033,0.24,7.08
50055,0.09,1.65
50077,-0.41,-10.91
50099,0.14,4.17
50121,0.17,4.30
50143,-0.38,-10.38
50165,0.12,3.64
50187,0.27,6.81
50209,-0.35,-9.59
50231,0.05,1.65
50252,0.34,9.19
50275,-0.26,-7.34
50296,-0.12,-2.71
50319,0.38,10.25
50347,-0.16,-3.77
50369,0.36,9.85
50391,-0.20,-5.49
50412,-0.24,-6.02
50435,0.34,9.33
50456,-0.14,-4.30
50479,-0.34,-8.80
50500,0.31,8.53
50523,-0.02,-1.12
50544,-0.38,-10.12
50567,0.24,6.94
50588,0.07,1.26
50611,-0.40,-10.78
50632,0.18,5.09
50655,0.16,4.03
50676,-0.38,-10.65
50699,0.13,3.64
50720,0.26,6.42
50743,-0.36,-9.72
50764,0.04,1.65
50787,0.33,8.53
50808,-0.29,-8.13
50830,-0.08,-1.39
50852,0.37,9.85
50874,-0.21,-6.02
50896,-0.17,-4.17
50918,0.37,10.25
50940,-0.19,-5.36
50966,0.16,4.56
50988,0.16,4.03
51010,-0.38,-10.38
51032,0.13,4.03
51054,0.25,6.15
51076,-0.36,-9.99
51098,0.02,1.12
51120,0.32,8.53
51141,-0.29,-8.13
51164,-0.03,-0.07
51185,0.38,9.99
51208,-0.19,-5.49
51229,-0.17,-4.17
51252,0.38,10.38
51273,-0.19,-5.36
51296,-0.26,-6.42
51317,0.33,9.33
51340,-0.13,-4.17
51361,-0.35,-9.06
51390,-0.17,-4.96
51424,-0.19,-5.62
51445,-0.30,-7.47
51468,0.32,8.66
51489,-0.08,-2.58
51512,-0.36,-9.72
51533,0.28,7.87
51555,0.04,0.46
51577,-0.40,-10.65
51603,0.34,9.06
51624,-0.26,-7.47
51647,-0.12,-2.58
51668,0.37,10.12
51691,-0.20,-5.62
51713,-0.20,-4.96
51735,0.36,9.85
51757,-0.16,-4.83
51779,-0.31,-7.74
51801,0.31,8.53
51822,-0.07,-2.45
51845,-0.37,-9.85
51867,0.26,7.47
51889,0.04,0.60
51910,-0.41,-10.91
51933,0.17,5.09
51954,0.14,3.37
51977,-0.40,-11.04
51998,0.14,3.90
52021,0.23,5.62
52042,-0.34,-9.59
52065,0.08,2.45
52086,0.33,8.66
52109,-0.30,-8.53
52130,-0.06,-1.12
52153,0.36,9.59
52174,-0.22,-6.28
52196,-0.15,-3.64
52221,0.06,0.99
52244,-0.41,-11.04
52265,0.16,4.43
52288,0.15,3.64
52310,-0.39,-10.78
52332,0.14,4.17
52354,0.25,6.28
52376,-0.35,-9.72
52398,0.04,1.52
52419,0.33,8.80
52442,-0.29,-8.27
52463,-0.06,-0.86
52486,0.37,9.85
52507,-0.21,-6.02
52530,-0.19,-4.56
52551,0.36,9.85
52574,-0.18,-5.22
52595,-0.28,-7.08
52618,0.33,9.06
52639,-0.08,-2.84
52662,-0.36,-9.59
52683,0.28,7.61
52705,0.03,0.20
52727,-0.40,-10.78
52749,0.18,5.22
52771,0.13,3.24
52793,-0.39,-10.78
52815,0.15,4.17
52841,-0.21,-5.89
52862,-0.20,-4.96
52885,0.35,9.85
52907,-0.17,-4.83
52929,-0.30,-7.47
52951,0.32,8.80
52973,-0.07,-2.45
52995,-0.37,-9.99
53017,0.26,7.34
53039,0.04,0.46
53060,-0.41,-11.04
53083,0.16,4.83
53104,0.13,3.24
53127,-0.40,-10.91
53148,0.16,4.56
53171,0.22,5.36
53192,-0.36,-9.99
53215,0.08,2.71
53236,0.32,8.40
53264,0.01,0.86
53301,0.32,8.80
53322,-0.11,-3.51
53345,-0.37,-9.59
53366,0.27,7.61
53389,0.01,-0.46
53410,-0.40,-10.65
53433,0.20,5.89
53454,0.12,2.71
53477,-0.40,-11.18
53502,0.35,9.46
53524,-0.22,-6.15
53547,-0.19,-4.56
53568,0.36,9.85
53590,-0.19,-5.49
53612,-0.29,-7.34
53635,0.32,8.80
53656,-0.10,-3.11
53678,-0.36,-9.59
53700,0.28,7.74
53722,0.01,-0.33
53744,-0.39,-10.65
53766,0.20,5.89
53788,0.11,2.45
53810,-0.40,-10.91
53832,0.16,4.43
53854,0.19,4.56
53876,-0.38,-10.38
53898,0.10,3.24
53920,0.28,7.21
53942,-0.35,-9.85
53964,-0.01,0.33
53986,0.34,9.06
54008,-0.24,-6.94
54030,-0.11,-2.45
54052,0.37,9.99
54074,-0.21,-5.62
54095,-0.21,-5.22
54121,0.10,2.05
54144,-0.42,-11.57
54165,0.14,3.90
54188,0.20,4.96
54209,-0.36,-9.99
54232,0.10,3.11
54253,0.32,8.13
54275,-0.32,-8.93
54297,-0.05,-0.73
54320,0.35,9.33
54341,-0.24,-7.08
54363,-0.14,-3.37
54385,0.37,9.85
54407,-0.20,-5.62
54429,-0.23,-5.75
54451,0.34,9.59
54473,-0.14,-4.30
54495,-0.33,-8.53
54517,0.31,8.66
54539,-0.04,-1.52
54561,-0.38,-10.38
54583,0.22,6.42
54605,0.05,0.86
54627,-0.42,-11.31
54649,0.16,4.70
54671,0.15,3.77
54693,-0.39,-10.78
54715,0.14,4.17
54818,0.31,8.53
54921,0.10,2.18
54943,-0.41,-11.31
54965,0.11,3.11
54987,0.26,6.55
55009,-0.36,-9.99
55031,0.04,1.52
55053,0.33,8.80
55074,-0.27,-7.74
55097,-0.11,-2.45
55118,0.38,10.12
55141,-0.20,-5.62
55162,-0.19,-4.70
55185,0.36,9.99
55206,-0.18,-5.09
55229,-0.30,-7.74
55250,0.31,8.66
55273,-0.06,-2.31
55294,-0.38,-10.25
55332,0.14,3.77
55355,0.08,1.52
55376,-0.41,-11.18
55399,0.16,4.56
55420,0.18,4.43
55443,-0.38,-10.38
55464,0.12,3.77
55487,0.29,7.21
55508,-0.34,-9.46
55544,-0.38,-10.12
55567,0.26,7.47
55588,0.06,0.86
55611,-0.41,-11.18
55632,0.17,4.96
55655,0.16,3.77
55676,-0.39,-10.65
55699,0.14,4.17
55720,0.26,6.42
55742,-0.34,-9.59
55764,0.07,2.31
55786,0.34,9.19
55809,-0.28,-7.87
55830,-0.09,-1.79
55853,0.39,10.25
55874,-0.22,-6.28
55897,-0.18,-4.43
55918,0.36,9.85
55941,-0.19,-5.22
55962,-0.27,-6.94
55985,0.33,9.06
56006,-0.09,-2.98
56029,-0.35,-9.46
56050,0.29,8.27
56073,0.02,0.07
56094,-0.39,-10.52
56116,0.18,5.36
56138,0.12,2.84
56164,-0.09,-1.52
56185,0.38,10.25
56208,-0.20,-5.62
56229,-0.20,-4.83
56252,0.35,9.85
56273,-0.17,-4.83
56296,-0.30,-7.61
56317,0.33,8.93
56339,-0.06,-2.05
56361,-0.37,-9.99
56383,0.25,7.34
56406,0.06,1.12
56427,-0.41,-11.04
56450,0.16,4.43
56471,0.17,4.03
56494,-0.39,-10.65
56515,0.13,4.03
56538,0.28,6.94
56559,-0.34,-9.46
56581,0.01,0.86
56603,0.33,8.93
56625,-0.26,-7.47
56647,-0.11,-2.18
56669,0.37,10.12
56691,-0.20,-5.75
56713,-0.20,-5.09
56735,0.35,9.59
56757,-0.15,-4.56
56779,-0.33,-8.27
56804,0.21,5.22
56826,-0.36,-9.85
56848,0.09,2.84
56870,0.32,8.40
56892,-0.32,-8.80
56914,-0.04,-0.46
56936,0.36,9.59
56958,-0.22,-6.28
56980,-0.16,-3.64
57003,0.37,10.25
57024,-0.19,-5.22
57047,-0.24,-5.89
57068,0.34,9.59
57090,-0.12,-3.90
57112,-0.34,-8.80
57134,0.30,8.40
57156,-0.01,-0.99
57184,0.27,7.61
57217,0.22,6.68
57239,0.05,0.60
57261,-0.41,-11.04
57283,0.16,4.96
57306,0.11,2.58
57327,-0.41,-11.04
57350,0.16,4.56
57371,0.16,3.90
57394,-0.39,-10.65
57416,0.13,3.64
57442,-0.22,-6.02
57463,-0.17,-4.17
57486,0.37,9.99
57507,-0.20,-5.36
57530,-0.22,-5.62
57552,0.35,9.72
57574,-0.18,-5.36
57596,-0.27,-6.81
57618,0.34,9.33
57640,-0.14,-4.43
57662,-0.33,-8.40
57684,0.32,8.80
57707,-0.09,-2.84
57729,-0.36,-9.46
57751,0.29,8.13
57773,-0.03,-1.26
57795,-0.37,-9.99
57818,0.25,7.21
57839,0.04,0.33
57862,-0.40,-10.65
57883,0.19,5.62
57906,0.09,1.92
57927,-0.41,-10.91
57950,0.17,4.83
57972,0.14,3.37
57994,-0.41,-11.31
58016,0.13,3.64
58038,0.18,4.56
58063,-0.16,-3.77
58086,0.38,10.25
58108,-0.19,-5.49
58130,-0.20,-4.96
58152,0.36,9.85
58174,-0.20,-5.49
58196,-0.25,-6.28
58219,0.33,9.33
58241,-0.16,-4.56
58263,-0.30,-7.61
58285,0.33,9.06
58307,-0.10,-3.11
58330,-0.34,-9.06
58351,0.30,8.40
58374,-0.05,-1.92
58395,-0.38,-10.12
58418,0.27,7.61
58440,0.00,-0.46
58462,-0.39,-10.38
58484,0.22,6.55
58506,0.06,0.86
58528,-0.41,-10.91
58551,0.18,5.36
58572,0.13,3.11
58595,-0.40,-11.04
58616,0.17,4.70
58639,0.17,4.03
58660,-0.39,-10.78
58687,0.37,9.85
58708,-0.20,-5.62
58731,-0.18,-4.43
58753,0.37,10.25
58775,-0.20,-5.49
58798,-0.21,-5.36
58819,0.36,9.85
58842,-0.19,-5.49
58863,-0.27,-6.68
58886,0.33,9.19
58907,-0.14,-4.30
58930,-0.32,-8.27
58952,0.31,8.66
58974,-0.09,-2.98
58996,-0.36,-9.46
59019,0.30,8.40
59040,-0.02,-1.12
59068,0.29,8.00
59102,0.25,7.34
59123,0.06,0.86
59145,-0.41,-10.91
59167,0.17,4.96
59190,0.13,3.11
59211,-0.40,-11.04
59234,0.15,4.03
59255,0.21,5.22
59278,-0.37,-10.25
59299,0.11,3.37
59325,-0.20,-5.36
59347,-0.24,-6.02
59369,0.33,9.19
59392,-0.16,-4.96
59414,-0.32,-7.87
59436,0.32,8.66
59458,-0.11,-3.51
59480,-0.35,-9.19
59502,0.30,8.27
59524,-0.04,-1.65
59546,-0.37,-9.85
59569,0.26,7.34
59590,0.01,-0.33
59613,-0.41,-10.91
59634,0.19,5.75
59657,0.08,1.39
59679,-0.41,-10.91
59701,0.16,4.56
59723,0.13,3.11
59745,-0.40,-11.04
59767,0.13,3.51
59790,0.17,4.30
59811,-0.40,-10.91
59834,0.13,3.51
59855,0.22,5.49
59878,-0.36,-9.99
59900,0.11,3.37
59922,0.31,8.00
59948,-0.28,-6.94
59970,0.33,9.19
59992,-0.14,-4.30
60014,-0.33,-8.66
60036,0.29,8.00
60058,-0.08,-2.58
60080,-0.38,-9.99
60102,0.29,8.13
60125,-0.00,-0.60
60146,-0.38,-10.12
60169,0.25,7.21
60190,0.06,0.99
60213,-0.41,-10.91
60235,0.16,4.70
60257,0.11,2.58
60279,-0.42,-11.31
60301,0.13,3.77
60323,0.16,4.03
60345,-0.39,-10.78
60367,0.14,4.17
60390,0.22,5.49
60411,-0.37,-10.25
60434,0.11,3.37
60456,0.27,6.68
60478,-0.35,-9.72
60500,0.05,2.05
60522,0.33,8.66
60545,-0.32,-8.93
60566,-0.05,-0.60
60603,0.23,6.68
60624,0.04,0.46
60647,-0.40,-10.78
60668,0.18,5.36
60691,0.10,2.05
60712,-0.41,-11.18
60735,0.15,4.43
60758,0.14,3.37
60779,-0.41,-11.18
60802,0.14,3.64
60824,0.18,4.56
60846,-0.38,-10.52
60868,0.12,3.77
60890,0.26,6.55
60912,-0.34,-9.46
60934,0.05,1.92
60973,0.34,9.06
60995,-0.31,-8.80
61017,-0.06,-0.73
61039,0.36,9.59
61061,-0.22,-6.15
61083,-0.17,-4.17
61105,0.36,9.99
61126,-0.20,-5.49
61149,-0.28,-7.08
61170,0.32,8.66
61193,-0.11,-3.51
61214,-0.36,-9.59
61240,0.29,7.21
61262,-0.34,-9.33
61284,-0.00,0.46
61306,0.33,8.93
61328,-0.25,-7.21
61350,-0.11,-2.18
61372,0.38,10.25
61394,-0.21,-5.75
61416,-0.21,-5.36
61438,0.34,9.46
61460,-0.17,-4.83
61483,-0.32,-8.13
61504,0.31,8.53
61527,-0.06,-2.05
61548,-0.38,-10.12
61571,0.25,7.34
61592,0.06,0.86
61614,-0.40,-10.65
61636,0.16,4.43
61658,0.16,3.90
61680,-0.37,-10.38
61702,0.13,3.90
61724,0.27,6.68
61746,-0.35,-9.72
61768,0.07,2.18
61790,0.33,9.06
61812,-0.26,-7.47
61834,-0.13,-2.98
61859,0.02,0.07
61881,-0.40,-10.65
61903,0.18,5.36
61925,0.13,3.11
61947,-0.39,-10.78
61969,0.14,4.03
61991,0.23,5.75
62013,-0.36,-9.99
62035,0.05,1.92
62057,0.33,8.53
62080,-0.29,-8.13
62101,-0.09,-1.79
62124,0.36,9.72
62145,-0.21,-5.89
62168,-0.19,-4.70
62189,0.36,9.99
62211,-0.19,-5.36
62233,-0.30,-7.34
62256,0.32,8.66
62277,-0.08,-2.58
62299,-0.37,-9.99
62321,0.27,7.61
62343,0.05,0.73
62365,-0.39,-10.65
62387,0.17,4.83
62409,0.15,3.77
62431,-0.38,-10.65
62453,0.13,3.90
62475,0.26,6.42
62494,-0.17,-4.96
62517,-0.32,-8.27
62538,0.30,8.27
62561,-0.06,-2.18
62582,-0.38,-10.25
62605,0.25,7.34
62626,0.06,0.99
62649,-0.41,-10.91
62670,0.17,4.70
62693,0.16,3.90
62714,-0.38,-10.38
62737,0.13,3.90
62758,0.26,6.68
62781,-0.34,-9.59
62802,0.04,1.65
62830,-0.32,-9.06
62863,-0.25,-7.08
62885,-0.17,-4.03
62907,0.36,9.99
62928,-0.19,-5.22
62951,-0.25,-6.28
62972,0.33,9.06
62995,-0.11,-3.64
63016,-0.35,-9.33
63039,0.29,8.00
63060,0.00,-0.46
63083,-0.40,-10.65
63105,0.17,5.09
63130,-0.28,-7.87
63153,-0.09,-1.52
63174,0.37,9.99
63196,-0.20,-5.62
63218,-0.21,-5.22
63241,0.34,9.59
63262,-0.16,-4.83
63284,-0.33,-8.13
63306,0.31,8.40
63328,-0.05,-1.92
63350,-0.38,-10.12
63373,0.26,7.34
63394,0.05,0.86
63416,-0.41,-10.91
63438,0.16,4.70
63460,0.16,3.90
63482,-0.38,-10.52
63504,0.13,3.77
63526,0.26,6.55
63548,-0.34,-9.59
63570,0.05,1.79
63592,0.34,9.06
63614,-0.25,-7.21
63636,-0.12,-2.84
63659,0.36,9.85
63680,-0.21,-5.62
63703,-0.22,-5.49
63724,0.35,9.59
63750,-0.40,-10.91
63771,0.15,4.17
63794,0.22,5.49
63815,-0.36,-9.99
63838,0.06,2.18
63859,0.33,8.66
63882,-0.29,-8.13
63903,-0.08,-1.39
63926,0.36,9.59
63947,-0.21,-5.89
63970,-0.18,-4.30
63991,0.35,9.72
64013,-0.18,-5.09
64035,-0.30,-7.47
64057,0.33,8.93
64079,-0.09,-2.98
64101,-0.38,-9.85
64123,0.26,7.34
64145,0.04,0.60
64167,-0.41,-10.91
64189,0.15,4.43
64211,0.15,3.77
64233,-0.38,-10.52
64256,0.13,3.77
64277,0.26,6.55
64300,-0.35,-9.59
64321,0.01,0.73
64344,0.33,8.66
64368,-0.37,-9.72
64391,0.28,7.74
64412,0.03,0.20
64435,-0.40,-10.65
64456,0.17,5.09
64479,0.14,3.37
64500,-0.40,-11.18
64523,0.15,4.30
64544,0.23,5.89
64566,-0.36,-9.99
64588,0.08,2.58
64610,0.33,8.93
64632,-0.29,-8.13
64654,-0.09,-1.65
64676,0.37,9.72
64704,-0.14,-3.37
64737,-0.20,-4.83
64759,0.35,9.59
64781,-0.19,-5.36
64803,-0.31,-7.61
64825,0.31,8.53
64846,-0.07,-2.45
64869,-0.38,-10.12
64891,0.27,7.61
64913,0.05,0.60
64934,-0.42,-11.18
64957,0.17,5.09
64978,0.17,4.03
65001,-0.39,-10.78
65020,-0.21,-5.09
65043,0.36,10.12
65064,-0.18,-5.22
65087,-0.29,-7.34
65108,0.34,9.46
65131,-0.09,-2.98
65153,-0.38,-10.12
65175,0.28,7.87
65197,0.01,-0.33
65219,-0.43,-11.44
65241,0.20,5.89
65263,0.13,2.98
65285,-0.43,-11.71
65307,0.18,4.96
65329,0.23,5.62
65351,-0.38,-10.52
65373,0.11,3.24
65395,0.32,8.00
65417,-0.35,-9.85
65439,-0.02,0.07
65461,0.37,9.99
65483,-0.25,-7.34
65505,-0.15,-3.51
65527,0.41,10.91
65549,-0.20,-5.62
65571,-0.22,-5.62
65593,0.37,10.38
65629,0.27,6.81
65651,-0.37,-10.38
65673,0.05,2.05
65695,0.34,9.19
65717,-0.33,-9.46
65739,-0.09,-1.79
65761,0.39,10.38
65783,-0.23,-6.68
65805,-0.17,-4.17
65827,0.41,11.18
65849,-0.20,-5.49
65871,-0.26,-6.42
65893,0.37,10.12
65915,-0.15,-4.70
65937,-0.35,-8.93
65959,0.33,9.19
65981,-0.04,-1.79
66003,-0.41,-11.04
66025,0.28,8.00
66048,0.08,1.52
66069,-0.43,-11.71
66092,0.20,5.75
66113,0.17,4.17
66136,-0.42,-11.57
66157,0.15,4.17
66180,0.28,6.94
66201,-0.39,-10.65
66224,0.07,2.31
66249,-0.15,-4.43
66271,-0.37,-9.46
66293,0.34,9.33
66315,-0.02,-1.26
66337,-0.41,-10.91
66359,0.28,8.00
66381,0.08,1.65
66403,-0.46,-12.24
66425,0.18,5.09
66447,0.19,4.56
66469,-0.43,-11.97
66491,0.15,4.43
66513,0.28,7.08
66535,-0.39,-10.78
66557,0.05,1.92
66585,-0.39,-10.78
66618,-0.36,-10.12
66640,-0.00,0.60
66662,0.39,10.52
66684,-0.30,-8.66
66706,-0.15,-3.37
66728,0.42,11.31
66750,-0.23,-6.55
66772,-0.24,-5.89
66794,0.40,11.18
66817,-0.18,-5.36
66839,-0.33,-8.27
66861,0.37,10.25
66886,-0.44,-12.10
66908,0.13,4.03
66930,0.32,8.00
66952,-0.39,-10.78
66974,0.01,0.86
66996,0.39,10.12
67018,-0.33,-9.33
67040,-0.06,-0.86
67062,0.42,11.31
67084,-0.25,-7.08
67106,-0.21,-5.09
67129,0.43,11.57
67150,-0.21,-6.02
67173,-0.29,-7.34
67194,0.39,10.91
67217,-0.14,-4.30
67238,-0.37,-9.46
67261,0.36,10.12
67282,-0.05,-1.92
67305,-0.43,-11.57
67326,0.30,8.40
67349,0.06,0.86
67371,-0.47,-12.63
67393,0.20,5.89
67415,0.18,4.30
67437,-0.45,-12.37
67459,0.16,4.56
67481,0.29,7.21
67507,-0.28,-6.94
67528,0.38,10.65
67551,-0.17,-5.09
67572,-0.38,-9.59
67595,0.36,10.12
67616,-0.05,-2.05
67639,-0.43,-11.31
67660,0.32,9.19
67683,0.06,0.86
67704,-0.46,-12.37
67727,0.21,6.28
67748,0.16,3.90
67771,-0.47,-13.03
67792,0.12,3.64
67815,0.27,6.68
67836,-0.42,-11.57
67859,0.08,2.71
67880,0.36,9.59
67903,-0.35,-9.85
67924,-0.05,-0.60
67947,0.42,11.18
67969,-0.27,-8.00
67991,-0.18,-4.17
68013,0.44,11.84
68035,-0.21,-6.02
68057,-0.26,-6.42
68079,0.41,11.31
68101,-0.17,-5.09
68126,0.15,4.17
68149,0.24,6.15
68170,-0.43,-11.84
68193,0.10,3.11
68214,0.35,8.93
68237,-0.38,-10.52
68258,-0.03,-0.07
68281,0.40,10.65
68302,-0.32,-9.06
68325,-0.13,-2.98
68346,0.42,11.31
68369,-0.25,-7.21
68390,-0.22,-5.49
68413,0.42,11.57
68435,-0.20,-5.62
68463,0.43,11.71
68496,0.38,10.52
68517,-0.10,-3.24
68540,-0.41,-10.52
68561,0.35,9.85
68584,0.00,-0.60
68605,-0.45,-12.10
68628,0.24,7.08
68649,0.13,2.98
68672,-0.49,-13.16
68694,0.18,5.09
68716,0.24,5.89
68738,-0.43,-11.84
68763,0.42,11.57
68786,-0.20,-5.62
68807,-0.30,-7.47
68830,0.38,10.52
68851,-0.14,-4.30
68874,-0.39,-10.12
68895,0.36,9.85
68918,-0.04,-1.52
68939,-0.43,-11.44
68962,0.30,8.66
68983,0.06,0.99
69006,-0.49,-13.03
69027,0.20,5.75
69050,0.18,4.43
69071,-0.46,-12.63
69094,0.16,4.70
69115,0.27,6.68
69138,-0.41,-11.31
69159,0.08,2.71
69182,0.37,9.72
69203,-0.35,-9.99
69226,-0.06,-0.86
69248,0.41,10.91
69270,-0.28,-8.13
69292,-0.17,-4.03
69314,0.43,11.57
69336,-0.22,-6.28
69358,-0.25,-6.28
69384,0.15,3.37
69405,-0.48,-13.03
69428,0.15,4.43
69449,0.23,5.75
69472,-0.45,-12.50
69493,0.09,3.11
69516,0.35,9.19
69537,-0.38,-10.65
69560,0.00,0.73
69581,0.41,10.91
69604,-0.29,-8.40
69625,-0.15,-3.51
69648,0.44,11.71
69669,-0.23,-6.55
69692,-0.25,-6.15
69713,0.41,11.31
69736,-0.21,-5.89
69757,-0.33,-8.40
69780,0.40,11.04
69803,-0.11,-3.51
69824,-0.40,-10.25
69847,0.36,10.12
69868,-0.03,-1.52
69891,-0.45,-11.97
69912,0.30,8.40
69935,0.07,0.99
69956,-0.49,-13.29
69982,0.41,10.91
70004,-0.31,-8.80
70026,-0.14,-3.11
70048,0.45,11.84
70070,-0.23,-6.55
70092,-0.23,-5.75
70114,0.42,11.57
70136,-0.21,-5.89
70158,-0.33,-8.13
70180,0.39,10.65
70202,-0.12,-4.03
70224,-0.40,-10.25
70247,0.37,10.12
70268,-0.04,-1.65
70291,-0.44,-11.71
70312,0.30,8.53
70340,-0.47,-12.37
70373,-0.50,-13.43
70395,0.18,5.49
70418,0.16,4.03
70439,-0.47,-13.03
70462,0.15,4.30
70483,0.29,7.34
70505,-0.41,-11.57
70528,0.08,2.71
70549,0.38,9.85
70572,-0.37,-10.38
70594,-0.05,-0.60
70629,0.26,7.61
70651,0.12,2.45
70673,-0.49,-13.29
70695,0.19,5.36
70717,0.20,5.22
70739,-0.46,-12.50
70762,0.12,3.64
70784,0.29,7.34
70806,-0.42,-11.44
70828,0.06,2.18
70850,0.37,9.85
70872,-0.38,-10.52
70894,-0.07,-0.99
70916,0.41,10.91
70938,-0.30,-8.66
70960,-0.15,-3.37
70982,0.44,11.71
71004,-0.24,-6.94
71026,-0.23,-5.62
71049,0.43,11.71
71070,-0.22,-6.15
71093,-0.29,-7.34
71114,0.40,10.91
71137,-0.15,-4.70
71158,-0.37,-9.59
71181,0.37,10.25
71202,-0.06,-2.31
71225,-0.44,-11.44
71250,0.32,8.00
71272,-0.42,-11.71
71294,0.02,1.26
71316,0.38,10.25
71339,-0.36,-10.25
71361,-0.08,-1.39
71383,0.41,10.91
71405,-0.30,-8.66
71427,-0.15,-3.51
71449,0.44,11.71
71471,-0.23,-6.55
71493,-0.24,-5.89
71516,0.42,11.71
71537,-0.21,-5.89
71560,-0.30,-7.61
71581,0.39,10.91
71604,-0.15,-4.56
71625,-0.39,-10.12
71648,0.36,10.12
71670,-0.07,-2.45
71692,-0.43,-11.31
71714,0.34,9.72
71736,0.02,-0.20
71758,-0.47,-12.50
71780,0.25,7.34
71802,0.12,2.58
71824,-0.49,-13.16
71849,0.42,11.18
71872,-0.28,-8.13
71894,-0.17,-3.90
71916,0.45,12.10
71938,-0.23,-6.28
71960,-0.26,-6.55
71982,0.42,11.57
72004,-0.19,-5.36
72026,-0.34,-8.66
72048,0.38,10.52
72071,-0.11,-3.77
72092,-0.42,-10.91
72115,0.35,9.85
72136,-0.01,-1.12
72159,-0.47,-12.50
72180,0.30,8.66
72203,0.11,2.05
72241,-0.51,-13.95
72263,0.22,6.55
72286,0.15,3.51
72307,-0.52,-13.95
72330,0.15,4.30
72351,0.25,6.28
72374,-0.46,-12.63
72396,0.11,3.51
72418,0.36,9.06
72439,-0.41,-11.44
72462,-0.01,0.46
72487,-0.11,-3.64
72509,-0.44,-11.44
72531,0.35,9.85
72553,-0.01,-0.99
72576,-0.48,-12.90
72598,0.30,8.53
72620,0.09,1.79
72641,-0.51,-13.56
72664,0.20,6.02
72686,0.20,4.96
72708,-0.50,-13.69
72730,0.15,4.56
72752,0.29,7.34
72774,-0.46,-12.50
72796,0.09,2.71
72818,0.39,10.12
72840,-0.41,-11.44
72862,-0.00,0.60
72884,0.42,11.31
72906,-0.34,-9.85
72928,-0.14,-3.11
72950,0.47,12.37
72972,-0.25,-7.21
72994,-0.22,-5.36
73017,0.47,12.63
73038,-0.21,-6.02
73061,-0.30,-7.61
73082,0.43,11.84
73108,-0.51,-13.95
73131,0.18,4.96
73152,0.27,6.81
73175,-0.47,-13.03
73196,0.11,3.37
73219,0.36,9.33
73240,-0.41,-11.44
73263,0.01,1.12
73284,0.43,11.44
73307,-0.36,-10.12
73328,-0.09,-1.65
73351,0.45,12.10
73373,-0.30,-8.53
73395,-0.19,-4.56
73417,0.47,12.76
73439,-0.24,-6.81
73461,-0.28,-6.94
73483,0.44,12.24
73505,-0.20,-5.75
73527,-0.35,-8.93
73549,0.41,11.57
73572,-0.11,-3.77
73593,-0.42,-10.78
73616,0.40,11.18
73637,-0.05,-2.05
73660,-0.48,-12.90
73681,0.34,9.59
73707,-0.43,-12.10
73730,0.04,1.65
73751,0.43,11.44
73774,-0.36,-10.38
73796,-0.09,-1.92
73818,0.44,11.97
73840,-0.31,-9.06
73862,-0.17,-3.90
73884,0.47,12.50
73906,-0.25,-6.94
73928,-0.27,-6.81
73950,0.46,12.50
73972,-0.21,-5.89
73994,-0.34,-8.66
74016,0.41,11.57
74039,-0.14,-4.43
74060,-0.41,-10.65
74083,0.38,10.78
74121,0.09,1.65
74143,-0.49,-13.16
74166,0.32,8.93
74187,0.08,1.26
74209,-0.52,-13.95
74231,0.19,5.75
74254,0.18,4.30
74275,-0.52,-14.22
74298,0.17,4.83
74319,0.28,6.94
74345,-0.28,-6.94
74366,0.44,12.24
74389,-0.19,-5.62
74411,-0.36,-9.19
74433,0.41,11.44
74456,-0.11,-3.64
74477,-0.44,-11.31
74500,0.38,10.78
74521,-0.04,-2.05
74544,-0.48,-12.90
74565,0.32,9.19
74588,0.07,1.12
74609,-0.52,-13.69
74632,0.22,6.68
74653,0.17,4.17
74676,-0.51,-13.95
74698,0.17,4.96
74720,0.26,6.42
74742,-0.49,-13.56
74764,0.11,3.51
74786,0.35,8.93
74808,-0.43,-11.97
74830,0.05,1.79
74852,0.43,11.44
74874,-0.37,-10.52
74896,-0.04,-0.46
74918,0.45,12.10
74940,-0.32,-9.19
75063,-0.26,-6.55
75141,-0.32,-9.06
75162,-0.24,-5.62
75185,0.45,12.24
75206,-0.24,-6.81
75229,-0.30,-7.61
75250,0.43,12.10
75273,-0.20,-5.75
75295,-0.37,-9.72
75317,0.41,11.44
75339,-0.11,-3.90
75361,-0.44,-11.44
75383,0.38,10.65
75405,-0.04,-1.92
75427,-0.47,-12.50
75450,0.33,9.46
75471,0.02,0.07
75494,-0.51,-13.43
75515,0.27,7.74
75538,0.14,3.11
75559,-0.52,-14.09
75582,0.17,4.96
75603,0.22,5.62
75626,-0.50,-13.69
75648,0.14,4.30
75670,0.32,8.00
75692,-0.45,-12.24
75714,0.06,2.31
75750,0.36,10.12
75772,-0.02,-1.39
75794,-0.49,-12.90
75816,0.33,9.33
75838,0.06,0.86
75860,-0.52,-13.82
75882,0.22,6.68
75905,0.16,3.90
75926,-0.52,-13.95
75949,0.18,5.09
75971,0.26,6.28
75993,-0.49,-13.56
76015,0.13,3.90
76037,0.33,8.53
76059,-0.44,-11.97
76081,0.05,2.05
76103,0.40,10.38
76125,-0.40,-11.18
76167,0.36,10.25
76189,-0.12,-4.03
76212,-0.46,-11.71
76233,0.36,10.25
76256,-0.06,-2.31
76278,-0.48,-12.63
76300,0.34,9.85
76322,0.03,0.33
76344,-0.50,-13.43
76366,0.25,7.47
76392,-0.38,-10.65
76413,-0.04,-0.33
76436,0.45,11.97
76457,-0.32,-9.19
76480,-0.17,-3.90
76503,0.46,12.37
76524,-0.26,-7.47
76547,-0.25,-6.28
76568,0.47,12.63
76591,-0.22,-6.28
76612,-0.31,-7.74
76635,0.43,11.84
76657,-0.19,-5.49
76679,-0.38,-9.59
76701,0.40,11.18
76723,-0.11,-3.51
76745,-0.45,-11.71
76767,0.36,10.12
76789,-0.05,-2.05
76812,-0.48,-12.63
76833,0.33,9.33
76856,0.03,0.20
76877,-0.53,-14.22
76900,0.24,7.21
76921,0.14,3.24
76944,-0.52,-13.95
76965,0.18,5.22
76991,-0.30,-8.66
77014,-0.21,-5.09
77035,0.47,12.76
77058,-0.25,-6.94
77080,-0.28,-6.94
77102,0.46,12.76
77124,-0.20,-5.89
77146,-0.33,-8.53
77168,0.41,11.31
77190,-0.15,-4.70
77212,-0.41,-10.38
77235,0.40,11.04
77256,-0.09,-2.98
77279,-0.46,-11.97
77300,0.37,10.38
77323,-0.02,-1.26
77345,-0.48,-12.76
77367,0.33,9.46
77389,0.04,0.60
77411,-0.52,-13.82
77433,0.25,7.34
77455,0.15,3.51
77477,-0.52,-13.95
77499,0.18,5.22
77521,0.22,5.49
77543,-0.49,-13.56
77565,0.15,4.43
77588,0.32,8.13
77613,-0.31,-7.74
77635,0.43,11.84
77658,-0.18,-5.36
77679,-0.36,-9.06
77702,0.41,11.44
77723,-0.11,-3.77
77746,-0.44,-11.44
77767,0.39,10.78
77790,-0.05,-2.05
77812,-0.48,-12.76
77834,0.33,9.46
77856,0.03,0.20
77878,-0.51,-13.43
77900,0.26,7.47
77922,0.14,3.24
77944,-0.53,-14.35
77966,0.19,5.62
77988,0.23,5.49
78010,-0.49,-13.43
78049,0.07,2.45
78071,0.23,5.75
78094,-0.50,-13.82
78116,0.15,4.30
78138,0.27,6.68
78160,-0.48,-13.29
78183,0.13,4.17
78204,0.30,7.47
78227,-0.47,-13.03
78253,0.46,12.63
78275,-0.23,-6.68
78297,-0.27,-6.68
78319,0.47,13.03
78342,-0.23,-6.55
78363,-0.28,-7.08
78386,0.47,12.90
78408,-0.23,-6.42
78430,-0.29,-7.08
78452,0.45,12.37
78475,-0.22,-6.28
78496,-0.30,-7.61
78519,0.45,12.50
78541,-0.21,-6.02
78564,-0.31,-7.74
78585,0.46,12.63
78608,-0.21,-6.02
78630,-0.33,-8.27
78652,0.43,11.84
78674,-0.21,-5.89
78697,-0.32,-8.27
78718,0.44,12.24
78741,-0.19,-5.62
78764,-0.33,-8.27
78785,0.42,11.84
78808,-0.20,-5.75
78830,-0.34,-8.53
78856,0.19,4.70
78878,-0.52,-14.09
78900,0.19,5.62
78922,0.21,5.22
78945,-0.52,-14.09
78966,0.17,4.96
78989,0.22,5.49
79011,-0.52,-14.35
79033,0.17,4.96
79055,0.26,6.42
79078,-0.49,-13.56
79099,0.16,4.43
79122,0.25,6.42
79144,-0.49,-13.43
79166,0.15,4.30
79188,0.29,7.34
79211,-0.46,-12.90
79233,0.14,4.17
79255,0.33,8.40
79278,-0.46,-12.76
79299,0.10,3.11
79322,0.33,8.40
79344,-0.44,-12.10
79366,0.09,2.98
79388,0.35,9.19
79411,-0.46,-12.63
79432,0.04,2.05
79455,0.39,10.12
79477,-0.44,-12.24
79503,0.43,12.10
79525,-0.20,-5.62
79547,-0.31,-7.74
79569,0.42,11.71
79592,-0.20,-5.75
79613,-0.32,-8.13
79636,0.43,11.84
79659,-0.19,-5.62
79680,-0.33,-8.53
79703,0.46,12.63
79725,-0.18,-5.49
79747,-0.35,-8.93
79769,0.41,11.44
79792,-0.19,-5.49
79814,-0.36,-9.19
79836,0.43,11.84
79858,-0.17,-5.09
79881,-0.37,-9.33
79902,0.43,11.84
79941,0.02,-0.20
79964,-0.43,-11.31
79985,0.37,10.52
80008,-0.06,-2.31
80030,-0.47,-12.24
80052,0.36,10.12
80074,-0.04,-1.79
80097,-0.49,-13.03
80122,0.35,8.80
80144,-0.46,-12.63
80166,0.09,2.98
80189,0.37,9.33
80210,-0.44,-12.10
80233,0.06,2.18
80256,0.39,9.99
80277,-0.43,-11.97
80300,0.01,1.12
80321,0.42,11.18
80344,-0.41,-11.57
80366,-0.01,0.33
80389,0.42,11.04
80410,-0.41,-11.57
80433,-0.01,0.46
80455,0.42,11.04
80477,-0.39,-10.91
80499,-0.03,-0.07
80522,0.41,11.04
80544,-0.39,-10.91
80566,-0.03,-0.07
80588,0.40,10.52
80611,-0.41,-11.57
80633,-0.03,-0.07
80655,0.41,10.78
80677,-0.41,-11.44
80700,-0.02,0.33
80721,0.41,10.65
80758,-0.04,-1.65
80780,-0.46,-12.24
80802,0.36,10.25
80825,-0.05,-2.18
80847,-0.47,-12.24
80869,0.37,10.38
80891,-0.07,-2.58
80914,-0.45,-11.71
80936,0.38,10.65
80958,-0.10,-3.24
80980,-0.43,-11.18
81003,0.39,10.65
81026,-0.12,-4.03
81047,-0.42,-10.78
81070,0.41,11.18
81092,-0.13,-4.17
81115,-0.41,-10.38
81136,0.41,11.31
81159,-0.15,-4.56
81181,-0.39,-9.99
81203,0.39,10.91
81225,-0.16,-4.83
81248,-0.39,-9.85
81270,0.40,11.18
81292,-0.15,-4.70
81314,-0.40,-10.25
81337,0.42,11.57
81362,-0.51,-13.95
81385,0.16,4.83
81406,0.20,4.96
81429,-0.51,-13.82
81452,0.16,4.70
81473,0.21,5.22
81496,-0.51,-13.95
81518,0.17,4.96
81541,0.24,6.15
81562,-0.50,-13.69
81585,0.14,4.03
81607,0.25,6.28
81629,-0.48,-13.43
81651,0.15,4.43
81674,0.27,6.81
81695,-0.48,-13.29
81718,0.13,4.03
81740,0.31,7.87
81762,-0.46,-12.50
81784,0.10,3.37
81812,-0.50,-13.82
81846,-0.47,-13.03
81867,0.10,3.24
81890,0.37,9.46
81911,-0.43,-12.10
81934,-0.01,0.46
81955,0.41,10.91
81978,-0.37,-10.65
82003,0.38,10.78
82026,-0.07,-2.45
82048,-0.46,-12.24
82070,0.36,10.25
82092,-0.00,-0.73
82114,-0.50,-13.29
82137,0.31,8.93
82158,0.09,1.65
82180,-0.52,-13.95
82202,0.23,6.68
82225,0.17,4.03
82246,-0.51,-13.82
82269,0.18,5.09
82290,0.25,6.42
82313,-0.48,-13.16
82334,0.14,4.03
82357,0.33,8.27
82378,-0.44,-12.24
82401,0.05,2.05
82423,0.39,10.25
82445,-0.41,-11.44
82467,-0.02,0.20
82489,0.43,11.57
82511,-0.37,-10.38
82534,-0.09,-1.65
82555,0.46,12.24
82578,-0.31,-8.93
82599,-0.16,-3.77
82625,0.01,-0.46
82648,-0.50,-13.29
82670,0.29,8.27
82692,0.11,2.18
82714,-0.52,-13.82
82736,0.22,6.42
82758,0.19,4.56
82780,-0.51,-14.09
82802,0.16,4.56
82824,0.26,6.55
82846,-0.47,-12.90
82868,0.11,3.77
82890,0.35,8.80
82912,-0.44,-12.10
82934,0.03,1.52
82957,0.42,11.04
82978,-0.38,-10.78
83001,-0.07,-1.12
83022,0.42,11.31
83045,-0.34,-9.72
83067,-0.14,-2.98
83089,0.46,12.24
83111,-0.28,-8.13
83133,-0.21,-4.96
83155,0.48,13.03
83177,-0.24,-6.68
83200,-0.28,-6.94
83225,0.14,3.24
83247,-0.52,-13.82
83269,0.18,5.22
83292,0.22,5.36
83313,-0.50,-13.82
83336,0.16,4.56
83357,0.30,7.47
83380,-0.47,-12.90
83401,0.09,2.98
83424,0.37,9.59
83445,-0.41,-11.44
83468,0.00,0.86
83490,0.42,11.04
83512,-0.36,-10.38
83534,-0.08,-1.39
83556,0.44,11.57
83578,-0.33,-9.33
83601,-0.16,-3.64
83622,0.46,12.10
83645,-0.27,-7.61
83666,-0.21,-5.09
83695,-0.33,-9.59
83728,-0.25,-7.21
83750,-0.25,-6.28
83772,0.46,12.63
83794,-0.22,-6.42
83816,-0.32,-8.00
83838,0.42,11.44
83864,-0.51,-14.09
83886,0.17,4.96
83908,0.25,6.15
83930,-0.48,-13.43
83952,0.12,3.51
83975,0.33,8.40
83996,-0.43,-11.97
84019,0.06,2.18
84040,0.40,10.52
84063,-0.41,-11.44
84084,-0.03,-0.20
84107,0.43,11.44
84129,-0.38,-10.65
84151,-0.09,-1.79
84173,0.44,11.71
84195,-0.33,-9.59
84217,-0.14,-2.98
84240,0.46,12.24
84261,-0.28,-8.13
84284,-0.22,-5.22
84305,0.47,12.63
84328,-0.24,-6.68
84350,-0.26,-6.42
84372,0.46,12.90
84395,-0.22,-6.15
84416,-0.32,-8.00
84439,0.43,11.97
84461,-0.17,-5.22
84487,0.16,4.70
84508,0.25,6.15
84531,-0.47,-13.03
84552,0.14,4.17
84575,0.32,8.00
84596,-0.44,-12.10
84619,0.06,2.31
84640,0.40,10.38
84663,-0.41,-11.57
84685,-0.03,-0.07
84707,0.43,11.44
84729,-0.36,-10.25
84751,-0.08,-1.26
84773,0.44,11.71
84796,-0.34,-9.72
84817,-0.13,-2.84
84840,0.47,12.37
84861,-0.29,-8.40
84884,-0.22,-5.36
84907,0.46,12.50
84928,-0.23,-6.55
84951,-0.26,-6.55
84972,0.46,12.63
84995,-0.22,-6.15
85016,-0.33,-8.40
85039,0.43,11.71
85061,-0.16,-4.96
85087,0.15,4.43
85108,0.25,6.15
85131,-0.48,-13.16
85152,0.14,4.17
85175,0.32,8.00
85196,-0.46,-12.63
85219,0.08,2.58
85241,0.39,9.99
85263,-0.41,-11.44
85285,0.02,1.26
85307,0.42,11.31
85329,-0.38,-10.91
85352,-0.02,0.20
85373,0.44,11.84
85396,-0.35,-10.12
85419,-0.12,-2.58
85440,0.43,11.57
85463,-0.31,-9.06
85484,-0.16,-3.64
85507,0.46,12.37
85529,-0.28,-8.13
85551,-0.20,-4.96
85579,-0.35,-10.12
85611,-0.14,-4.43
85633,-0.42,-10.78
85655,0.38,10.78
85678,-0.08,-2.98
85699,-0.45,-11.84
85735,-0.03,0.07
85757,0.43,11.44
85779,-0.37,-10.78
85801,-0.08,-1.39
85824,0.44,11.57
85846,-0.33,-9.59
85868,-0.12,-2.31
85891,0.46,12.24
85912,-0.28,-8.13
85935,-0.20,-4.83
85956,0.48,12.90
85979,-0.24,-6.94
86001,-0.27,-6.68
86023,0.45,12.37
86045,-0.22,-6.15
86067,-0.31,-7.74
86089,0.43,11.97
86112,-0.19,-5.75
86133,-0.35,-8.80
86156,0.42,11.57
86177,-0.14,-4.43
86200,-0.40,-10.38
86222,0.38,10.65
86244,-0.10,-3.37
86266,-0.43,-11.31
86289,0.38,10.38
86310,-0.06,-2.18
86336,0.11,3.64
86359,0.35,9.06
86380,-0.43,-11.84
86403,0.04,1.65
86424,0.40,10.52
86447,-0.40,-11.31
86469,-0.03,0.07
86491,0.43,11.57
86513,-0.36,-10.25
86535,-0.08,-1.39
86557,0.44,11.84
86580,-0.33,-9.59
86601,-0.14,-3.11
86624,0.44,11.71
86645,-0.29,-8.40
86668,-0.19,-4.70
86690,0.47,12.63
86712,-0.25,-7.08
86734,-0.25,-6.15
86756,0.47,12.76
86778,-0.22,-6.15
86801,-0.29,-7.34
86822,0.45,12.50
86845,-0.21,-6.02
86866,-0.33,-8.53
86889,0.42,11.57
86912,-0.17,-5.09
86933,-0.39,-9.99
86959,0.25,6.28
86981,-0.48,-13.29
87003,0.14,4.03
87025,0.31,7.61
87047,-0.45,-12.50
87069,0.09,2.84
87092,0.39,10.12
87113,-0.42,-11.71
87136,-0.00,0.60
87157,0.41,10.91
87180,-0.40,-11.18
87202,-0.01,0.20
87224,0.43,11.44
87246,-0.35,-10.12
87268,-0.10,-2.05
87290,0.45,11.97
87313,-0.32,-9.19
87334,-0.16,-3.77
87357,0.44,11.97
87378,-0.27,-7.61
87401,-0.21,-4.96
87424,0.45,12.24
87445,-0.25,-6.94
87485,-0.22,-5.09
87507,0.42,11.31
87529,-0.34,-9.72
87552,-0.13,-2.71
87574,0.46,12.24
87593,0.03,0.33
87615,-0.51,-13.56
87638,0.27,7.87
87660,0.13,2.71
87682,-0.53,-14.09
87704,0.20,6.02
87726,0.19,4.70
87748,-0.50,-13.82
87770,0.15,4.30
87792,0.25,6.42
87814,-0.47,-13.03
87836,0.12,3.51
87859,0.34,8.53
87880,-0.45,-12.50
87903,0.06,2.05
87924,0.40,10.25
87947,-0.41,-11.57
87969,-0.01,0.46
87991,0.42,11.04
88013,-0.38,-10.78
88035,-0.08,-1.39
88057,0.44,11.84
88080,-0.34,-9.72
88101,-0.14,-3.11
88124,0.44,11.84
88145,-0.29,-8.53
88168,-0.19,-4.70
88194,0.04,0.33
88215,-0.51,-13.56
88238,0.26,7.61
88260,0.12,2.58
88282,-0.52,-13.95
88304,0.21,6.28
88326,0.20,4.70
88348,-0.51,-13.95
88371,0.17,4.83
88392,0.25,6.42
88415,-0.47,-13.03
88436,0.14,4.17
88459,0.30,7.61
88480,-0.45,-12.37
88503,0.09,2.71
88524,0.38,9.85
88547,-0.42,-11.57
88569,0.04,1.52
88591,0.43,11.44
88613,-0.37,-10.52
88635,-0.02,0.07
88657,0.44,11.71
88680,-0.33,-9.72
88701,-0.10,-1.79
88724,0.45,12.10
88745,-0.28,-8.13
88768,-0.19,-4.30
88790,0.48,12.76
88812,-0.24,-6.94
88838,0.26,7.74
88860,0.12,2.58
88882,-0.51,-13.69
88904,0.19,5.75
88926,0.19,4.43
88948,-0.51,-13.82
88971,0.17,4.70
88992,0.25,6.28
89015,-0.48,-13.29
89036,0.13,3.90
89059,0.31,7.87
89080,-0.44,-12.10
89103,0.09,2.84
89124,0.37,9.59
89147,-0.41,-11.57
89169,0.03,1.52
89191,0.42,11.18
89213,-0.39,-10.91
89235,-0.06,-0.86
89257,0.42,11.31
89280,-0.35,-10.25
89302,-0.10,-1.79
89324,0.45,11.97
89352,-0.07,-0.99
89385,-0.12,-2.45
89407,0.44,11.84
89430,-0.32,-9.33
89451,-0.18,-4.03
89472,0.29,8.27
89493,0.09,1.65
89516,-0.51,-13.56
89537,0.22,6.55
89560,0.17,4.03
89581,-0.51,-13.82
89604,0.16,4.83
89626,0.24,5.89
89648,-0.48,-13.29
89670,0.14,4.03
89692,0.31,7.74
89714,-0.45,-12.37
89736,0.08,2.71
89758,0.37,9.59
89780,-0.42,-11.57
89802,0.01,0.99
89825,0.42,11.31
89846,-0.36,-10.25
89869,-0.05,-0.60
89890,0.43,11.31
89913,-0.35,-10.12
89935,-0.11,-2.31
89957,0.45,11.97
89979,-0.31,-8.93
90002,-0.17,-4.03
90023,0.46,12.24
90046,-0.25,-7.47
90072,0.29,8.40
90093,0.10,1.79
90116,-0.51,-13.82
90137,0.21,6.28
90160,0.17,4.03
90181,-0.51,-13.82
90204,0.19,5.49
90226,0.22,5.62
90248,-0.49,-13.43
90270,0.13,3.64
90292,0.29,7.34
90314,-0.45,-12.63
90337,0.10,2.98
90358,0.34,8.66
90380,-0.40,-11.18
90402,0.05,1.92
90425,0.39,10.38
90446,-0.37,-10.38
90469,-0.02,0.20
90490,0.43,11.44
90513,-0.37,-10.38
90535,-0.08,-1.39
90557,0.43,11.57
90579,-0.32,-9.19
90602,-0.14,-3.24
90624,0.45,11.97
90646,-0.28,-8.13
90668,-0.20,-4.70
90703,0.19,5.62
90726,0.21,5.09
90747,-0.49,-13.43
90770,0.15,4.30
90792,0.24,6.02
90814,-0.47,-12.90
90836,0.13,4.03
90858,0.32,8.00
90881,-0.45,-12.37
90903,0.08,2.71
90925,0.39,10.12
90947,-0.42,-11.57
90970,0.03,1.52
90991,0.39,10.25
91014,-0.39,-11.04
91035,-0.02,0.07
91058,0.41,10.78
91080,-0.39,-11.04
91102,-0.05,-0.46
91124,0.43,11.71
91147,-0.34,-9.85
91168,-0.09,-1.79
91191,0.45,11.97
91212,-0.32,-9.33
91241,0.43,11.44
91273,0.42,11.84
91295,-0.19,-5.62
91317,-0.36,-9.06
91342,0.23,5.49
91365,-0.50,-13.95
91386,0.15,4.43
91409,0.27,6.81
91430,-0.47,-12.76
91453,0.11,3.37
91475,0.33,8.53
91497,-0.45,-12.50
91520,0.06,2.18
91541,0.38,9.99
91564,-0.42,-11.44
91586,-0.00,0.60
91608,0.42,11.04
91630,-0.37,-10.52
91652,-0.05,-0.60
91674,0.44,11.71
91697,-0.35,-9.99
91718,-0.06,-0.73
91741,0.43,11.31
91762,-0.31,-8.93
91785,-0.14,-3.24
91807,0.44,11.71
91829,-0.28,-8.27
91851,-0.19,-4.56
91874,0.47,12.63
91895,-0.25,-7.34
91918,-0.24,-5.89
91939,0.47,12.63
91965,-0.51,-13.56
91987,0.24,7.34
92010,0.12,2.58
92032,-0.52,-13.82
92054,0.21,6.28
92076,0.18,4.43
92098,-0.52,-14.22
92121,0.17,4.96
92142,0.24,5.89
92165,-0.49,-13.56
92186,0.15,4.56
92209,0.29,7.21
92231,-0.46,-12.63
92253,0.12,3.77
92275,0.34,8.66
92297,-0.44,-11.97
92319,0.08,2.58
92341,0.40,10.52
92363,-0.41,-11.57
92386,0.02,0.99
92407,0.42,11.04
92430,-0.38,-10.78
92452,-0.05,-0.60
92474,0.43,11.31
92496,-0.36,-10.38
92519,-0.07,-1.26
92540,0.44,11.84
92563,-0.35,-10.12
92589,0.37,10.38
92611,-0.05,-2.05
92633,-0.47,-12.37
92655,0.36,10.25
92677,-0.03,-1.52
92699,-0.47,-12.50
92722,0.36,9.99
92743,0.02,-0.20
92766,-0.50,-13.29
92788,0.28,8.13
92810,0.07,1.26
92832,-0.51,-13.56
92854,0.25,7.47
92876,0.14,3.24
92898,-0.52,-13.95
92920,0.20,5.89
92943,0.20,4.96
92964,-0.50,-13.69
92987,0.18,5.09
93008,0.24,6.02
93031,-0.48,-13.16
93053,0.15,4.43
93075,0.30,7.47
93097,-0.46,-12.37
93126,0.13,3.11
93160,0.11,2.58
93181,-0.51,-13.82
93204,0.21,6.02
93230,-0.33,-9.59
93251,-0.13,-2.98
93274,0.45,11.97
93296,-0.30,-8.80
93318,-0.19,-4.43
93340,0.46,12.37
93362,-0.25,-7.34
93384,-0.22,-5.22
93407,0.46,12.63
93428,-0.24,-6.81
93451,-0.27,-6.68
93472,0.46,12.50
93495,-0.21,-5.89
93517,-0.30,-7.61
93539,0.44,12.10
93561,-0.20,-5.75
93584,-0.34,-8.53
93605,0.43,11.84
93628,-0.16,-4.83
93649,-0.38,-9.72
93672,0.39,10.78
93694,-0.13,-4.17
93716,-0.41,-10.38
93739,0.39,10.65
93761,-0.09,-3.24
93783,-0.43,-10.91
93805,0.40,11.04
93831,-0.47,-13.03
93853,0.12,3.77
93875,0.31,7.74
93897,-0.45,-12.37
93919,0.09,2.98
93941,0.38,9.72
93963,-0.42,-11.84
93985,0.05,1.79
94008,0.41,10.78
94029,-0.39,-11.04
94052,-0.02,0.33
94074,0.43,11.44
94096,-0.37,-10.78
94118,-0.07,-1.12
94140,0.43,11.44
94162,-0.35,-10.12
94185,-0.04,-0.33
94206,0.44,11.57
94229,-0.33,-9.59
94252,-0.09,-1.65
94273,0.46,12.24
94296,-0.30,-8.80
94318,-0.18,-4.17
94340,0.46,12.10
94362,-0.26,-7.74
94384,-0.20,-4.96
94406,0.46,12.50
94429,-0.24,-6.68
94454,0.26,7.47
94476,0.13,2.98
94498,-0.52,-13.82
94520,0.20,6.02
94542,0.18,4.30
94564,-0.51,-13.82
94586,0.16,4.56
94609,0.23,5.62
94630,-0.49,-13.56
94653,0.17,4.83
94674,0.30,7.34
94697,-0.47,-12.90
94720,0.11,3.37
94741,0.33,8.40
94764,-0.44,-12.50
94785,0.05,2.05
94808,0.40,10.38
94830,-0.41,-11.57
94852,0.02,1.12
94874,0.42,11.04
94896,-0.38,-10.65
94918,-0.03,-0.33
94941,0.42,11.31
94962,-0.37,-10.65
94985,-0.05,-0.73
95012,-0.41,-11.44
95050,-0.36,-9.33
95072,0.42,11.71
95194,-0.21,-6.55
95271,0.35,10.12
95294,-0.18,-5.49
95316,-0.42,-10.91
95338,0.38,10.52
95361,-0.14,-4.30
95383,-0.43,-11.04
95405,0.39,10.65
95427,-0.11,-3.64
95450,-0.44,-11.44
95471,0.40,10.91
95494,-0.08,-2.84
95516,-0.45,-11.71
95538,0.38,10.52
95560,-0.06,-2.45
95583,-0.45,-11.84
95604,0.35,9.85
95627,-0.03,-1.52
95648,-0.48,-12.63
95671,0.35,9.85
95693,0.01,-0.33
95715,-0.49,-13.03
95737,0.31,8.80
95759,0.07,1.39
95781,-0.49,-13.16
95804,0.26,7.61
95825,0.13,2.98
95861,-0.26,-7.34
95884,-0.24,-5.89
95906,0.47,12.76
95928,-0.23,-6.55
95950,-0.26,-6.55
95972,0.44,12.24
95994,-0.22,-6.28
96017,-0.29,-7.21
96038,0.45,12.37
96061,-0.20,-5.89
96083,-0.32,-8.13
96105,0.44,12.24
96128,-0.17,-5.09
96150,-0.35,-9.06
96172,0.41,11.18
96194,-0.14,-4.56
96216,-0.38,-9.85
96238,0.40,10.91
96261,-0.11,-3.64
96282,-0.42,-10.91
96305,0.39,10.65
96327,-0.09,-2.98
96349,-0.43,-11.18
96371,0.37,10.38
96394,-0.07,-2.58
96415,-0.46,-11.97
96438,0.36,10.25
96460,-0.04,-1.79
96486,0.11,3.37
96507,0.35,9.06
96530,-0.43,-11.84
96551,0.04,1.65
96574,0.40,10.38
96596,-0.41,-11.44
96618,0.00,0.86
96641,0.42,10.91
96662,-0.39,-10.91
96685,-0.03,-0.20
96707,0.44,11.71
96729,-0.36,-10.25
96751,-0.07,-1.12
96774,0.43,11.57
96795,-0.34,-9.85
96818,-0.11,-2.45
96840,0.45,11.97
96862,-0.31,-9.06
96884,-0.17,-3.90
96906,0.45,12.10
96928,-0.27,-8.00
96951,-0.20,-4.56
96972,0.47,12.63
96995,-0.24,-7.08
97017,-0.25,-6.02
97039,0.48,12.90
97071,0.25,7.47
97107,0.38,10.12
97129,-0.41,-11.57
97152,-0.01,0.46
97174,0.42,11.31
97196,-0.38,-10.65
97218,-0.06,-0.73
97241,0.43,11.44
97262,-0.36,-10.52
97285,-0.03,-0.33
97307,0.45,11.84
97329,-0.33,-9.46
97351,-0.13,-2.84
97373,0.45,12.10
97395,-0.29,-8.40
97418,-0.18,-4.30
97439,0.46,12.24
97462,-0.27,-7.87
97484,-0.23,-5.62
97506,0.47,12.63
97528,-0.24,-6.81
97550,-0.25,-6.28
97572,0.45,12.37
97595,-0.22,-6.42
97616,-0.29,-7.21
97639,0.44,12.24
97661,-0.21,-6.02
97683,-0.32,-8.13
97705,0.44,12.10
97731,-0.53,-14.22
97754,0.16,4.70
97775,0.21,5.09
97798,-0.50,-13.69
97819,0.16,4.56
97842,0.27,6.68
97863,-0.48,-13.43
97886,0.12,3.90
97908,0.33,8.27
97930,-0.44,-12.24
97952,0.08,2.71
97974,0.37,9.46
97996,-0.42,-11.71
98019,0.01,0.99
98040,0.41,10.91
98063,-0.39,-11.18
98084,-0.05,-0.86
98107,0.43,11.44
98129,-0.37,-10.65
98151,-0.06,-0.86
98173,0.43,11.57
98196,-0.34,-9.72
98217,-0.09,-1.65
98240,0.45,11.97
98263,-0.31,-8.93
98284,-0.16,-3.77
98307,0.46,12.24
98328,-0.27,-8.00
98354,0.31,8.66
98376,0.07,1.26
98398,-0.51,-13.43
98420,0.24,7.34
98443,0.14,3.11
98464,-0.52,-13.82
98487,0.20,6.02
98509,0.20,4.70
98531,-0.50,-13.69
98553,0.17,4.70
98575,0.23,5.62
98597,-0.49,-13.56
98620,0.14,4.30
98641,0.28,7.21
98664,-0.47,-12.90
98685,0.12,3.77
98708,0.35,9.06
98729,-0.43,-11.97
98752,0.07,2.45
98775,0.38,9.85
98796,-0.41,-11.31
98819,0.03,1.39
98840,0.41,10.78
98863,-0.38,-10.78
98885,-0.05,-0.46
98907,0.43,11.44
98929,-0.35,-10.12
98958,0.40,10.52
98995,-0.22,-6.28
99017,-0.32,-8.13
99039,0.43,11.97
99061,-0.22,-6.02
99084,-0.28,-7.08
99106,0.46,12.50
99128,-0.22,-6.15
99150,-0.27,-6.68
99173,0.46,12.50
99195,-0.24,-6.68
99217,-0.25,-6.28
99239,0.45,12.24
99262,-0.25,-7.08
99284,-0.22,-5.36
99306,0.47,12.63
99329,-0.26,-7.47
99351,-0.20,-4.70
99374,0.47,12.50
99395,-0.29,-8.27
99418,-0.18,-4.30
99440,0.44,11.84
99463,-0.31,-8.93
99484,-0.14,-3.11
99507,0.44,11.71
99529,-0.33,-9.59
99552,-0.07,-0.99
99573,0.44,11.84
99600,-0.43,-11.18
99621,0.37,10.52
99644,-0.14,-4.56
99666,-0.40,-10.25
99689,0.42,11.57
99712,-0.17,-5.22
99733,-0.34,-8.53
99756,0.43,11.97
99778,-0.19,-5.49
99801,-0.32,-8.13
99822,0.43,11.84
99845,-0.22,-6.15
99867,-0.30,-7.47
99890,0.45,12.24
99911,-0.22,-6.15
99934,-0.27,-6.81
99956,0.46,12.76
99979,-0.23,-6.68
100000,-0.25,-6.28
100023,0.46,12.24
100045,-0.25,-7.21
100068,-0.21,-4.96
100090,0.45,12.10
100112,-0.30,-8.53
100134,-0.16,-3.77
100157,0.47,12.37
100179,-0.32,-9.19
100205,0.38,10.52
100228,-0.08,-2.84
100249,-0.42,-10.91
100272,0.39,10.78
100294,-0.16,-4.96
100317,-0.37,-9.46
100339,0.42,11.57
100362,-0.19,-5.62
100383,-0.32,-8.13
100406,0.44,12.24
100428,-0.22,-6.15
100451,-0.28,-6.94
100473,0.45,12.37
100495,-0.24,-6.81
100517,-0.25,-6.02
100540,0.47,12.63
100562,-0.25,-7.21
100584,-0.19,-4.56
100606,0.45,12.24
100629,-0.30,-8.66
100652,-0.14,-2.98
100674,0.45,11.97
100696,-0.35,-10.12
100718,-0.05,-0.46
100741,0.44,11.57
100763,-0.38,-10.65
100799,-0.45,-11.97
100822,0.37,10.38
100850,-0.39,-9.85
100883,-0.39,-10.12
100905,0.41,11.31
100928,-0.17,-5.22
100951,-0.37,-9.46
100972,0.41,11.44
100995,-0.18,-5.36
101017,-0.33,-8.40
101040,0.43,11.84
101061,-0.20,-5.62
101084,-0.31,-7.87
101106,0.45,12.50
101129,-0.22,-6.28
101151,-0.27,-6.68
101173,0.45,12.24
101195,-0.25,-7.08
101218,-0.22,-5.49
101240,0.46,12.37
101262,-0.27,-7.87
101284,-0.19,-4.43
101307,0.46,12.37
101329,-0.31,-8.93
101352,-0.12,-2.71
101374,0.44,11.57
101400,-0.43,-11.18
101423,0.40,11.18
101444,-0.15,-4.83
101467,-0.35,-8.80
101489,0.43,11.84
101512,-0.20,-5.75
101534,-0.30,-7.61
101557,0.46,12.50
101578,-0.23,-6.55
101601,-0.26,-6.55
101623,0.47,12.63
101646,-0.24,-6.94
101668,-0.20,-4.70
101690,0.46,12.24
101712,-0.29,-8.53
101735,-0.14,-2.98
101757,0.44,11.97
101780,-0.35,-10.25
101803,-0.05,-0.73
101824,0.41,11.04
101847,-0.40,-11.18
101869,0.03,1.26
101892,0.39,10.12
101914,-0.43,-11.71
101937,0.09,2.98
101958,0.35,8.93
101984,-0.28,-7.08
102006,0.46,12.63
102029,-0.22,-6.28
102051,-0.22,-5.49
102074,0.47,12.50
102095,-0.27,-7.74
102118,-0.18,-4.17
102140,0.46,12.24
102163,-0.32,-9.33
102185,-0.11,-2.45
102208,0.44,11.71
102230,-0.37,-10.65
102252,-0.05,-0.73
102275,0.41,10.78
102297,-0.41,-11.57
102320,0.03,1.52
102341,0.39,9.99
102364,-0.43,-11.84
102386,0.07,2.58
102409,0.36,9.19
102431,-0.46,-12.63
102453,0.09,2.98
102475,0.32,8.13
102498,-0.46,-12.50
102520,0.12,3.51
102542,0.29,7.21
102568,-0.23,-5.75
102590,0.46,12.24
102612,-0.26,-7.61
102635,-0.21,-4.96
102658,0.46,12.24
102680,-0.29,-8.40
102702,-0.13,-3.11
102724,0.45,12.10
102753,-0.09,-1.79
102785,-0.26,-6.42
102807,0.47,12.76
102829,-0.23,-6.28
102851,-0.27,-6.81
102874,0.45,12.37
102896,-0.23,-6.28
102918,-0.28,-7.08
102940,0.44,12.24
102963,-0.21,-6.02
102984,-0.30,-7.47
103007,0.46,12.76
103029,-0.19,-5.62
103051,-0.32,-8.00
103073,0.43,11.97
103096,-0.19,-5.62
103117,-0.33,-8.13
103140,0.43,11.84
103165,-0.51,-13.82
103188,0.20,5.89
103209,0.21,5.22
103232,-0.52,-14.09
103255,0.15,4.43
103276,0.24,6.02
103299,-0.48,-13.29
103321,0.14,4.17
103343,0.27,6.55
103365,-0.48,-13.16
103388,0.12,3.64
103409,0.28,7.21
103432,-0.48,-13.16
103454,0.12,3.64
103476,0.32,8.00
103498,-0.45,-12.37
103521,0.11,3.37
103542,0.35,8.93
103565,-0.44,-12.24
103587,0.08,2.45
103609,0.38,9.85
103631,-0.41,-11.57
103653,0.03,1.65
103675,0.39,10.25
103698,-0.42,-11.71
103720,0.01,1.12
103742,0.41,10.65
103768,-0.38,-9.72
103790,0.41,11.31
103812,-0.13,-4.03
103834,-0.38,-9.85
103857,0.40,11.18
103878,-0.12,-3.90
103901,-0.41,-10.65
103923,0.39,11.04
103946,-0.11,-3.77
103967,-0.42,-10.78
103990,0.39,11.04
104012,-0.11,-3.64
104034,-0.41,-10.38
104056,0.40,11.04
104079,-0.11,-3.77
104101,-0.42,-10.78
104123,0.40,11.18
104145,-0.11,-3.77
104168,-0.43,-11.04
104189,0.37,10.38
104212,-0.11,-3.51
104235,-0.41,-10.65
104257,0.40,11.18
104279,-0.11,-3.64
104301,-0.42,-10.78
104324,0.40,11.04
104349,-0.49,-13.56
104372,0.14,4.17
104393,0.26,6.55
104416,-0.46,-12.76
104438,0.14,4.17
104460,0.31,7.74
104482,-0.46,-12.63
104505,0.11,3.51
104526,0.33,8.27
104549,-0.45,-12.50
104570,0.09,2.84
104593,0.36,9.19
104615,-0.44,-12.10
104644,0.25,6.28
104677,0.22,5.49
104699,-0.50,-13.69
104722,0.13,3.77
104743,0.26,6.55
104766,-0.47,-13.03
104788,0.14,4.03
104810,0.29,7.21
104833,-0.47,-12.90
104855,0.11,3.37
104877,0.34,8.53
104899,-0.46,-12.50
104921,0.08,2.84
104943,0.37,9.59
104969,-0.33,-8.53
104991,0.43,11.84
105013,-0.18,-5.22
105035,-0.35,-8.80
105058,0.42,11.57
105079,-0.18,-5.36
105102,-0.35,-8.93
105124,0.42,11.57
105147,-0.17,-5.22
105168,-0.34,-8.66
105191,0.42,11.57
105213,-0.16,-4.96
105235,-0.37,-9.33
105257,0.41,11.44
105280,-0.16,-4.96
105303,-0.36,-9.06
105324,0.42,11.71
105347,-0.16,-4.96
105369,-0.37,-9.59
105391,0.40,11.04
105413,-0.16,-4.83
105436,-0.37,-9.46
105458,0.41,11.44
105480,-0.15,-4.70
105502,-0.38,-9.72
105525,0.40,11.04
105561,0.35,8.80
105582,-0.43,-11.84
105605,0.09,2.71
105627,0.38,9.85
105649,-0.42,-11.71
105671,0.05,2.05
105694,0.40,10.52
105716,-0.41,-11.44
105738,0.03,1.52
105760,0.41,10.78
105783,-0.40,-11.18
105804,0.03,1.52
105827,0.42,11.04
105849,-0.40,-11.18
105872,-0.01,0.46
105893,0.41,10.78
105916,-0.39,-11.04
105938,-0.02,0.07
105960,0.40,10.65
105982,-0.39,-11.04
106005,0.04,1.26
106027,0.43,11.44
106049,-0.37,-10.52
106072,0.02,1.12
106094,0.44,11.57
106116,-0.38,-10.78
106141,0.38,10.78
106164,-0.13,-4.17
106186,-0.40,-10.38
106209,0.40,11.18
106230,-0.13,-4.17
106253,-0.40,-10.25
106275,0.41,11.44
106297,-0.13,-4.30
106319,-0.39,-9.99
106342,0.39,10.78
106364,-0.13,-4.17
106386,-0.39,-10.12
106408,0.41,11.31
106431,-0.14,-4.43
106454,-0.39,-9.99
106475,0.40,11.31
106498,-0.12,-4.03
106520,-0.41,-10.65
106558,0.36,10.12
106582,-0.16,-4.83
106603,-0.39,-9.99
106626,0.41,11.44
106648,-0.12,-4.03
106670,-0.39,-9.85
106692,0.39,10.78
106715,-0.12,-3.90
106740,0.15,4.30
106762,0.29,7.47
106784,-0.48,-13.29
106807,0.12,3.77
106828,0.33,8.27
106851,-0.46,-12.90
106873,0.10,2.98
106895,0.35,9.06
106917,-0.44,-12.10
106940,0.07,2.31
106961,0.38,9.99
106984,-0.42,-11.97
107006,0.01,1.12
107028,0.39,10.25
107051,-0.43,-11.97
107073,0.04,1.65
107095,0.41,10.65
107117,-0.42,-11.57
107140,0.01,0.99
107161,0.41,10.65
107184,-0.40,-11.18
107206,-0.01,0.33
107229,0.41,11.04
107250,-0.42,-11.44
107273,-0.02,0.07
107295,0.41,11.04
107317,-0.38,-10.65
107343,0.40,11.31
107365,-0.13,-4.30
107387,-0.41,-10.65
107410,0.40,11.04
107431,-0.13,-4.17
107454,-0.41,-10.52
107476,0.42,11.57
107499,-0.13,-4.30
107521,-0.40,-10.25
107543,0.39,10.91
107566,-0.14,-4.43
107588,-0.40,-10.38
107610,0.40,11.31
107632,-0.14,-4.56
107655,-0.42,-10.65
107677,0.41,11.31
107699,-0.14,-4.30
107721,-0.40,-10.12
107744,0.40,11.18
107765,-0.14,-4.56
107788,-0.41,-10.38
107810,0.40,11.18
107833,-0.15,-4.56
107854,-0.40,-10.38
107877,0.40,11.18
107899,-0.15,-4.70
107919,-0.49,-13.69
107941,0.14,4.17
107964,0.27,6.81
107985,-0.48,-13.16
108008,0.14,4.17
108030,0.31,7.87
108052,-0.47,-12.90
108075,0.10,3.37
108097,0.35,8.80
108119,-0.45,-12.50
108141,0.08,2.45
108164,0.36,9.46
108185,-0.43,-12.10
108208,0.01,1.12
108230,0.40,10.38
108252,-0.42,-11.71
108274,0.00,0.73
108297,0.42,11.18
108318,-0.41,-11.44
108341,-0.02,0.20
108363,0.42,11.04
108385,-0.40,-11.31
108407,-0.04,-0.33
108436,-0.45,-12.37
108468,-0.33,-9.33
108490,-0.13,-2.71
108516,-0.03,-1.65
108538,-0.48,-12.90
108561,0.33,9.33
108582,-0.01,-0.99
108605,-0.49,-13.16
108627,0.34,9.72
108649,0.03,0.20
108672,-0.50,-13.43
108694,0.30,8.66
108716,0.08,1.39
108738,-0.53,-14.09
108761,0.24,7.08
108782,0.12,2.58
108805,-0.52,-13.82
108827,0.22,6.55
108849,0.16,3.64
108871,-0.52,-13.95
108894,0.20,6.02
108915,0.20,4.70
108938,-0.53,-14.22
108960,0.18,5.09
108982,0.22,5.22
109004,-0.51,-13.82
109027,0.17,4.83
109048,0.25,6.15
109071,-0.50,-13.69
109093,0.14,4.17
109113,0.47,12.76
109135,-0.23,-6.55
109157,-0.28,-7.08
109179,0.46,12.63
109202,-0.21,-6.02
109224,-0.28,-6.94
109246,0.46,12.63
109268,-0.22,-6.28
109291,-0.31,-7.87
109313,0.45,12.24
109335,-0.21,-6.02
109358,-0.32,-8.13
109379,0.45,12.37
109402,-0.19,-5.62
109424,-0.33,-8.27
109447,0.43,11.97
109468,-0.20,-5.89
109491,-0.35,-8.66
109513,0.42,11.71
109535,-0.18,-5.36
109557,-0.35,-9.06
109580,0.43,11.71
109601,-0.16,-4.96
109624,-0.36,-9.33
109646,0.40,11.04
109669,-0.16,-4.96
109694,0.16,4.56
109716,0.25,6.15
109739,-0.50,-13.69
109761,0.15,4.43
109783,0.29,7.34
109805,-0.47,-13.03
109828,0.11,3.37
109849,0.30,7.61
109872,-0.47,-12.76
109894,0.12,3.64
109916,0.34,8.80
109938,-0.45,-12.24
109961,0.07,2.58
109982,0.37,9.72
110005,-0.43,-11.84
110027,0.04,1.79
110049,0.39,10.12
110071,-0.41,-11.57
110094,0.01,1.12
110115,0.42,11.04
110138,-0.41,-11.44
110160,-0.00,0.73
110182,0.42,11.18
110204,-0.40,-11.31
110227,-0.04,-0.20
110249,0.42,11.18
110285,-0.00,-0.73
110307,-0.49,-13.03
110347,0.33,9.46
110369,-0.13,-4.17
110392,-0.41,-10.65
110413,0.41,11.18
110436,-0.12,-4.03
110458,-0.41,-10.52
110481,0.40,11.04
110502,-0.13,-4.30
110525,-0.42,-10.78
110547,0.40,11.18
110569,-0.13,-4.17
110592,-0.40,-10.12
110614,0.41,11.31
110637,-0.14,-4.43
110658,-0.40,-10.25
110681,0.40,11.31
110703,-0.14,-4.43
110726,-0.38,-9.85
110747,0.41,11.44
110770,-0.13,-4.30
110792,-0.40,-10.12
110815,0.41,11.31
110836,-0.14,-4.56
110859,-0.39,-10.12
110884,0.23,5.89
110907,-0.49,-13.56
110929,0.16,4.30
110951,0.24,6.15
110973,-0.50,-13.82
110996,0.16,4.56
111017,0.27,6.81
111040,-0.49,-13.56
111063,0.13,3.64
111084,0.28,7.08
111107,-0.46,-12.63
111129,0.13,4.17
111151,0.32,8.13
111173,-0.46,-12.63
111196,0.11,3.51
111217,0.34,8.66
111240,-0.45,-12.63
111262,0.09,2.98
111284,0.36,9.19
111306,-0.42,-11.71
111329,0.06,2.18
111350,0.39,9.99
111373,-0.42,-11.84
111395,0.02,1.12
111417,0.41,10.65
111439,-0.42,-11.71
111462,0.01,0.99
111488,-0.14,-4.43
111509,-0.37,-9.46
111532,0.40,11.18
111554,-0.15,-4.70
111577,-0.38,-9.72
111598,0.42,11.71
111621,-0.13,-4.30
111643,-0.39,-9.99
111665,0.41,11.44
111687,-0.13,-4.30
111710,-0.40,-10.12
111732,0.42,11.57
111754,-0.14,-4.43
111776,-0.37,-9.46
111799,0.41,11.31
111821,-0.15,-4.56
111843,-0.38,-9.72
111865,0.41,11.31
111888,-0.13,-4.17
111909,-0.39,-9.99
111932,0.41,11.31
111954,-0.12,-4.03
111977,-0.39,-9.99
111998,0.39,11.04
112021,-0.14,-4.43
112044,-0.40,-10.38
112069,0.24,6.15
112091,-0.49,-13.56
112113,0.16,4.56
112136,0.27,6.68
112157,-0.47,-13.16
112180,0.14,4.03
112202,0.30,7.34
112241,-0.45,-12.37
112264,0.15,4.17
112285,0.26,6.55
112308,-0.49,-13.43
112330,0.14,4.03
112352,0.30,7.47
112374,-0.46,-12.63
112397,0.14,4.03
112418,0.33,8.13
112441,-0.46,-12.63
112463,0.10,3.11
112485,0.35,8.93
112507,-0.44,-12.24
112530,0.07,2.45
112551,0.38,9.85
112574,-0.42,-11.57
112596,0.06,2.18
112618,0.41,10.52
112641,-0.43,-11.71
112663,0.02,1.26
112689,-0.17,-5.09
112711,-0.36,-9.19
112733,0.43,11.97
112755,-0.16,-4.83
112778,-0.36,-9.06
112799,0.42,11.71
112822,-0.16,-4.96
112844,-0.37,-9.46
112867,0.42,11.57
112888,-0.16,-4.83
112911,-0.37,-9.46
112933,0.41,11.18
112955,-0.15,-4.70
112977,-0.38,-9.72
113000,0.40,11.18
113022,-0.15,-4.56
113044,-0.37,-9.46
113067,0.42,11.57
113089,-0.13,-4.30
113111,-0.38,-9.85
113133,0.41,11.44
113156,-0.14,-4.43
113178,-0.40,-10.25
113200,0.40,11.04
113222,-0.14,-4.56
113245,-0.38,-9.72
113270,0.24,6.02
113292,-0.49,-13.69
113314,0.16,4.70
113337,0.25,6.28
113358,-0.49,-13.69
113381,0.15,4.30
113403,0.27,6.81
113426,-0.48,-13.16
113447,0.15,4.43
113470,0.30,7.47
113492,-0.47,-12.90
113514,0.14,4.03
113537,0.32,8.13
113559,-0.46,-12.90
113581,0.11,3.51
113603,0.33,8.53
113626,-0.44,-12.24
113647,0.11,3.24
113670,0.36,9.06
113692,-0.44,-12.24
113714,0.08,2.71
113736,0.38,9.85
113759,-0.44,-11.97
113781,0.07,2.31
113803,0.38,9.85
113825,-0.42,-11.44
113851,0.43,11.97
113873,-0.19,-5.62
113895,-0.34,-8.66
113917,0.42,11.71
113940,-0.18,-5.49
113963,-0.34,-8.66
113984,0.44,12.10
114007,-0.17,-5.22
114029,-0.34,-8.80
114051,0.42,11.57
114073,-0.17,-5.22
114096,-0.36,-9.19
114147,-0.15,-3.51
114169,0.40,10.38
114192,-0.43,-11.84
114214,0.01,0.86
114236,0.41,10.78
114258,-0.40,-11.18
114281,0.01,0.86
114304,0.43,11.18
114325,-0.39,-11.04
114348,-0.03,-0.07
114370,0.43,11.31
114392,-0.40,-11.31
114414,-0.03,0.20
114437,0.43,11.31
114459,-0.38,-10.78
114581,-0.12,-2.45
114659,-0.47,-12.90
114681,-0.06,-0.86
114704,0.37,9.85
114725,-0.42,-11.57
114748,-0.01,0.60
114770,0.42,11.04
114793,-0.40,-11.18
114814,-0.00,0.86
114837,0.42,11.04
114860,-0.41,-11.44
114882,-0.01,0.46
114904,0.41,10.78
114926,-0.42,-11.57
114949,0.02,1.26
114970,0.41,10.65
114993,-0.41,-11.57
115015,0.01,0.86
115037,0.42,10.91
115059,-0.41,-11.44
115082,0.00,0.73
115104,0.41,10.91
115126,-0.41,-11.57
115148,0.00,0.73
115171,0.41,10.78
115193,-0.41,-11.57
115229,-0.48,-12.50
115252,0.36,10.12
115273,-0.07,-2.45
115296,-0.45,-11.84
115318,0.39,10.91
115341,-0.09,-3.24
115362,-0.44,-11.31
115385,0.40,11.04
115407,-0.11,-3.90
115430,-0.42,-10.78
115452,0.38,10.65
115474,-0.14,-4.70
115496,-0.39,-9.99
115519,0.41,11.44
115542,-0.14,-4.56
115563,-0.39,-9.99
115586,0.41,11.31
115608,-0.15,-4.56
115630,-0.39,-9.99
115652,0.40,11.04
115675,-0.15,-4.56
115697,-0.37,-9.46
115719,0.41,11.44
115741,-0.15,-4.83
115764,-0.37,-9.46
115789,0.22,5.36
115812,-0.53,-14.35
115833,0.18,5.09
115856,0.22,5.36
115878,-0.51,-13.95
115900,0.17,4.70
115922,0.22,5.49
115945,-0.52,-14.09
115968,0.14,4.17
115989,0.23,5.75
116012,-0.52,-14.22
116034,0.15,4.43
116056,0.23,5.75
116078,-0.49,-13.56
116101,0.14,3.90
116122,0.25,6.15
116145,-0.50,-13.82
116167,0.14,4.30
116210,-0.29,-8.40
116233,-0.07,-1.12
116254,0.42,11.18
116277,-0.40,-11.31
116299,-0.03,-0.07
116322,0.41,10.91
116343,-0.40,-11.31
116366,-0.01,0.46
116388,0.43,11.18
116414,-0.40,-10.12
116436,0.41,11.44
116458,-0.17,-5.22
116481,-0.37,-9.46
116503,0.42,11.57
116526,-0.16,-4.83
116547,-0.36,-9.06
116570,0.42,11.57
116592,-0.18,-5.36
116615,-0.35,-9.19
116636,0.42,11.84
116659,-0.19,-5.62
116681,-0.36,-9.06
116703,0.44,12.10
116725,-0.18,-5.36
116748,-0.33,-8.53
116770,0.43,11.84
116792,-0.20,-5.75
116814,-0.34,-8.66
116837,0.43,11.97
116859,-0.20,-5.75
116881,-0.33,-8.40
116903,0.44,12.37
116926,-0.19,-5.62
116947,-0.32,-8.13
116970,0.43,12.10
116996,-0.52,-13.82
117018,0.19,5.75
117041,0.15,3.64
117062,-0.52,-14.09
117085,0.20,5.89
117107,0.17,4.03
117129,-0.52,-13.95
117151,0.20,5.89
117174,0.18,4.30
117196,-0.50,-13.56
117218,0.18,5.22
117240,0.17,4.03
117263,-0.53,-14.22
117284,0.20,5.75
117307,0.19,4.70
117329,-0.52,-14.22
117352,0.20,5.89
117373,0.20,4.83
117396,-0.52,-13.95
117419,0.18,5.22
117440,0.19,4.43
117463,-0.53,-14.35
117485,0.19,5.49
117507,0.20,4.96
117529,-0.51,-13.82
117552,0.19,5.49
117573,0.22,5.49
117599,-0.17,-3.77
117621,0.45,12.10
117644,-0.30,-8.53
117666,-0.17,-3.90
117688,0.46,12.24
117710,-0.30,-8.66
117733,-0.16,-3.77
117755,0.46,12.24
117777,-0.32,-9.33
117799,-0.15,-3.37
117822,0.45,12.10
117843,-0.32,-9.06
117866,-0.11,-2.18
117889,0.45,11.97
117911,-0.33,-9.33
117933,-0.13,-2.71
117955,0.45,11.84
117978,-0.35,-9.99
118000,-0.12,-2.45
118022,0.43,11.57
118044,-0.34,-9.72
118067,-0.11,-2.05
118106,0.45,12.10
118128,-0.42,-11.57
118151,0.04,1.79
118173,0.39,10.12
118199,-0.31,-8.00
118221,0.45,12.24
118244,-0.24,-6.81
118265,-0.24,-5.89
118288,0.47,12.63
118310,-0.27,-7.74
118333,-0.14,-3.11
118355,0.46,12.24
118378,-0.34,-9.85
118400,-0.11,-2.05
118422,0.43,11.57
118445,-0.39,-10.91
118467,-0.01,0.46
118490,0.39,10.12
118512,-0.44,-12.37
118535,0.09,2.84
118556,0.33,8.40
118579,-0.48,-13.16
118601,0.13,3.90
118624,0.28,7.08
118646,-0.48,-13.16
118669,0.18,5.09
118690,0.23,5.62
118713,-0.52,-14.09
118735,0.17,5.09
118758,0.19,4.56
118779,-0.52,-14.09
118806,0.43,11.44
118829,-0.40,-11.44
118851,0.03,1.39
118873,0.38,9.85
118895,-0.45,-12.37
118918,0.07,2.58
118940,0.33,8.53
118963,-0.46,-12.90
118985,0.12,3.77
119007,0.28,7.21
119029,-0.49,-13.43
119052,0.13,3.77
119074,0.24,5.89
119097,-0.52,-14.22
119119,0.19,5.36
119141,0.17,4.03
119163,-0.52,-13.82
119186,0.22,6.68
119208,0.13,2.84
119230,-0.52,-13.82
119252,0.29,8.40
119275,0.07,0.99
119298,-0.49,-13.16
119320,0.32,9.19
119343,-0.00,-0.73
119364,-0.48,-12.63
119391,0.29,7.34
119413,-0.49,-13.56
119436,0.16,4.70
119457,0.24,5.89
119480,-0.51,-14.09
119502,0.15,4.56
119525,0.18,4.43
119546,-0.53,-14.09
119569,0.23,6.55
119591,0.13,2.84
119614,-0.52,-13.95
119636,0.28,8.13
119659,0.07,1.12
119681,-0.51,-13.56
119703,0.32,9.19
119726,0.02,-0.07
119748,-0.47,-12.63
119771,0.37,10.38
119793,-0.08,-2.71
119815,-0.43,-11.04
119837,0.41,11.31
119860,-0.17,-5.09
119882,-0.35,-8.93
119905,0.44,12.10
119927,-0.21,-5.89
119950,-0.28,-7.08
119971,0.46,12.63
120025,0.16,3.64
120047,-0.53,-14.22
120070,0.21,6.15
120092,0.13,3.11
120114,-0.52,-13.82
120136,0.23,6.94
120159,0.11,2.31
120181,-0.52,-13.82
120204,0.29,8.27
120225,0.06,0.86
120248,-0.50,-13.29
120270,0.33,9.33
120293,-0.00,-0.73
120315,-0.46,-12.24
120338,0.39,10.91
120359,-0.11,-3.64
120382,-0.40,-10.25
120404,0.42,11.57
120427,-0.19,-5.49
120450,-0.33,-8.27
120472,0.44,12.10
120495,-0.22,-6.28
120517,-0.23,-5.75
120539,0.47,12.63
120561,-0.28,-8.13
120584,-0.16,-3.64
120609,-0.06,-2.18
120632,-0.44,-11.31
120654,0.40,11.18
120677,-0.16,-4.96
120699,-0.34,-8.80
120722,0.43,11.84
120744,-0.21,-6.15
120767,-0.28,-6.94
120788,0.47,12.50
120811,-0.26,-7.34
120834,-0.20,-4.70
120856,0.46,12.24
120879,-0.33,-9.59
120901,-0.10,-1.92
120924,0.44,11.71
120945,-0.39,-11.18
120968,-0.00,0.73
120990,0.38,9.99
121013,-0.43,-11.97
121035,0.08,2.71
121058,0.34,8.80
121079,-0.47,-12.90
121102,0.13,3.77
121124,0.29,7.21
121147,-0.49,-13.29
121169,0.15,4.43
121195,-0.30,-8.53
121218,-0.13,-2.84
121240,0.45,11.84
121263,-0.38,-10.78
121285,-0.04,-0.33
121307,0.41,10.65
121329,-0.43,-12.10
121352,0.09,2.84
121374,0.34,8.66
121397,-0.45,-12.50
121419,0.13,4.03
121442,0.30,7.47
121463,-0.48,-13.43
121486,0.16,4.56
121508,0.22,5.36
121531,-0.52,-14.22
121553,0.19,5.62
121576,0.16,3.77
121597,-0.52,-13.82
121620,0.25,7.47
121643,0.09,1.65
121665,-0.51,-13.56
121688,0.32,9.06
121710,0.02,-0.20
121732,-0.49,-12.90
121754,0.34,9.72
121777,-0.03,-1.65
121802,0.12,3.51
121825,0.29,7.34
121847,-0.49,-13.43
121870,0.14,3.90
121908,0.33,8.27
121930,-0.52,-14.22
121953,0.16,4.56
121975,0.23,5.62
121997,-0.51,-13.95
122019,0.15,4.43
122042,0.24,5.89
122064,-0.51,-13.95
122086,0.15,4.43
122108,0.24,5.89
122131,-0.51,-13.82
122152,0.17,4.96
122175,0.25,6.28
122198,-0.50,-13.69
122220,0.16,4.56
122242,0.25,6.28
122264,-0.49,-13.56
122287,0.17,4.70
122308,0.25,6.28
122331,-0.50,-13.56
122353,0.15,4.43
122375,0.25,6.55
122397,-0.50,-13.82
122423,0.47,12.76
122445,-0.27,-7.87
122468,-0.19,-4.56
122489,0.46,12.10
122512,-0.29,-8.27
122534,-0.18,-4.30
122557,0.46,12.24
122578,-0.30,-8.66
122601,-0.17,-3.90
122624,0.47,12.50
122645,-0.30,-8.66
122668,-0.17,-3.90
122690,0.45,11.97
122713,-0.32,-9.19
122734,-0.14,-2.98
122757,0.45,12.10
122779,-0.33,-9.59
122802,-0.13,-2.84
122823,0.44,11.84
122846,-0.34,-9.72
122868,-0.11,-2.18
122891,0.44,11.71
122912,-0.36,-10.38
122935,-0.08,-1.52
122957,0.44,11.71
122980,-0.38,-10.78
123005,0.39,10.91
123027,-0.13,-4.30
123049,-0.40,-10.12
123072,0.42,11.57
123095,-0.17,-5.36
123117,-0.36,-9.19
123139,0.43,11.71
123161,-0.19,-5.62
123184,-0.34,-8.80
123205,0.43,11.97
123228,-0.19,-5.62
123250,-0.32,-8.13
123273,0.44,12.10
123294,-0.22,-6.28
123317,-0.32,-8.13
123339,0.44,12.10
123362,-0.23,-6.42
123383,-0.30,-7.61
123406,0.45,12.50
123428,-0.21,-6.02
123451,-0.28,-7.21
123472,0.46,12.63
123495,-0.23,-6.55
123517,-0.29,-7.34
123539,0.46,12.63
123561,-0.24,-6.81
123587,0.25,7.47
123610,0.11,2.31
123632,-0.51,-13.69
123654,0.25,7.47
123676,0.11,2.31
123699,-0.52,-13.82
123721,0.25,7.47
123743,0.11,2.31
123765,-0.52,-14.09
123804,0.18,5.36
123827,0.05,0.73
123848,-0.50,-13.43
123871,0.30,8.66
123893,0.07,1.12
123916,-0.51,-13.56
123937,0.29,8.40
123960,0.08,1.39
123982,-0.52,-13.82
124004,0.28,8.00
124026,0.09,1.79
124049,-0.50,-13.43
124070,0.27,7.74
124093,0.10,1.92
124115,-0.52,-13.82
124138,0.26,7.61
124160,0.11,2.18
124182,-0.52,-13.95
124208,0.43,11.18
124230,-0.40,-11.31
124253,0.02,1.12
124274,0.40,10.25
124297,-0.43,-11.84
124319,0.04,1.79
124342,0.39,9.99
124363,-0.44,-12.10
124386,0.05,1.92
124408,0.39,10.25
124430,-0.43,-11.97
124452,0.08,2.71
124475,0.35,9.06
124497,-0.44,-12.24
124519,0.09,2.84
124541,0.37,9.46
124564,-0.45,-12.24
124587,0.09,2.98
124608,0.35,8.80
124631,-0.45,-12.50
124653,0.09,2.98
124675,0.33,8.53
124697,-0.44,-12.37
124720,0.11,3.51
124742,0.33,8.53
124764,-0.47,-12.90
124801,-0.40,-10.12
124822,0.41,11.44
124845,-0.17,-5.36
124867,-0.35,-9.06
124890,0.43,11.84
124911,-0.19,-5.62
124934,-0.33,-8.40
124956,0.43,11.97
124979,-0.21,-6.02
125000,-0.30,-7.61
125023,0.46,12.50
125045,-0.22,-6.28
125068,-0.29,-7.34
125089,0.46,12.63
125112,-0.22,-6.28
125134,-0.26,-6.55
125157,0.47,12.63
125179,-0.24,-6.94
125201,-0.24,-6.02
125223,0.47,12.63
125246,-0.26,-7.47
125268,-0.23,-5.49
125290,0.47,12.63
125313,-0.27,-7.74
125335,-0.19,-4.30
125358,0.46,12.37
125383,-0.48,-12.76
125406,0.35,9.99
125427,-0.02,-1.39
125450,-0.47,-12.50
125472,0.38,10.65
125495,-0.06,-2.45
125516,-0.45,-11.44
125539,0.38,10.65
125561,-0.12,-4.17
125584,-0.41,-10.52
125606,0.41,11.44
125628,-0.17,-5.09
125650,-0.35,-9.06
125678,-0.22,-6.28
125710,0.09,1.79
125732,-0.52,-13.82
125755,0.25,7.47
125776,0.10,2.05
125799,-0.51,-13.56
125821,0.24,7.21
125844,0.11,2.31
125865,-0.52,-13.69
125888,0.26,7.61
125911,0.10,2.05
125932,-0.52,-13.82
125955,0.25,7.47
125977,0.11,2.31
126003,-0.06,-0.73
126024,0.42,11.18
126047,-0.40,-11.31
126069,-0.02,0.33
126092,0.42,10.91
126114,-0.42,-11.71
126136,0.04,1.65
126158,0.39,10.25
126181,-0.41,-11.57
126203,0.07,2.45
126225,0.39,9.99
126247,-0.44,-12.10
126270,0.04,1.92
126291,0.38,9.85
126314,-0.44,-12.10
126337,0.04,1.79
126359,0.37,9.46
126381,-0.44,-11.97
126403,0.08,2.71
126426,0.38,9.72
126447,-0.43,-11.97
126470,0.08,2.71
126492,0.36,9.33
126515,-0.45,-12.63
126536,0.08,2.71
126559,0.34,8.66
126584,-0.31,-7.74
126607,0.46,12.63
126628,-0.21,-5.89
126651,-0.30,-7.61
126673,0.46,12.76
126696,-0.23,-6.55
126717,-0.28,-7.08
126740,0.46,12.50
126763,-0.22,-6.28
126785,-0.25,-6.28
126807,0.47,12.90
126829,-0.24,-6.81
126852,-0.24,-5.75
126874,0.48,12.90
126896,-0.25,-7.34
126918,-0.21,-4.83
126941,0.48,12.76
126963,-0.26,-7.61
126985,-0.16,-3.51
127007,0.46,12.24
127030,-0.29,-8.53
127052,-0.16,-3.77
127074,0.46,12.24
127096,-0.32,-9.19
127119,-0.14,-3.11
127141,0.46,12.24
127167,-0.45,-11.71
127190,0.39,10.91
127211,-0.11,-3.51
127234,-0.42,-10.65
127256,0.41,11.31
127279,-0.14,-4.43
127301,-0.37,-9.59
127323,0.43,11.97
127345,-0.17,-5.09
127368,-0.35,-8.80
127390,0.43,11.84
127412,-0.19,-5.62
127434,-0.32,-8.00
127457,0.44,12.24
127479,-0.21,-5.89
127501,-0.30,-7.74
127523,0.46,12.76
127546,-0.22,-6.28
127575,0.44,11.71
127608,0.34,8.66
127631,-0.45,-12.37
127653,0.11,3.24
127676,0.35,8.80
127697,-0.45,-12.50
127720,0.09,2.98
127742,0.35,8.80
127764,-0.46,-12.76
127791,0.45,12.37
127812,-0.21,-6.02
127835,-0.26,-6.42
127857,0.48,13.16
127880,-0.23,-6.55
127901,-0.25,-6.15
127924,0.47,12.63
127946,-0.26,-7.34
127969,-0.23,-5.49
127990,0.46,12.37
128013,-0.28,-7.87
128035,-0.19,-4.70
128058,0.46,12.24
128079,-0.29,-8.53
128102,-0.16,-3.77
128124,0.46,12.10
128147,-0.32,-9.46
128168,-0.08,-1.39
128191,0.45,12.10
128214,-0.33,-9.46
128236,-0.10,-2.05
128258,0.44,11.71
128280,-0.38,-10.78
128303,-0.08,-1.39
128325,0.43,11.44
128347,-0.39,-11.04
128373,0.43,11.97
128395,-0.16,-4.83
128417,-0.36,-9.33
128440,0.43,11.84
128462,-0.20,-5.75
128484,-0.33,-8.40
128506,0.43,11.97
128529,-0.20,-5.75
128551,-0.32,-8.00
128573,0.46,12.63
128595,-0.21,-6.02
128618,-0.28,-7.21
128641,0.46,12.63
128662,-0.22,-6.28
128685,-0.26,-6.42
128707,0.47,12.63
128730,-0.25,-7.21
128751,-0.24,-6.02
128774,0.47,12.76
128796,-0.25,-7.47
128819,-0.21,-4.96
128840,0.48,12.90
128863,-0.27,-7.74
128885,-0.15,-3.37
128908,0.46,12.10
128929,-0.31,-9.06
128956,0.35,9.85
128977,-0.02,-1.12
129000,-0.48,-12.63
129022,0.38,10.65
129045,-0.06,-2.45
129067,-0.44,-11.44
129089,0.40,11.18
129112,-0.11,-3.77
129134,-0.40,-10.25
129156,0.42,11.71
129178,-0.17,-5.09
129201,-0.36,-9.06
129223,0.42,11.71
129245,-0.19,-5.62
129267,-0.33,-8.53
129290,0.44,12.24
129312,-0.20,-5.62
129334,-0.30,-7.34
129356,0.46,12.63
129379,-0.22,-6.28
129401,-0.28,-7.08
129424,0.46,12.50
129445,-0.24,-6.68
129474,0.47,12.50
129507,0.45,11.97
129529,-0.29,-8.27
129565,-0.52,-14.09
129588,0.24,7.21
129610,0.13,2.71
129632,-0.52,-13.82
129654,0.26,7.74
129677,0.11,2.05
129699,-0.51,-13.56
129721,0.27,8.00
129743,0.09,1.65
129766,-0.51,-13.56
129788,0.29,8.40
129810,0.07,1.26
129832,-0.50,-13.29
129855,0.31,9.06
129876,0.06,0.86
129899,-0.50,-13.43
129922,0.31,8.80
129944,0.04,0.20
129966,-0.48,-12.90
129988,0.33,9.33
130011,0.02,-0.20
130032,-0.49,-13.03
130055,0.34,9.85
130077,-0.00,-0.73
130100,-0.48,-12.63
130122,0.37,10.38
130148,-0.47,-13.03
130170,0.14,4.30
130192,0.28,7.08
130214,-0.49,-13.43
130237,0.14,4.17
130258,0.27,6.68
130281,-0.48,-13.16
130304,0.16,4.56
130326,0.24,6.02
130348,-0.51,-13.82
130370,0.17,4.96
130393,0.23,5.75
130415,-0.51,-13.95
130437,0.20,5.62
130459,0.22,5.36
130482,-0.51,-13.95
130504,0.19,5.49
130526,0.18,4.30
130548,-0.52,-13.95
130571,0.19,5.89
130592,0.16,3.90
130615,-0.52,-14.09
130637,0.22,6.55
130660,0.15,3.51
130681,-0.52,-13.82
130704,0.24,6.94
130726,0.11,2.45
130752,-0.04,-0.33
130775,0.44,11.57
130796,-0.41,-11.31
130819,-0.01,0.46
130841,0.40,10.52
130864,-0.42,-11.57
130886,0.05,2.05
130908,0.38,9.85
130930,-0.44,-12.24
130953,0.07,2.45
130974,0.35,9.06
130997,-0.45,-12.37
131019,0.10,3.11
131042,0.35,8.80
131063,-0.44,-12.24
131086,0.12,3.90
131108,0.34,8.53
131130,-0.45,-12.50
131152,0.12,3.64
131175,0.30,7.61
131197,-0.48,-13.16
131219,0.14,4.17
131241,0.28,7.08
131264,-0.48,-13.29
131287,0.13,3.77
131308,0.27,6.81
131331,-0.48,-13.29
131362,-0.32,-9.33
131395,-0.23,-6.55
131417,-0.27,-6.68
131439,0.46,12.50
131462,-0.25,-7.08
131484,-0.24,-5.75
131506,0.47,12.63
131528,-0.26,-7.61
131551,-0.18,-4.17
131573,0.46,12.24
131595,-0.30,-8.53
131617,-0.16,-3.64
131640,0.45,12.10
131662,-0.33,-9.59
131685,-0.12,-2.58
131706,0.45,11.97
131729,-0.36,-10.25
131751,-0.06,-0.99
131774,0.42,11.04
131795,-0.40,-11.18
131818,0.00,0.86
131841,0.41,10.91
131863,-0.42,-11.71
131886,0.02,1.26
131907,0.39,10.12
131930,-0.44,-12.10
131955,0.43,11.97
131978,-0.23,-6.42
132000,-0.29,-7.34
132022,0.45,12.37
132044,-0.23,-6.68
132067,-0.25,-6.15
132089,0.48,13.03
132112,-0.25,-7.34
132133,-0.21,-5.09
132156,0.47,12.37
132178,-0.28,-8.27
132201,-0.13,-2.58
132222,0.44,11.84
132245,-0.33,-9.72
132268,-0.11,-2.45
132290,0.45,11.84
132312,-0.37,-10.52
132334,-0.07,-0.99
132357,0.42,11.18
132379,-0.40,-11.31
132402,0.00,0.73
132423,0.41,10.52
132446,-0.43,-11.84
132468,0.03,1.52
132491,0.38,9.99
132512,-0.44,-12.24
132538,0.45,12.37
132560,-0.21,-5.89
132583,-0.29,-7.34
132605,0.45,12.37
132627,-0.24,-6.81
132649,-0.26,-6.55
132672,0.47,12.76
132695,-0.25,-7.08
132717,-0.22,-5.22
132739,0.47,12.50
132761,-0.28,-8.00
132784,-0.19,-4.43
132806,0.46,12.37
132828,-0.33,-9.46
132850,-0.11,-2.05
132873,0.44,11.71
132895,-0.35,-9.99
132917,-0.07,-1.26
132939,0.43,11.44
132962,-0.39,-11.04
132984,0.00,0.73
133007,0.42,11.18
133028,-0.41,-11.44
133051,0.01,0.99
133073,0.39,10.12
133096,-0.44,-12.24
133122,0.45,12.24
133144,-0.23,-6.42
133166,-0.29,-7.21
133188,0.47,12.76
133211,-0.24,-6.68
133233,-0.25,-6.28
133262,-0.37,-10.65
133296,-0.43,-12.10
133318,0.04,1.65
133340,0.37,9.59
133362,-0.44,-12.10
133385,0.07,2.31
133406,0.37,9.59
133429,-0.44,-12.10
133451,0.07,2.58
133473,0.36,9.06
133495,-0.45,-12.37
133518,0.10,2.98
133540,0.34,8.66
133562,-0.46,-12.63
133584,0.11,3.37
133607,0.33,8.40
133628,-0.46,-12.63
133651,0.11,3.51
133673,0.29,7.34
133696,-0.48,-13.16
133719,0.13,3.90
133840,0.19,4.70
133918,0.10,2.84
133941,0.19,4.70
133962,-0.54,-15.01
133985,0.16,4.70
134007,0.20,4.70
134030,-0.53,-14.35
134052,0.18,5.36
134074,0.16,3.90
134096,-0.52,-13.95
134119,0.20,6.02
134141,0.15,3.24
134163,-0.53,-14.22
134185,0.25,7.21
134208,0.11,2.31
134230,-0.52,-13.82
134252,0.26,7.74
134275,0.07,1.12
134297,-0.50,-13.29
134320,0.31,8.80
134341,0.05,0.60
134364,-0.50,-13.29
134386,0.33,9.33
134408,0.01,-0.33
134430,-0.49,-13.16
134453,0.35,9.85
134475,-0.02,-1.39
134511,-0.40,-11.31
134534,0.00,0.73
134556,0.40,10.52
134578,-0.43,-11.97
134600,0.05,2.05
134623,0.39,9.99
134645,-0.44,-12.10
134667,0.08,2.71
134689,0.34,8.53
134712,-0.46,-12.63
134734,0.11,3.51
134756,0.32,7.87
134778,-0.46,-12.76
134801,0.14,4.17
134823,0.28,7.08
134845,-0.48,-13.43
134867,0.15,4.43
134890,0.25,6.15
134913,-0.50,-13.69
134934,0.16,4.43
134957,0.22,5.36
134979,-0.51,-14.09
135002,0.20,5.75
135023,0.19,4.43
135046,-0.54,-14.48
135068,0.19,5.75
135091,0.15,3.51
135110,-0.33,-9.46
135133,-0.11,-2.31
135155,0.44,11.71
135177,-0.37,-10.38
135199,-0.04,-0.46
135222,0.42,11.18
135244,-0.41,-11.57
135267,0.05,1.79
135288,0.38,9.85
135311,-0.44,-11.97
135354,0.40,11.04
135376,-0.26,-7.47
135399,-0.24,-5.75
135420,0.47,12.37
135443,-0.28,-8.00
135465,-0.18,-4.17
135488,0.45,12.10
135510,-0.32,-9.19
135532,-0.12,-2.58
135555,0.45,11.97
135577,-0.36,-10.38
135600,-0.07,-1.12
135621,0.42,11.04
135644,-0.40,-11.18
135666,-0.00,0.60
135689,0.40,10.52
135714,-0.35,-9.06
135737,0.43,11.97
135759,-0.21,-6.02
135781,-0.31,-7.74
135803,0.45,12.24
135826,-0.24,-6.55
135848,-0.27,-6.55
135870,0.47,12.63
135892,-0.26,-7.34
135915,-0.22,-5.36
135938,0.47,12.63
135960,-0.29,-8.40
135982,-0.17,-4.03
136004,0.44,11.84
136027,-0.33,-9.59
136049,-0.11,-2.31
136072,0.43,11.57
136093,-0.38,-10.78
136116,-0.03,-0.20
136138,0.42,11.04
136161,-0.41,-11.44
136183,0.02,1.26
136205,0.39,10.12
136227,-0.44,-12.24
136250,0.07,2.45
136272,0.35,9.06
136298,-0.32,-8.00
136320,0.45,12.37
136342,-0.23,-6.42
136365,-0.27,-6.81
136387,0.46,12.37
136410,-0.25,-7.08
136431,-0.22,-5.49
136454,0.47,12.63
136476,-0.28,-8.00
136499,-0.17,-3.64
136520,0.46,12.10
136543,-0.32,-9.19
136565,-0.13,-2.84
136588,0.44,11.71
136610,-0.36,-10.52
136632,-0.06,-0.86
136654,0.42,11.04
136677,-0.41,-11.44
136699,-0.00,0.73
136722,0.40,10.25
136743,-0.43,-12.10
136766,0.08,2.71
136788,0.36,9.19
136811,-0.45,-12.50
136833,0.08,2.84
136855,0.33,8.40
136881,-0.30,-7.61
136903,0.45,12.24
136926,-0.24,-6.81
136947,-0.26,-6.42
136970,0.47,12.63
136992,-0.26,-7.47
137015,-0.22,-5.36
137037,0.47,12.63
137059,-0.30,-8.66
137081,-0.17,-3.77
137104,0.44,11.84
137126,-0.34,-9.85
137149,-0.11,-2.18
137170,0.44,11.57
137193,-0.38,-10.91
137216,-0.06,-0.73
137254,0.45,11.97
137277,-0.43,-11.97
137299,0.07,2.31
137322,0.32,8.13
137345,-0.48,-13.16
137367,0.14,4.17
137389,0.24,6.15
137411,-0.52,-14.09
137434,0.18,5.36
137456,0.16,3.77
137482,-0.08,-1.52
137504,0.40,10.78
137527,-0.44,-12.24
137549,0.06,2.18
137572,0.34,8.66
137594,-0.47,-13.16
137617,0.13,4.03
137638,0.24,6.15
137661,-0.51,-13.95
137683,0.19,5.49
137706,0.16,3.77
137729,-0.52,-13.95
137751,0.26,7.74
137774,0.07,0.99
137795,-0.50,-13.29
137818,0.33,9.33
137840,-0.05,-1.92
137863,-0.45,-11.71
137885,0.40,11.18
137908,-0.18,-5.36
137930,-0.33,-8.53
137953,0.45,12.50
137975,-0.24,-6.68
137998,-0.24,-5.75
138020,0.46,12.50
138043,-0.31,-9.06
138064,-0.11,-2.18
138091,-0.12,-4.17
138114,-0.38,-9.59
138136,0.42,11.71
138159,-0.22,-6.28
138180,-0.27,-6.94
138203,0.48,12.90
138225,-0.28,-8.13
138248,-0.15,-3.24
138270,0.44,11.71
138293,-0.37,-10.52
138315,-0.04,-0.33
138338,0.39,9.99
138360,-0.45,-12.37
138383,0.09,3.11
138404,0.32,8.13
138427,-0.49,-13.43
138449,0.13,3.90
138472,0.23,5.75
138494,-0.52,-14.22
138517,0.19,5.49
138540,0.14,2.98
138562,-0.52,-13.95
138585,0.28,8.27
138606,0.04,0.20
138629,-0.49,-13.03
138651,0.34,9.72
138677,-0.48,-13.29
138699,0.13,3.90
138722,0.23,5.62
138744,-0.53,-14.35
138767,0.19,5.62
138789,0.15,3.24
138812,-0.52,-13.95
138834,0.27,7.87
138856,0.04,0.20
138878,-0.49,-13.03
138901,0.35,9.85
138924,-0.06,-2.18
138946,-0.45,-11.71
138969,0.40,11.31
138991,-0.18,-5.36
139014,-0.33,-8.27
139036,0.44,12.24
139059,-0.24,-6.81
139080,-0.23,-5.49
139103,0.45,12.10
139125,-0.30,-8.53
139165,-0.06,-0.99
139188,0.32,8.13
139210,-0.47,-12.76
139233,0.12,3.51
139255,0.28,6.94
139277,-0.50,-13.69
139314,-0.30,-7.61
139336,0.47,12.76
139359,-0.26,-7.47
139381,-0.20,-4.70
139404,0.44,11.84
139425,-0.36,-10.38
139448,-0.06,-0.86
139470,0.40,10.52
139493,-0.44,-12.24
139515,0.10,3.24
139538,0.30,7.47
139560,-0.49,-13.69
139583,0.15,4.43
139606,0.22,5.22
139628,-0.53,-14.22
139651,0.21,6.28
139673,0.10,2.05
139695,-0.51,-13.56
139717,0.33,9.33
139740,-0.01,-1.12
139762,-0.47,-12.24
139785,0.38,10.52
139807,-0.18,-5.36
139830,-0.34,-8.66
139852,0.44,12.24
139875,-0.24,-6.81
139900,0.30,8.66
139923,0.01,-0.33
139945,-0.48,-12.76
139968,0.36,9.99
139991,-0.11,-3.51
140013,-0.40,-10.38
140036,0.43,11.71
140058,-0.21,-6.15
140081,-0.27,-6.94
140103,0.46,12.50
140125,-0.28,-8.13
140147,-0.14,-3.24
140170,0.43,11.44
140192,-0.39,-11.04
140215,0.00,0.99
140237,0.39,10.12
140260,-0.46,-12.63
140282,0.11,3.64
140305,0.27,6.68
140327,-0.50,-13.69
140350,0.15,4.43
140372,0.19,4.43
140394,-0.53,-14.22
140417,0.26,7.47
140439,0.07,1.26
140462,-0.51,-13.56
140487,0.33,8.53
140510,-0.47,-13.16
140532,0.14,4.03
140555,0.24,5.89
140577,-0.52,-14.22
140600,0.18,5.36
140622,0.15,3.37
140645,-0.53,-13.95
140667,0.28,8.13
140690,0.04,0.33
140711,-0.49,-12.90
140734,0.35,9.85
140756,-0.08,-2.84
140779,-0.42,-10.78
140802,0.41,11.44
140824,-0.21,-6.15
140847,-0.30,-7.61
140869,0.47,12.76
140892,-0.27,-7.61
140914,-0.19,-4.43
140937,0.44,11.57
140958,-0.36,-10.25
140982,-0.04,-0.20
141003,0.39,10.25
141026,-0.43,-11.84
141054,0.30,7.61
141087,0.30,7.47
141108,-0.23,-6.42
141130,-0.30,-7.47
141152,0.46,12.50
141174,-0.25,-7.08
141197,-0.24,-5.89
141219,0.46,12.50
141241,-0.28,-8.13
141263,-0.20,-4.70
141286,0.45,11.97
141308,-0.31,-9.06
141331,-0.14,-3.11
141352,0.44,11.71
141375,-0.36,-10.38
141398,-0.06,-0.86
141420,0.43,11.31
141443,-0.42,-11.71
141465,0.01,0.99
141487,0.40,10.38
141509,-0.43,-11.97
141532,0.06,2.18
141554,0.35,8.93
141576,-0.46,-12.50
141598,0.10,3.24
141621,0.32,8.00
141643,-0.47,-12.90
141665,0.12,3.64
141691,-0.25,-6.94
141713,-0.24,-5.89
141735,0.46,12.50
141758,-0.28,-8.13
141780,-0.18,-4.30
141802,0.45,11.97
141825,-0.33,-9.59
141847,-0.12,-2.58
141870,0.43,11.57
141892,-0.37,-10.38
141915,-0.03,-0.07
141936,0.42,11.04
141959,-0.42,-11.84
141981,0.02,1.26
142004,0.39,9.99
142025,-0.44,-12.24
142048,0.08,2.45
142070,0.35,9.06
142093,-0.45,-12.37
142115,0.11,3.51
142137,0.31,7.87
142159,-0.48,-13.16
142182,0.12,3.64
142204,0.28,7.08
142226,-0.49,-13.56
142248,0.14,4.17
142274,-0.27,-7.74
142297,-0.19,-4.43
142319,0.45,11.97
142342,-0.33,-9.46
142363,-0.07,-1.26
142386,0.44,11.57
142408,-0.38,-10.78
142431,-0.06,-0.73
142453,0.41,10.91
142475,-0.43,-11.84
142497,0.03,1.52
142520,0.37,9.59
142542,-0.43,-11.97
142565,0.08,2.58
142586,0.35,8.93
142609,-0.46,-12.63
142631,0.10,3.24
142654,0.32,8.13
142675,-0.48,-13.29
142698,0.12,3.51
142721,0.28,7.08
142743,-0.48,-13.16
142765,0.15,4.43
142787,0.25,6.02
142810,-0.51,-14.09
142832,0.18,5.22
142854,0.21,5.22
142880,-0.14,-2.98
142902,0.44,11.71
142924,-0.34,-9.72
142953,0.40,10.65
143004,0.23,5.62
143026,-0.52,-14.22
143048,0.16,4.43
143071,0.21,5.22
143093,-0.52,-13.95
143116,0.19,5.62
143137,0.16,3.90
143160,-0.53,-14.22
143182,0.21,6.15
143205,0.14,3.24
143226,-0.53,-14.22
143249,0.26,7.61
143271,0.11,2.45
143294,-0.50,-13.43
143315,0.27,8.00
143338,0.07,1.12
143361,-0.51,-13.56
143383,0.31,9.06
143405,0.03,0.20
143427,-0.50,-13.29
143450,0.34,9.72
143472,0.01,-0.46
143494,-0.48,-12.63
143520,0.30,7.61
143542,-0.49,-13.43
143564,0.14,4.17
143587,0.26,6.55
143609,-0.49,-13.56
143632,0.17,4.83
143653,0.22,5.36
143676,-0.53,-14.35
143698,0.17,4.96
143721,0.16,3.64
143742,-0.52,-13.95
143765,0.23,6.94
143788,0.11,2.18
143810,-0.51,-13.69
143833,0.29,8.53
143854,0.05,0.46
143877,-0.50,-13.43
143899,0.33,9.33
143922,-0.01,-0.99
143944,-0.48,-12.63
143967,0.37,10.25
143988,-0.10,-3.51
144011,-0.41,-10.52
144033,0.43,11.84
144056,-0.19,-5.62
144078,-0.33,-8.40
144114,0.14,4.17
144137,0.26,6.68
144159,-0.50,-13.82
144181,0.15,4.30
144203,0.21,5.09
144226,-0.53,-14.22
144248,0.20,5.75
144271,0.17,4.03
144292,-0.53,-14.22
144315,0.22,6.55
144337,0.12,2.58
144360,-0.51,-13.43
144382,0.28,8.40
144404,0.05,0.60
144427,-0.50,-13.43
144449,0.32,9.06
144472,0.00,-0.60
144493,-0.48,-12.63
144516,0.36,10.12
144538,-0.08,-2.84
144561,-0.44,-11.31
144583,0.41,11.18
144606,-0.17,-5.36
144628,-0.35,-9.06
144650,0.43,11.97
144672,-0.21,-5.89
144695,-0.28,-6.94
144720,0.10,1.92
144743,-0.51,-13.56
144765,0.28,8.27
144788,0.04,0.20
144809,-0.50,-13.29
144832,0.33,9.46
144855,0.01,-0.46
144893,-0.51,-13.69
144916,0.36,10.25
144939,-0.12,-4.17
144961,-0.42,-10.52
144984,0.42,11.71
145005,-0.19,-5.62
145028,-0.32,-8.27
145050,0.45,12.37
145073,-0.22,-6.28
145095,-0.27,-6.81
145117,0.46,12.37
145139,-0.26,-7.47
145162,-0.22,-5.36
145184,0.45,12.10
145207,-0.30,-8.80
145228,-0.15,-3.51
145251,0.45,11.97
145273,-0.34,-9.99
145296,-0.08,-1.52
145321,-0.13,-4.17
145344,-0.40,-10.38
145367,0.42,11.57
145389,-0.19,-5.75
145411,-0.32,-8.13
145433,0.45,12.37
145456,-0.23,-6.55
145478,-0.28,-6.94
145501,0.46,12.50
145522,-0.26,-7.34
145545,-0.19,-4.30
145567,0.46,12.37
145590,-0.31,-8.93
145612,-0.15,-3.37
145634,0.44,11.71
145656,-0.37,-10.65
145679,-0.03,0.07
145701,0.42,11.18
145724,-0.40,-11.31
145746,0.04,1.79
145768,0.38,9.85
145790,-0.44,-12.10
145813,0.08,2.71
145836,0.34,8.80
145857,-0.46,-12.76
145880,0.11,3.51
145905,-0.24,-6.81
145928,-0.24,-5.89
145950,0.47,12.63
145973,-0.28,-8.27
145995,-0.17,-3.90
146017,0.45,11.84
146039,-0.35,-10.12
146062,-0.09,-1.79
146084,0.43,11.18
146107,-0.40,-11.04
146129,0.04,1.65
146151,0.39,10.25
146173,-0.44,-12.24
146196,0.08,2.58
146219,0.35,8.93
146240,-0.47,-12.90
146263,0.11,3.51
146285,0.29,7.34
146308,-0.48,-13.16
146330,0.15,4.30
146352,0.24,6.02
146374,-0.50,-13.95
146397,0.17,4.83
146419,0.21,5.22
146442,-0.52,-14.22
146463,0.19,5.62
146490,-0.36,-10.38
146511,-0.05,-0.60
146534,0.40,10.65
146556,-0.42,-11.71
146579,0.04,1.79
146601,0.37,9.59
146623,-0.44,-12.37
146646,0.08,2.84
146668,0.33,8.40
146691,-0.46,-12.63
146713,0.13,4.03
146735,0.29,7.34
146757,-0.47,-13.03
146796,0.02,1.26
146819,0.25,6.15
146841,-0.51,-13.95
146864,0.14,3.90
146885,0.20,5.09
146908,-0.52,-14.35
146930,0.18,5.09
146953,0.17,4.17
146974,-0.53,-14.09
146997,0.21,6.42
147019,0.13,2.84
147042,-0.52,-13.82
147064,0.25,7.47
147086,0.07,1.26
147111,0.00,0.86
147134,0.40,10.65
147156,-0.43,-11.97
147179,0.05,1.92
147201,0.37,9.46
147223,-0.46,-12.50
147246,0.10,2.98
147268,0.32,8.13
147290,-0.47,-12.90
147312,0.13,3.77
147335,0.28,6.94
147357,-0.50,-13.56
147380,0.14,4.03
147401,0.24,5.89
147424,-0.53,-14.48
147446,0.17,4.96
147469,0.19,4.70
147490,-0.51,-13.95
147513,0.19,5.62
147535,0.15,3.51
147558,-0.53,-14.09
147580,0.24,6.94
147602,0.10,2.05
147624,-0.53,-13.95
147647,0.27,8.00
147670,0.07,1.12
147691,-0.49,-13.16
147718,0.37,9.59
147739,-0.45,-12.37
147762,0.09,3.11
147784,0.33,8.13
147807,-0.49,-13.43
147829,0.12,3.51
147851,0.28,6.94
147873,-0.48,-13.29
147896,0.14,4.17
147918,0.23,5.75
147940,-0.51,-13.95
147962,0.17,4.96
147985,0.18,4.43
148007,-0.53,-14.35
148030,0.19,5.75
148052,0.13,2.84
148074,-0.52,-13.82
148097,0.26,7.61
148119,0.09,1.79
148142,-0.51,-13.56
148163,0.30,8.80
148186,0.04,0.33
148208,-0.49,-13.03
148231,0.33,9.33
148253,-0.03,-1.26
148275,-0.48,-12.76
148297,0.37,10.38
148323,-0.50,-13.69
148345,0.16,4.56
148368,0.23,5.49
148390,-0.51,-13.95
148413,0.18,5.22
148434,0.19,4.43
148457,-0.53,-14.35
148480,0.20,6.02
148502,0.14,3.24
148524,-0.53,-14.22
148546,0.24,6.94
148569,0.10,1.92
148591,-0.51,-13.69
148614,0.30,8.53
148635,0.04,0.46
148658,-0.51,-13.69
148697,0.25,7.47
148719,-0.07,-2.45
148742,-0.46,-11.97
148764,0.38,10.52
148787,-0.14,-4.43
148809,-0.38,-9.85
148831,0.42,11.57
148853,-0.20,-5.75
148876,-0.33,-8.27
148898,0.44,12.10
148934,0.24,5.75
148957,-0.51,-13.82
148979,0.17,4.56
149002,0.20,4.96
149023,-0.52,-14.09
149046,0.18,5.36
149068,0.17,3.77
149091,-0.53,-14.09
149113,0.23,6.81
149135,0.09,1.79
149157,-0.51,-13.43
149180,0.29,8.40
149202,0.05,0.60
149224,-0.49,-13.29
149246,0.34,9.72
149269,-0.01,-0.86
149292,-0.48,-12.76
149314,0.34,9.72
149337,-0.09,-3.11
149358,-0.44,-11.44
149381,0.40,11.04
149403,-0.16,-5.09
149426,-0.35,-9.06
149448,0.43,12.10
149471,-0.21,-6.15
149492,-0.30,-7.34
149515,0.45,12.24
149540,-0.51,-13.69
149563,0.30,8.66
149585,0.02,-0.20
149608,-0.49,-13.03
149630,0.35,10.12
149653,-0.06,-2.18
149675,-0.45,-11.71
149697,0.38,10.65
149720,-0.15,-4.83
149742,-0.37,-9.33
149765,0.43,11.71
149787,-0.21,-6.02
149810,-0.31,-7.87
149831,0.45,12.37
149854,-0.24,-6.68
149876,-0.25,-6.02
149899,0.44,11.84
149921,-0.28,-8.13
149944,-0.16,-3.77
149965,0.45,11.97
149988,-0.35,-9.99
150010,-0.10,-2.05
150033,0.43,11.31
150055,-0.39,-10.91
150078,0.01,0.86
150099,0.40,10.38
150125,-0.34,-8.66
150148,0.42,11.71
150170,-0.22,-6.28
150193,-0.29,-7.34
150215,0.45,12.37
150238,-0.25,-7.08
150259,-0.22,-5.22
150282,0.45,11.97
150304,-0.30,-8.53
150327,-0.15,-3.37
150349,0.44,11.57
150372,-0.36,-10.12
150394,-0.04,-0.46
150416,0.41,11.04
150438,-0.42,-11.84
150461,0.04,1.65
150483,0.36,9.06
150506,-0.45,-12.24
150529,0.09,2.98
150550,0.32,8.00
150579,0.13,3.90
150611,0.08,2.84
150634,0.33,8.27
150656,-0.46,-12.50
150678,0.13,3.90
150701,0.28,7.08
150723,-0.49,-13.56
150749,0.46,12.50
150771,-0.28,-8.13
150794,-0.16,-3.77
150815,0.44,11.57
150838,-0.33,-9.59
150860,-0.06,-0.73
150883,0.43,11.44
150905,-0.40,-11.44
150928,-0.03,-0.07
150949,0.39,10.12
150972,-0.44,-12.10
150994,0.08,2.71
151017,0.34,8.53
151040,-0.46,-12.50
151061,0.12,3.64
151084,0.29,7.34
151106,-0.47,-13.03
151129,0.16,4.70
151151,0.24,6.02
151173,-0.50,-13.69
151195,0.16,4.56
151218,0.19,4.56
151240,-0.50,-13.56
151263,0.20,6.02
151284,0.15,3.51
151307,-0.50,-13.56
151332,0.42,11.18
151355,-0.41,-11.57
151377,0.02,1.26
151400,0.38,9.72
151422,-0.42,-11.71
151445,0.08,2.71
151467,0.33,8.40
151489,-0.45,-12.24
151512,0.12,3.64
151534,0.30,7.47
151556,-0.47,-13.03
151578,0.13,3.77
151601,0.24,6.02
151623,-0.48,-13.29
151646,0.16,4.56
151667,0.20,4.83
151690,-0.52,-13.95
151712,0.19,5.49
151735,0.16,3.64
151757,-0.53,-14.09
151779,0.22,6.68
151801,0.12,2.45
151824,-0.50,-13.29
151846,0.27,7.87
151869,0.05,0.60
151890,-0.49,-12.90
151913,0.31,8.80
151939,-0.44,-12.24
151961,0.11,3.37
151984,0.31,7.74
152006,-0.46,-12.50
152029,0.13,4.03
152050,0.26,6.42
152073,-0.48,-13.29
152095,0.15,4.43
152118,0.22,5.49
152139,-0.52,-13.95
152162,0.18,5.09
152184,0.19,4.56
152207,-0.51,-13.69
152229,0.20,6.02
152252,0.13,2.84
152273,-0.50,-13.43
152296,0.25,7.34
152318,0.07,1.12
152341,-0.49,-13.16
152364,0.31,8.66
152385,0.02,-0.20
152408,-0.47,-12.63
152430,0.35,9.85
152453,-0.03,-1.39
152480,0.38,10.38
152514,0.40,11.04
152537,-0.19,-5.62
152562,0.18,5.22
152585,0.17,4.03
152607,-0.51,-13.69
152629,0.22,6.42
152651,0.13,2.84
152674,-0.50,-13.43
152696,0.25,7.47
152719,0.09,1.65
152740,-0.49,-12.90
152763,0.29,8.53
152785,0.03,0.07
152808,-0.49,-13.03
152830,0.33,9.59
152852,-0.00,-0.60
152875,-0.46,-12.24
152897,0.35,9.72
152920,-0.07,-2.58
152942,-0.43,-11.18
152964,0.39,10.78
152986,-0.16,-4.96
153009,-0.36,-9.19
153031,0.41,11.31
153054,-0.20,-5.75
153076,-0.29,-7.34
153098,0.45,12.24
153120,-0.23,-6.68
153243,-0.32,-8.13
153321,-0.31,-8.80
153344,-0.22,-5.36
153366,0.42,11.18
153388,-0.34,-9.99
153410,-0.11,-2.31
153433,0.43,11.44
153455,-0.38,-10.91
153478,-0.02,0.33
153500,0.38,9.99
153522,-0.42,-11.84
153544,0.06,2.31
153567,0.35,8.93
153589,-0.45,-12.37
153612,0.11,3.51
153634,0.30,7.61
153656,-0.47,-12.90
153678,0.15,4.17
153701,0.24,5.89
153723,-0.50,-13.56
153746,0.18,4.96
153767,0.21,4.96
153790,-0.51,-13.82
153812,0.17,4.96
153835,0.14,3.24
153858,-0.52,-13.82
153879,0.22,6.68
153916,0.44,11.71
153938,-0.32,-9.06
153960,-0.12,-2.58
153982,0.43,11.44
154005,-0.37,-10.38
154028,0.02,0.99
154050,0.41,10.78
154073,-0.41,-11.44
154094,0.05,1.92
154117,0.35,9.06
154139,-0.44,-12.10
154162,0.11,3.24
154184,0.31,7.74
154206,-0.46,-12.76
154228,0.14,4.17
154251,0.26,6.55
154273,-0.49,-13.56
154296,0.16,4.56
154317,0.21,5.09
154340,-0.51,-13.95
154362,0.17,5.09
154385,0.16,3.90
154407,-0.51,-13.69
154430,0.23,7.08
154451,0.11,2.31
154474,-0.50,-13.43
154500,0.39,10.25
154522,-0.41,-11.44
154564,0.40,11.04
154588,-0.24,-6.94
154610,-0.23,-5.75
154632,0.45,12.10
154654,-0.27,-7.87
154677,-0.16,-3.51
154699,0.44,11.71
154722,-0.34,-9.85
154744,-0.09,-1.92
154766,0.41,11.04
154788,-0.38,-10.91
154811,0.01,0.86
154833,0.39,10.12
154856,-0.43,-11.84
154878,0.07,2.58
154900,0.33,8.53
154923,-0.45,-12.50
154945,0.12,3.64
154968,0.30,7.61
154989,-0.47,-12.76
155012,0.13,3.90
155034,0.25,6.28
155057,-0.49,-13.43
155079,0.17,4.96
155102,0.19,4.56
155127,-0.12,-2.45
155150,0.44,11.57
155171,-0.36,-10.38
155194,-0.03,-0.20
155216,0.40,10.38
155239,-0.42,-11.57
155261,0.07,2.45
155284,0.35,8.93
155305,-0.44,-12.24
155328,0.11,3.37
155351,0.31,7.61
155373,-0.47,-12.90
155396,0.14,4.17
155417,0.25,6.28
155440,-0.48,-13.29
155462,0.17,4.96
155485,0.20,4.96
155507,-0.51,-14.09
155530,0.17,4.96
155551,0.16,3.77
155574,-0.50,-13.43
155596,0.21,6.42
155619,0.11,2.31
155640,-0.50,-13.43
155663,0.28,7.87
155685,0.06,0.73
155708,-0.49,-13.03
155727,0.01,0.86
155750,0.39,10.12
155772,-0.42,-11.71
155795,0.09,2.84
155817,0.33,8.40
155839,-0.45,-12.37
155862,0.12,3.64
155884,0.29,7.21
155907,-0.48,-13.16
155929,0.14,3.90
155951,0.25,6.28
155973,-0.50,-13.69
155996,0.17,4.83
156018,0.18,4.43
156041,-0.52,-13.95
156063,0.21,6.15
156085,0.15,3.37
156107,-0.51,-13.56
156130,0.25,7.34
156152,0.09,1.65
156174,-0.50,-13.29
156196,0.29,8.40
156219,0.02,-0.20
156241,-0.48,-12.90
156264,0.34,9.85
156286,-0.02,-1.26
156312,0.11,3.37
156334,0.32,7.87
156356,-0.46,-12.63
156379,0.14,4.17
156401,0.25,6.15
156424,-0.49,-13.29
156451,0.17,4.03
156484,0.22,5.36
156507,-0.52,-14.09
156529,0.19,5.62
156552,0.14,3.37
156574,-0.50,-13.29
156597,0.29,8.27
156619,0.01,-0.20
156642,-0.47,-12.37
156664,0.38,10.38
156687,-0.13,-4.17
156709,-0.36,-9.33
156732,0.42,11.57
156754,-0.22,-6.15
156777,-0.23,-5.75
156800,0.45,12.10
156822,-0.31,-8.80
156845,-0.08,-1.52
156867,0.42,10.91
156890,-0.41,-11.44
156912,0.07,2.45
156938,-0.23,-6.42
156960,-0.23,-5.75
156983,0.46,12.24
157005,-0.32,-9.06
157028,-0.07,-1.39
157050,0.40,10.78
157073,-0.42,-11.71
157095,0.09,2.98
157118,0.31,7.87
157140,-0.48,-13.03
157163,0.15,4.17
157185,0.20,4.96
157207,-0.51,-13.69
157230,0.22,6.68
157252,0.10,1.92
157275,-0.49,-13.16
157297,0.33,9.33
157320,-0.04,-1.65
157342,-0.45,-11.84
157365,0.39,10.91
157387,-0.18,-5.22
157410,-0.31,-7.74
157432,0.44,12.10
157455,-0.25,-7.08
157477,-0.18,-4.30
157500,0.44,11.84
157526,-0.43,-11.04
157548,0.41,11.18
157571,-0.19,-5.62
157593,-0.30,-7.61
157616,0.46,12.37
157638,-0.24,-6.94
157661,-0.17,-3.90
157683,0.44,11.57
157706,-0.36,-10.25
157728,-0.03,-0.07
157751,0.38,9.99
157773,-0.45,-12.10
157796,0.11,3.37
157818,0.28,6.94
157841,-0.47,-13.03
157863,0.18,5.22
157885,0.17,4.17
157907,-0.52,-13.95
157930,0.25,7.08
157953,0.06,0.73
157975,-0.49,-13.03
157998,0.33,9.46
158020,-0.07,-2.45
158043,-0.40,-10.38
158065,0.39,10.78
158088,-0.21,-6.02
158113,0.22,6.68
158136,0.10,1.92
158158,-0.49,-13.16
158181,0.32,9.19
158203,-0.03,-1.39
158226,-0.44,-11.57
158248,0.39,10.78
158271,-0.18,-5.36
158294,-0.33,-8.40
158316,0.44,12.10
158339,-0.22,-6.28
158367,0.42,11.18
158401,0.39,10.25
158424,-0.42,-11.84
158446,0.08,2.71
158468,0.32,8.13
158490,-0.47,-12.76
158513,0.14,3.90
158535,0.24,6.15
158558,-0.49,-13.43
158580,0.18,5.22
158603,0.16,3.90
158625,-0.51,-13.69
158648,0.27,7.87
158670,0.05,0.60
158692,-0.48,-12.76
158714,0.36,10.12
158751,0.38,9.72
158774,-0.44,-11.97
158796,0.10,3.11
158819,0.28,7.08
158841,-0.48,-13.43
158864,0.16,4.56
158886,0.18,4.30
158908,-0.52,-13.95
158931,0.25,7.47
158953,0.05,0.60
158976,-0.47,-12.76
158998,0.36,10.12
159021,-0.11,-3.64
159043,-0.39,-9.85
159066,0.41,11.44
159088,-0.21,-6.02
159111,-0.25,-6.28
159133,0.45,11.97
159156,-0.30,-8.66
159178,-0.07,-0.99
159201,0.42,11.18
159223,-0.41,-11.44
159246,0.05,2.05
159268,0.33,8.53
159291,-0.47,-12.90
159313,0.14,3.90
159339,-0.29,-8.13
159362,-0.12,-2.71
159384,0.42,11.18
159407,-0.40,-11.18
159429,0.06,2.18
159452,0.35,8.93
159474,-0.46,-12.76
159497,0.13,3.77
159519,0.25,6.02
159542,-0.50,-13.56
159564,0.17,5.22
159587,0.12,2.84
159609,-0.50,-13.29
159632,0.31,8.80
159654,-0.00,-0.73
159677,-0.46,-12.24
159699,0.38,10.52
159722,-0.16,-4.96
159745,-0.31,-8.00
159767,0.45,12.24
159790,-0.24,-6.94
159812,-0.19,-4.43
159835,0.44,11.84
159857,-0.36,-10.38
159880,-0.01,0.46
159902,0.38,9.72
159925,-0.44,-11.97
159950,0.44,11.97
159973,-0.27,-7.74
159995,-0.15,-3.51
160018,0.43,11.44
160040,-0.37,-10.52
160063,-0.00,0.60
160086,0.37,9.59
160108,-0.44,-12.10
160131,0.12,3.64
160153,0.27,6.55
160176,-0.49,-13.69
160198,0.14,4.17
160220,0.19,4.56
160242,-0.51,-13.69
160265,0.21,6.42
160304,0.20,4.96
160326,-0.50,-13.29
160349,0.28,8.13
160371,0.03,0.20
160393,-0.49,-13.03
160415,0.33,9.46
160438,-0.01,-0.86
160460,-0.47,-12.50
160483,0.36,9.99
160505,-0.07,-2.45
160527,-0.43,-11.31
160553,0.25,6.15
160575,-0.49,-13.56
160598,0.16,4.56
160620,0.19,4.70
160643,-0.51,-13.82
160665,0.19,5.62
160688,0.14,3.24
160709,-0.52,-13.82
160732,0.25,7.21
160754,0.09,1.79
160777,-0.50,-13.29
160799,0.29,8.40
160822,0.03,0.20
160843,-0.49,-12.90
160866,0.33,9.33
160888,-0.02,-1.12
160911,-0.46,-12.24
160933,0.37,10.25
160956,-0.11,-3.64
160977,-0.40,-10.25
161000,0.39,11.04
161022,-0.19,-5.62
161045,-0.32,-8.13
161068,0.42,11.84
161090,-0.22,-6.28
161113,-0.25,-6.28
161134,0.46,12.37
161161,-0.49,-13.16
161183,0.31,8.80
161205,-0.02,-1.12
161227,-0.47,-12.50
161250,0.36,10.12
161272,-0.09,-2.98
161295,-0.41,-10.38
161317,0.42,11.57
161340,-0.17,-5.22
161361,-0.32,-8.13
161384,0.43,11.84
161406,-0.23,-6.42
161429,-0.27,-6.55
161452,0.45,12.24
161474,-0.26,-7.34
161497,-0.19,-4.56
161518,0.45,11.84
161541,-0.31,-8.93
161563,-0.11,-2.31
161586,0.43,11.31
161608,-0.37,-10.52
161631,-0.02,0.07
161653,0.40,10.38
161675,-0.43,-11.97
161697,0.06,2.31
161720,0.34,8.66
161745,-0.29,-7.21
161768,0.45,12.37
161790,-0.24,-6.81
161813,-0.24,-5.75
161836,0.45,11.97
161857,-0.28,-8.00
161880,-0.15,-3.24
161902,0.45,11.84
161925,-0.33,-9.72
161947,-0.03,-0.07
161970,0.43,11.44
161991,-0.39,-10.91
162014,-0.01,0.46
162036,0.37,9.59
162059,-0.44,-12.24
162081,0.07,2.45
162104,0.34,8.66
162125,-0.44,-12.10
162148,0.11,3.51
162170,0.31,7.74
162208,-0.38,-10.78
162232,0.11,3.51
162253,0.30,7.47
162276,-0.45,-12.50
162298,0.14,4.30
162321,0.24,6.02
162347,-0.20,-4.56
162369,0.45,12.24
162392,-0.29,-8.53
162413,-0.14,-3.24
162436,0.44,11.71
162458,-0.35,-9.99
162481,-0.07,-1.12
162503,0.40,10.78
162526,-0.40,-11.18
162548,0.03,1.52
162570,0.37,9.72
162592,-0.43,-11.84
162615,0.08,2.71
162637,0.34,8.53
162660,-0.45,-12.37
162681,0.12,3.64
162704,0.28,6.94
162726,-0.47,-13.16
162749,0.15,4.43
162771,0.23,5.75
162793,-0.50,-13.69
162816,0.17,4.96
162838,0.19,4.56
162861,-0.51,-13.95
162883,0.22,6.42
162906,0.13,2.98
162927,-0.50,-13.29
162954,0.39,10.25
162976,-0.41,-11.44
162998,0.08,2.71
163020,0.34,8.53
163043,-0.45,-12.63
163065,0.14,4.03
163088,0.28,7.08
163110,-0.48,-13.29
163133,0.16,4.43
163154,0.20,4.96
163177,-0.51,-13.95
163200,0.19,5.49
163222,0.15,3.51
163245,-0.50,-13.43
163267,0.25,7.47
163289,0.07,1.39
163311,-0.49,-13.03
163334,0.31,8.80
163356,0.01,-0.46
163379,-0.47,-12.50
163401,0.36,10.12
163424,-0.09,-3.11
163445,-0.41,-10.52
163468,0.41,11.44
163490,-0.19,-5.62
163513,-0.31,-7.74
163549,0.12,3.64
163571,0.23,5.89
163594,-0.51,-13.95
163616,0.18,5.22
163639,0.18,4.30
163660,-0.51,-13.82
163683,0.20,6.15
163705,0.11,2.18
163728,-0.49,-13.16
163750,0.29,8.53
163773,0.02,-0.20
163795,-0.47,-12.50
163818,0.35,9.85
163840,-0.05,-2.05
163862,-0.45,-11.71
163885,0.39,10.78
163907,-0.15,-4.56
163930,-0.35,-8.93
163952,0.43,11.71
163975,-0.21,-5.89
163996,-0.27,-6.81
164019,0.45,12.10
164041,-0.25,-7.34
164064,-0.18,-4.30
164092,-0.39,-11.04
164125,-0.35,-9.99
164148,-0.09,-1.79
164173,-0.11,-3.77
164196,-0.37,-9.59
164218,0.41,11.31
164241,-0.19,-5.62
164263,-0.32,-7.87
164286,0.44,12.10
164307,-0.23,-6.55
164330,-0.25,-6.15
164353,0.46,12.37
164375,-0.27,-7.74
164398,-0.16,-3.77
164420,0.44,11.84
164443,-0.34,-9.85
164464,-0.03,-0.20
164487,0.42,11.04
164509,-0.41,-11.57
164532,0.03,1.52
164554,0.37,9.59
164577,-0.43,-11.71
164599,0.11,3.37
164621,0.30,7.47
164643,-0.46,-12.63
164666,0.15,4.30
164688,0.24,6.15
164711,-0.50,-13.69
164733,0.16,4.56
164759,-0.32,-9.33
164782,-0.09,-1.79
164803,0.43,11.31
164826,-0.39,-10.78
164848,-0.01,0.60
164871,0.38,9.85
164893,-0.42,-11.71
164916,0.08,2.71
164938,0.32,8.13
164960,-0.46,-12.76
164982,0.13,3.77
165005,0.26,6.42
165027,-0.48,-13.43
165050,0.17,4.83
165072,0.21,5.09
165094,-0.51,-13.69
165116,0.16,5.09
165139,0.14,3.37
165161,-0.50,-13.43
165184,0.25,7.47
165207,0.07,1.39
165228,-0.48,-12.76
165251,0.32,9.19
165273,0.00,-0.60
165296,-0.47,-12.50
165318,0.36,10.12
165341,-0.08,-2.98
165366,0.13,3.77
165389,0.23,5.75
165410,-0.49,-13.43
165433,0.18,5.36
165455,0.17,4.03
165478,-0.51,-13.69
165500,0.22,6.55
165523,0.11,2.31
165544,-0.49,-13.16
165567,0.30,8.66
165590,0.03,0.07
165612,-0.47,-12.63
165635,0.35,9.72
165657,-0.05,-1.92
165680,-0.44,-11.31
165702,0.39,11.04
165724,-0.16,-4.83
165746,-0.34,-8.80
165769,0.43,11.97
165791,-0.20,-5.62
165814,-0.26,-6.55
165836,0.46,12.50
165859,-0.25,-7.21
165880,-0.18,-4.30
165903,0.44,11.71
165925,-0.33,-9.46
165951,0.37,10.38
165974,-0.11,-3.51
166012,-0.46,-12.10
166036,0.42,11.84
166057,-0.22,-6.02
166080,-0.26,-6.55
166103,0.46,12.63
166125,-0.25,-7.21
166148,-0.18,-4.17
166170,0.45,11.97
166193,-0.33,-9.46
166215,-0.09,-1.65
166237,0.42,11.04
166259,-0.39,-10.91
166282,0.06,1.92
166304,0.38,9.72
166327,-0.44,-12.10
166349,0.10,2.84
166371,0.32,8.00
166393,-0.46,-12.63
166416,0.13,3.90
166438,0.26,6.42
166461,-0.48,-13.29
166483,0.17,4.96
166505,0.20,4.70
166528,-0.51,-13.82
166553,0.43,11.44
166576,-0.38,-10.78
166598,-0.00,0.60
166621,0.37,9.72
166643,-0.43,-11.84
166666,0.10,3.11
166688,0.33,8.27
166710,-0.46,-12.63
166732,0.13,3.64
166755,0.26,6.42
166777,-0.49,-13.29
166800,0.15,4.30
166822,0.18,4.43
166844,-0.52,-13.95
166866,0.21,6.28
166889,0.13,2.84
166912,-0.50,-13.29
166934,0.29,8.27
166957,0.05,0.46
166978,-0.48,-12.76
167001,0.32,9.06
167023,-0.02,-1.26
167046,-0.46,-12.24
167068,0.38,10.52
167091,-0.14,-4.43
167113,-0.35,-9.06
167135,0.44,12.24
167161,-0.51,-13.69
167184,0.23,6.94
167205,0.08,1.39
167228,-0.49,-13.16
167250,0.31,8.80
167273,0.01,-0.46
167296,-0.47,-12.50
167318,0.37,10.25
167341,-0.10,-3.37
167362,-0.40,-10.38
167385,0.40,11.04
167407,-0.20,-5.75
167430,-0.30,-7.47
167452,0.45,12.24
167475,-0.23,-6.55
167497,-0.22,-5.22
167520,0.46,12.37
167542,-0.31,-8.93
167564,-0.13,-2.71
167586,0.42,11.31
167609,-0.37,-10.38
167631,0.00,0.73
167654,0.38,9.99
167676,-0.43,-11.97
167699,0.07,2.31
167720,0.32,7.87
167746,-0.27,-6.68
167769,0.47,12.63
167791,-0.25,-7.08
167814,-0.19,-4.56
167836,0.44,11.71
167859,-0.33,-9.59
167881,-0.05,-0.60
167918,0.39,10.78
167942,-0.26,-7.34
167963,-0.17,-3.90
167986,0.46,12.10
168008,-0.32,-9.33
168031,-0.03,-0.07
168053,0.42,11.18
168076,-0.40,-11.18
168098,0.01,0.86
168120,0.37,9.46
168142,-0.44,-12.24
168165,0.09,2.84
168187,0.32,7.87
168210,-0.46,-12.50
168232,0.14,4.30
168254,0.25,6.28
168276,-0.49,-13.43
168299,0.15,4.17
168322,0.18,4.43
168344,-0.51,-13.82
168380,-0.19,-4.56
168402,0.45,11.97
168425,-0.33,-9.59
168448,-0.09,-1.79
168470,0.41,11.04
168493,-0.41,-11.44
168515,0.03,1.52
168537,0.34,8.66
168559,-0.44,-12.24
168582,0.12,3.51
168604,0.28,6.94
168627,-0.48,-13.16
168649,0.17,4.83
168671,0.20,4.83
168693,-0.53,-14.22
168716,0.20,5.89
168738,0.13,2.84
168761,-0.49,-13.16
168783,0.29,8.27
168806,0.02,-0.07
168827,-0.47,-12.63
168850,0.35,9.99
168872,-0.09,-2.98
168895,-0.43,-11.04
168918,0.40,11.04
168940,-0.18,-5.22
168966,0.21,6.28
168988,0.13,2.84
169011,-0.51,-13.69
169033,0.27,7.87
169055,0.05,0.46
169077,-0.48,-12.76
169100,0.33,9.46
169122,-0.04,-1.79
169145,-0.44,-11.44
169167,0.39,10.78
169190,-0.16,-4.96
169211,-0.34,-8.53
169234,0.44,12.24
169256,-0.22,-6.02
169279,-0.24,-6.02
169302,0.46,12.24
169324,-0.29,-8.40
169347,-0.14,-3.24
169369,0.42,11.18
169392,-0.38,-10.78
169414,-0.01,0.33
169436,0.39,10.12
169458,-0.44,-12.37
169481,0.11,3.11
169503,0.30,7.34
169526,-0.48,-13.03
169551,0.44,11.71
169574,-0.30,-8.80
169596,-0.11,-2.31
169619,0.41,11.04
169641,-0.40,-11.31
169664,0.05,1.65
169686,0.38,9.72
169708,-0.45,-12.37
169731,0.10,3.24
169753,0.29,7.34
169776,-0.48,-13.03
169804,0.12,2.58
169838,0.06,0.99
169860,-0.48,-12.90
169882,0.32,9.06
169905,-0.02,-1.26
169927,-0.47,-12.24
169950,0.36,10.12
169972,-0.14,-4.43
169995,-0.36,-9.19
170017,0.43,11.97
170039,-0.20,-5.75
170061,-0.27,-6.81
170084,0.45,12.24
170106,-0.26,-7.61
170129,-0.17,-4.03
170151,0.44,11.71
170177,-0.45,-11.84
170200,0.39,10.78
170222,-0.15,-4.56
170245,-0.33,-8.40
170267,0.43,11.71
170290,-0.23,-6.42
170312,-0.24,-5.75
170334,0.45,12.10
170356,-0.29,-8.40
170379,-0.12,-2.58
170401,0.44,11.57
170424,-0.37,-10.52
170446,0.02,1.26
170469,0.38,9.85
170490,-0.43,-11.97
170513,0.10,3.11
170535,0.30,7.47
170558,-0.48,-13.16
170580,0.16,4.56
170603,0.23,5.75
170626,-0.51,-13.95
170648,0.18,5.36
170670,0.14,3.24
170692,-0.50,-13.43
170715,0.27,7.87
170737,0.06,0.86
170763,0.03,1.39
170785,0.37,9.59
170808,-0.45,-12.24
170830,0.11,3.24
170852,0.28,7.21
170874,-0.47,-12.90
170897,0.15,4.43
170919,0.21,5.09
170942,-0.52,-14.22
170964,0.18,5.49
170986,0.14,3.11
171009,-0.51,-13.69
171031,0.27,7.74
171054,0.04,0.33
171076,-0.49,-13.16
171099,0.34,9.59
171120,-0.03,-1.65
171143,-0.45,-11.57
171165,0.39,10.91
171188,-0.16,-4.96
171210,-0.33,-8.40
171233,0.43,11.97
171255,-0.22,-6.28
171278,-0.24,-6.15
171300,0.45,12.10
171322,-0.29,-8.40
171344,-0.14,-3.24
171371,-0.08,-2.84
171393,-0.41,-10.65
171415,0.39,11.04
171438,-0.20,-5.75
171460,-0.30,-7.61
171483,0.44,12.10
171505,-0.25,-6.94
171528,-0.21,-5.09
171550,0.45,12.10
171573,-0.33,-9.46
171595,-0.05,-0.60
171617,0.41,10.91
171639,-0.40,-11.31
171662,0.07,2.18
171684,0.35,8.93
171713,0.11,3.51
171746,0.11,3.37
171768,0.27,6.81
171791,-0.50,-13.82
171813,0.13,3.90
171835,0.21,5.09
171857,-0.51,-13.69
171880,0.19,5.75
171902,0.11,2.45
171925,-0.51,-13.56
171948,0.27,8.00
171973,-0.44,-12.10
171996,0.07,2.45
172018,0.33,8.27
172040,-0.46,-12.76
172062,0.15,4.30
172085,0.24,6.02
172107,-0.50,-13.69
172130,0.14,4.43
172152,0.17,4.03
172174,-0.51,-13.82
172196,0.23,6.94
172219,0.08,1.52
172241,-0.48,-12.90
172264,0.33,9.33
172286,-0.02,-1.26
172309,-0.46,-11.97
172332,0.36,9.99
172353,-0.13,-4.17
172376,-0.36,-9.19
172398,0.43,11.84
172421,-0.22,-6.02
172443,-0.27,-6.68
172466,0.47,12.50
172488,-0.26,-7.47
172511,-0.17,-3.77
172533,0.43,11.44
172555,-0.36,-10.25
172678,-0.10,-2.05
172755,-0.49,-13.43
172778,0.04,1.65
172801,0.30,7.47
172823,-0.48,-13.16
172846,0.13,3.90
172868,0.22,5.36
172890,-0.52,-14.09
172912,0.18,5.36
172935,0.14,3.11
172957,-0.51,-13.82
172980,0.27,7.87
173002,0.04,0.33
173025,-0.48,-13.03
173047,0.34,9.59
173069,-0.06,-2.31
173091,-0.42,-10.91
173114,0.40,11.04
173136,-0.19,-5.62
173159,-0.32,-8.13
173181,0.44,12.10
173204,-0.24,-6.81
173227,-0.21,-4.83
173249,0.44,11.71
173272,-0.31,-8.93
173294,-0.10,-1.92
173330,0.31,8.93
173352,-0.01,-0.99
173375,-0.46,-12.10
173398,0.39,10.78
173420,-0.14,-4.43
173442,-0.34,-8.80
173464,0.43,11.84
173487,-0.24,-6.55
173509,-0.25,-6.28
173532,0.45,12.24
173554,-0.28,-8.27
173577,-0.14,-3.11
173599,0.42,11.31
173622,-0.38,-10.78
173644,0.02,1.39
173666,0.37,9.46
173688,-0.44,-12.24
173711,0.11,3.37
173733,0.29,7.21
173756,-0.49,-13.43
173788,-0.29,-8.27
173821,-0.35,-10.12
173844,-0.05,-0.73
173867,0.38,9.99
173888,-0.43,-11.84
173911,0.08,2.71
173936,-0.24,-6.68
173959,-0.25,-6.28
173981,0.45,12.10
174004,-0.28,-8.27
174026,-0.14,-3.24
174049,0.43,11.44
174071,-0.37,-10.52
174094,-0.02,0.20
174116,0.38,9.99
174138,-0.44,-12.10
174160,0.09,2.84
174183,0.32,8.00
174205,-0.46,-12.76
174228,0.14,4.17
174251,0.22,5.49
174273,-0.50,-13.56
174296,0.18,5.22
174317,0.14,3.24
174340,-0.51,-13.69
174362,0.27,7.87
174385,0.06,0.99
174407,-0.49,-12.90
174430,0.33,9.46
174452,-0.05,-1.92
174474,-0.44,-11.44
174496,0.39,10.78
174519,-0.17,-5.22
174545,0.18,5.36
174567,0.14,3.24
174589,-0.51,-13.69
174612,0.26,7.47
174635,0.05,0.46
174657,-0.48,-12.90
174680,0.34,9.46
174702,-0.04,-1.79
174724,-0.44,-11.57
174746,0.39,10.78
174769,-0.17,-5.22
174791,-0.33,-8.27
174814,0.43,11.97
174836,-0.23,-6.55
174859,-0.23,-5.62
174881,0.46,12.37
174904,-0.30,-8.66
174926,-0.09,-1.52
174948,0.42,11.18
174970,-0.38,-10.65
174993,0.00,0.73
175015,0.38,9.99
175038,-0.43,-12.10
175060,0.10,3.11
175083,0.31,7.61
175105,-0.46,-12.63
175131,0.45,12.10
175154,-0.30,-8.53
175176,-0.09,-1.52
175199,0.42,11.04
175220,-0.39,-11.04
175243,-0.00,0.60
175265,0.37,9.46
175288,-0.45,-12.37
175310,0.11,3.37
175333,0.28,7.08
175355,-0.47,-12.90
175378,0.14,3.90
175399,0.21,5.09
175422,-0.51,-13.95
175444,0.20,5.75
175467,0.13,2.84
175490,-0.51,-13.69
175512,0.28,8.13
175535,0.03,0.07
175556,-0.48,-12.90
175579,0.35,9.85
175601,-0.06,-2.45
175624,-0.43,-11.18
175646,0.39,10.91
175669,-0.19,-5.49
175696,0.44,12.10
175731,0.44,11.71
175757,-0.46,-12.10
175779,0.39,10.78
175802,-0.18,-5.36
175824,-0.31,-7.87
175847,0.45,12.37
175869,-0.26,-7.34
175892,-0.16,-3.64
175915,0.41,11.04
175937,-0.40,-11.18
175960,0.06,2.05
175982,0.34,8.66
176005,-0.46,-12.63
176027,0.13,3.77
176050,0.21,5.22
176072,-0.52,-13.95
176095,0.24,7.08
176117,0.06,0.86
176140,-0.49,-12.90
176162,0.35,9.99
176185,-0.11,-3.77
176207,-0.36,-9.33
176230,0.44,12.10
176252,-0.23,-6.28
176275,-0.21,-4.96
176297,0.44,11.57
176320,-0.36,-10.25
176347,0.40,11.04
176369,-0.21,-5.89
176392,-0.26,-6.42
176414,0.46,12.24
176437,-0.31,-8.93
176459,-0.03,-0.07
176482,0.40,10.52
176504,-0.43,-11.97
176527,0.10,2.98
176549,0.26,6.55
176572,-0.50,-13.82
176594,0.20,5.62
176617,0.11,2.45
176640,-0.52,-13.69
176662,0.33,9.33
176685,-0.04,-1.79
176707,-0.42,-10.78
176730,0.41,11.31
176752,-0.22,-6.28
176775,-0.25,-6.02
176797,0.45,12.24
176820,-0.32,-9.19
176842,-0.08,-1.26
176865,0.40,10.52
176887,-0.43,-11.84
176910,0.11,3.51
176935,-0.25,-7.21
176958,-0.16,-3.64
176980,0.42,11.31
177003,-0.39,-11.04
177027,0.03,1.65
177048,0.34,8.66
177071,-0.47,-12.90
177094,0.15,4.43
177116,0.19,4.70
177138,-0.50,-13.56
177161,0.26,7.47
177183,0.03,0.33
177206,-0.48,-12.76
177228,0.37,10.38
177251,-0.13,-4.30
177274,-0.33,-8.27
177297,0.44,12.10
177319,-0.25,-6.94
177342,-0.18,-4.17
177364,0.43,11.57
177387,-0.39,-10.91
177410,0.04,1.65
177432,0.33,8.53
177455,-0.46,-12.63
177477,0.16,4.70
177500,0.19,4.56
177522,-0.51,-13.69
177548,0.39,10.12
177570,-0.43,-11.97
177593,0.10,3.11
177632,0.35,9.19
177654,-0.49,-13.56
177677,0.17,4.70
177699,0.16,3.90
177722,-0.51,-13.69
177744,0.25,7.34
177767,0.06,0.73
177789,-0.49,-13.03
177812,0.34,9.59
177835,-0.05,-1.92
177857,-0.42,-10.91
177880,0.41,11.31
177902,-0.21,-5.89
177925,-0.26,-6.42
177947,0.45,11.97
177970,-0.30,-8.66
177992,-0.10,-1.92
178015,0.40,10.65
178037,-0.42,-11.84
178060,0.08,2.58
178082,0.30,7.61
178105,-0.48,-13.03
178127,0.18,5.22
178163,0.46,12.24
178186,-0.30,-8.80
178208,-0.10,-1.79
178231,0.41,10.91
178253,-0.43,-11.84
178277,0.12,3.64
178299,0.24,6.02
178322,-0.51,-13.82
178344,0.20,5.89
178367,0.10,1.92
178390,-0.49,-13.16
178412,0.34,9.72
178435,-0.08,-2.84
178457,-0.38,-9.85
178480,0.42,11.57
178502,-0.22,-6.15
178525,-0.22,-5.22
178547,0.44,11.71
178570,-0.36,-10.38
178592,-0.02,0.07
178615,0.37,9.46
178637,-0.44,-11.97
178660,0.13,4.03
178682,0.23,5.75
178705,-0.50,-13.69
178727,0.19,5.89
178750,0.08,1.39
178776,0.03,1.52
178798,0.34,8.66
178821,-0.47,-12.90
178843,0.14,4.17
178866,0.19,4.70
178888,-0.51,-13.69
178911,0.26,7.74
178933,0.03,0.07
178956,-0.48,-12.63
178978,0.37,10.38
179001,-0.16,-4.83
179024,-0.33,-8.40
179047,0.44,12.10
179069,-0.24,-6.94
179092,-0.14,-3.24
179115,0.42,11.31
179137,-0.41,-11.57
179160,0.04,1.65
179182,0.32,7.87
179205,-0.48,-13.16
179227,0.17,4.96
179250,0.17,4.17
179272,-0.51,-13.43
179295,0.28,8.27
179317,0.00,-0.73
179340,-0.46,-11.97
179365,0.23,5.62
179388,-0.51,-13.69
179410,0.18,5.49
179433,0.10,2.05
179456,-0.50,-13.43
179478,0.34,9.72
179501,-0.04,-1.52
179529,0.38,10.65
179560,0.14,4.03
179582,0.19,4.56
179605,-0.51,-13.69
179628,0.21,6.02
179650,0.11,2.31
179673,-0.50,-13.43
179695,0.30,8.53
179717,0.02,-0.20
179739,-0.47,-12.50
179762,0.35,9.72
179784,-0.09,-2.84
179807,-0.42,-10.78
179829,0.42,11.57
179852,-0.19,-5.49
179874,-0.29,-7.34
179897,0.45,12.37
179919,-0.24,-6.81
179942,-0.20,-4.70
179963,0.44,11.84
179990,-0.45,-11.97
180013,0.39,10.65
180035,-0.15,-4.70
180058,-0.34,-8.66
180079,0.43,11.84
180102,-0.23,-6.42
180124,-0.24,-5.89
180147,0.45,12.10
180169,-0.28,-8.00
180192,-0.13,-2.84
180214,0.42,11.31
180237,-0.38,-10.78
180259,0.03,1.39
180282,0.38,9.85
180303,-0.44,-11.97
180326,0.10,3.11
180348,0.30,7.61
180371,-0.47,-12.90
180393,0.16,4.56
180416,0.21,5.36
180439,-0.51,-13.82
180461,0.20,5.75
180484,0.12,2.71
180505,-0.49,-13.16
180528,0.28,8.13
180550,0.02,-0.20
180576,0.07,2.18
180598,0.33,8.40
180621,-0.45,-12.37
180643,0.13,3.90
180666,0.25,6.28
180688,-0.50,-13.69
180711,0.15,4.56
180732,0.17,4.17
180755,-0.51,-13.82
180777,0.23,6.81
180800,0.07,1.26
180823,-0.48,-12.90
180845,0.33,9.33
180868,-0.02,-1.26
180890,-0.45,-11.71
180913,0.39,10.91
180935,-0.15,-4.83
180957,-0.33,-8.53
180979,0.43,11.84
181002,-0.23,-6.28
181024,-0.23,-5.49
181047,0.45,12.24
181069,-0.28,-8.27
181092,-0.13,-2.84
181114,0.43,11.31
181137,-0.38,-10.65
181159,0.01,0.99
181185,-0.20,-5.75
181208,-0.30,-7.61
181230,0.45,12.37
181253,-0.24,-6.81
181275,-0.20,-4.70
181297,0.44,11.84
181319,-0.33,-9.33
181342,-0.08,-1.52
181364,0.41,11.04
181387,-0.41,-11.57
181409,0.07,2.18
181438,-0.51,-13.82
181473,-0.48,-12.76
181495,0.34,9.59
181518,-0.07,-2.58
181540,-0.43,-11.04
181563,0.41,11.31
181584,-0.19,-5.49
181607,-0.31,-7.74
181629,0.44,12.24
181652,-0.24,-6.55
181675,-0.21,-4.96
181697,0.46,12.10
181720,-0.31,-8.93
181742,-0.11,-2.18
181765,0.42,11.18
181790,-0.38,-9.72
181813,0.41,11.31
181835,-0.21,-6.02
181858,-0.28,-7.08
181880,0.46,12.37
181903,-0.26,-7.34
181924,-0.17,-4.03
181947,0.43,11.44
181969,-0.35,-9.85
181992,-0.05,-0.60
182014,0.40,10.52
182037,-0.42,-11.71
182060,0.08,2.71
182082,0.33,8.13
182105,-0.48,-13.16
182127,0.14,4.17
182150,0.22,5.49
182171,-0.51,-13.95
182194,0.19,5.62
182216,0.14,3.11
182239,-0.49,-13.03
182261,0.27,8.00
182284,0.04,0.33
182306,-0.49,-13.03
182329,0.34,9.59
182350,-0.06,-2.31
182377,0.14,4.30
182400,0.24,6.02
182421,-0.50,-13.56
182444,0.17,5.09
182466,0.14,3.24
182489,-0.51,-13.56
182511,0.26,7.74
182534,0.04,0.46
182556,-0.49,-13.03
182579,0.35,9.72
182601,-0.07,-2.58
182624,-0.41,-10.65
182646,0.39,10.91
182669,-0.21,-5.89
182690,-0.27,-6.81
182713,0.46,12.50
182735,-0.25,-7.34
182758,-0.16,-3.64
182780,0.44,11.71
182803,-0.36,-10.38
182825,0.02,0.99
182848,0.39,10.12
182871,-0.42,-11.71
182893,0.11,3.51
182916,0.28,6.94
182938,-0.48,-13.29
182961,0.16,4.70
182996,0.45,12.37
183019,-0.25,-7.21
183042,-0.19,-4.30
183064,0.44,11.71
183087,-0.34,-9.85
183109,-0.04,-0.46
183132,0.40,10.52
183153,-0.43,-11.84
183177,0.09,3.11
183198,0.31,7.74
183221,-0.46,-12.76
183243,0.15,4.30
183266,0.21,5.22
183288,-0.50,-13.69
183311,0.19,5.62
183333,0.13,3.11
183369,-0.31,-9.06
183393,0.02,1.26
183414,0.38,9.85
183437,-0.43,-11.71
183459,0.11,3.37
183482,0.29,7.21
183504,-0.47,-12.90
183527,0.14,4.03
183549,0.21,5.36
183572,-0.51,-13.95
183598,0.43,11.44
183620,-0.40,-11.18
183643,0.01,0.99
183665,0.37,9.46
183687,-0.43,-11.97
183709,0.11,3.37
183732,0.28,6.94
183754,-0.49,-13.43
183777,0.17,4.83
183799,0.21,5.09
183822,-0.50,-13.69
183844,0.22,6.55
183867,0.11,2.18
183888,-0.49,-13.03
183911,0.29,8.40
183933,-0.01,-0.73
183956,-0.46,-12.24
183979,0.37,10.52
184001,-0.14,-4.30
184024,-0.36,-9.19
184046,0.42,11.71
184069,-0.22,-6.02
184091,-0.25,-6.28
184114,0.45,12.10
184136,-0.28,-8.13
184158,-0.09,-1.65
184180,0.42,11.31
184207,-0.41,-10.52
184229,0.41,11.44
184252,-0.20,-5.75
184274,-0.29,-7.21
184296,0.46,12.50
184318,-0.25,-7.21
184341,-0.13,-2.71
184364,0.44,11.84
184386,-0.33,-9.59
184409,-0.05,-0.60
184431,0.39,10.38
184454,-0.43,-11.97
184476,0.08,2.71
184499,0.32,8.00
184521,-0.47,-13.03
184544,0.15,4.30
184565,0.23,5.62
184588,-0.50,-13.69
184610,0.18,5.62
184633,0.13,2.98
184655,-0.50,-13.29
184678,0.28,8.27
184700,0.03,0.07
184723,-0.48,-12.76
184745,0.34,9.72
184767,-0.08,-2.84
184794,0.15,4.30
184816,0.24,5.89
184838,-0.50,-13.56
184860,0.20,5.89
184883,0.15,3.51
184905,-0.50,-13.43
184928,0.25,7.47
184950,0.04,0.46
184973,-0.47,-12.63
184995,0.35,9.85
185017,-0.06,-2.31
185039,-0.43,-11.04
185062,0.41,11.31
185084,-0.18,-5.36
185107,-0.31,-7.74
185129,0.45,12.24
185152,-0.23,-6.68
185175,-0.20,-4.83
185197,0.44,11.84
185220,-0.33,-9.33
185242,-0.08,-1.52
185281,0.44,11.84
185304,-0.42,-11.71
185326,0.09,2.84
185349,0.33,8.13
185371,-0.45,-12.50
185394,0.15,4.56
185419,-0.28,-8.00
185442,-0.14,-3.24
185464,0.44,11.57
185487,-0.36,-10.38
185509,-0.00,0.46
185531,0.39,10.12
185553,-0.43,-11.84
185576,0.12,3.77
185598,0.30,7.47
185621,-0.46,-12.76
185644,0.14,4.17
185666,0.21,5.09
185689,-0.50,-13.43
185711,0.20,6.15
185733,0.10,1.92
185755,-0.50,-13.29
185778,0.31,8.93
185800,0.01,-0.46
185823,-0.45,-12.10
185845,0.36,10.12
185868,-0.11,-3.77
185890,-0.36,-9.33
185913,0.43,11.71
185935,-0.21,-5.89
185958,-0.26,-6.42
185980,0.46,12.37
186006,-0.47,-12.63
186029,0.34,9.72
186051,-0.07,-2.58
186074,-0.42,-10.91
186096,0.40,11.18
186119,-0.19,-5.75
186140,-0.30,-7.61
186163,0.44,12.10
186185,-0.23,-6.55
186208,-0.19,-4.43
186230,0.44,11.71
186253,-0.32,-9.33
186275,-0.06,-0.86
186298,0.41,10.91
186320,-0.42,-11.71
186343,0.08,2.71
186365,0.32,8.00
186387,-0.45,-12.37
186411,0.14,3.90
186432,0.24,5.89
186455,-0.50,-13.56
186477,0.19,5.62
186500,0.14,3.24
186522,-0.51,-13.69
186545,0.27,7.87
186567,0.03,0.20
186593,0.07,2.45
186615,0.35,8.93
186638,-0.44,-12.10
186660,0.14,4.03
186682,0.25,6.42
186704,-0.49,-13.56
186727,0.18,5.22
186749,0.16,3.77
186772,-0.51,-13.69
186795,0.24,7.21
186817,0.07,1.12
186840,-0.47,-12.63
186862,0.34,9.72
186884,-0.05,-2.05
186906,-0.43,-11.18
186929,0.40,11.04
186951,-0.17,-5.09
186974,-0.32,-8.00
186996,0.44,12.24
187019,-0.23,-6.28
187041,-0.21,-5.22
187064,0.44,11.84
187086,-0.31,-8.93
187109,-0.09,-1.65
187131,0.41,11.04
187153,-0.39,-10.91
187193,-0.07,-1.12
187218,-0.23,-6.42
187241,-0.22,-5.36
187264,0.46,12.24
187286,-0.30,-8.80
187309,-0.12,-2.71
187331,0.41,11.04
187354,-0.38,-10.78
187376,0.03,1.52
187399,0.37,9.46
187420,-0.44,-11.97
187443,0.13,3.90
187465,0.29,7.21
187488,-0.48,-13.16
187510,0.16,4.56
187533,0.19,4.70
187555,-0.50,-13.56
187578,0.22,6.55
187600,0.09,1.79
187622,-0.49,-13.03
187644,0.32,9.06
187667,-0.01,-0.99
187689,-0.46,-12.10
187712,0.38,10.65
187735,-0.13,-4.43
187757,-0.34,-8.66
187780,0.42,11.57
187815,0.23,5.75
187838,-0.50,-13.56
187860,0.18,5.36
187883,0.14,3.24
187906,-0.51,-13.56
187928,0.29,8.13
187951,0.02,-0.20
187973,-0.47,-12.50
187996,0.36,10.12
188018,-0.11,-3.77
188041,-0.36,-9.19
188062,0.42,11.57
188085,-0.21,-6.02
188107,-0.25,-6.28
188130,0.46,12.37
188152,-0.29,-8.40
188175,-0.13,-2.98
188197,0.42,11.04
188220,-0.38,-10.65
188242,0.05,1.79
188265,0.38,9.85
188288,-0.42,-11.71
188310,0.12,3.64
188333,0.27,6.81
188354,-0.50,-13.69
188377,0.18,5.09
188399,0.19,4.56
188426,-0.09,-1.79
188447,0.41,10.78
188470,-0.40,-11.18
188492,0.07,2.31
188515,0.34,8.66
188537,-0.45,-12.50
188560,0.14,4.17
188582,0.25,6.28
188605,-0.51,-13.82
188627,0.18,5.36
188650,0.15,3.37
188673,-0.50,-13.29
188695,0.28,8.27
188717,0.03,0.07
188739,-0.47,-12.37
188762,0.35,9.99
188784,-0.09,-3.11
188807,-0.40,-10.38
188829,0.42,11.57
188852,-0.20,-5.89
188874,-0.27,-6.42
188897,0.45,12.24
188919,-0.26,-7.47
188942,-0.14,-3.24
188964,0.41,11.04
188987,-0.38,-10.65
189012,0.40,11.18
189035,-0.20,-5.75
189058,-0.30,-7.47
189094,0.15,4.30
189117,0.08,1.65
189139,-0.48,-12.90
189162,0.33,9.19
189184,-0.02,-1.12
189206,-0.45,-11.71
189229,0.38,10.38
189251,-0.17,-4.96
189274,-0.33,-8.27
189296,0.43,11.97
189319,-0.23,-6.68
189341,-0.22,-5.36
189364,0.45,12.10
189386,-0.31,-8.93
189409,-0.10,-2.05
189431,0.42,11.31
189454,-0.40,-11.31
189476,0.05,1.92
189499,0.33,8.53
189521,-0.45,-12.37
189544,0.14,4.17
189565,0.24,6.02
189588,-0.50,-13.56
189615,0.42,11.31
189637,-0.36,-10.38
189660,-0.01,0.60
189681,0.38,9.99
189704,-0.43,-11.71
189726,0.11,3.64
189749,0.29,7.21
189771,-0.47,-13.03
189794,0.17,4.70
189816,0.20,4.83
189839,-0.51,-13.69
189861,0.22,6.55
189884,0.10,1.92
189905,-0.49,-13.03
189929,0.32,9.19
189950,-0.02,-1.12
189973,-0.45,-11.84
189996,0.38,10.38
190018,-0.16,-4.83
190041,-0.32,-8.27
190063,0.44,12.10
190086,-0.24,-6.68
190108,-0.23,-5.62
190131,0.45,12.24
190153,-0.30,-8.80
190176,-0.10,-2.05
190198,0.41,10.91
190224,-0.37,-9.33
190246,0.41,11.44
190269,-0.22,-6.28
190291,-0.25,-6.42
190314,0.46,12.50
190337,-0.27,-7.87
190359,-0.12,-2.71
190382,0.42,11.31
190404,-0.38,-10.65
190427,0.02,1.26
190449,0.36,9.46
190471,-0.44,-12.24
190493,0.12,3.51
190516,0.27,6.68
190538,-0.48,-13.29
190561,0.18,5.22
190583,0.19,4.56
190606,-0.51,-13.69
190628,0.24,7.08
190651,0.08,1.39
190673,-0.49,-13.16
190696,0.33,9.33
190717,-0.03,-1.52
190740,-0.43,-11.18
190763,0.40,10.91
190785,-0.18,-5.36
190812,0.18,5.22
190834,0.14,3.11
190856,-0.50,-13.29
190878,0.28,8.13
190901,0.02,-0.07
190923,-0.47,-12.37
190946,0.36,10.12
190968,-0.09,-3.11
191009,-0.24,-5.75
191032,0.41,10.91
191054,-0.40,-11.18
191077,0.06,2.18
191099,0.33,8.53
191122,-0.45,-12.37
191144,0.14,4.03
191166,0.26,6.42
191188,-0.48,-13.29
191211,0.18,5.22
191234,0.16,3.77
191256,-0.49,-13.16
191279,0.24,7.34
191301,0.06,1.12
191324,-0.49,-13.03
191346,0.33,9.33
191369,-0.03,-1.52
191391,-0.45,-11.57
191414,0.38,10.52
191439,-0.49,-13.43
191462,0.21,6.15
191484,0.11,2.31
191507,-0.49,-12.90
191529,0.31,8.80
191552,0.01,-0.60
191574,-0.47,-12.50
191596,0.36,10.25
191619,-0.12,-4.03
191641,-0.35,-9.06
191664,0.43,11.84
191686,-0.21,-6.02
191709,-0.26,-6.42
191731,0.46,12.50
191754,-0.27,-7.87
191776,-0.14,-3.24
191799,0.43,11.44
191821,-0.38,-10.65
191844,0.04,1.65
191866,0.37,9.72
191889,-0.43,-11.71
191911,0.11,3.64
191933,0.28,7.08
191955,-0.48,-13.16
191978,0.17,4.96
192001,0.20,4.83
192123,-0.55,-15.01
192201,0.08,1.52
192224,-0.52,-13.95
192246,0.28,8.00
192269,-0.00,-0.73
192291,-0.47,-12.50
192314,0.37,10.38
192336,-0.13,-4.17
192359,-0.34,-8.80
192381,0.43,11.84
192404,-0.23,-6.42
192427,-0.25,-6.02
192449,0.45,12.10
192471,-0.29,-8.40
192493,-0.12,-2.58
192516,0.42,11.18
192538,-0.39,-11.04
192561,0.03,1.52
192583,0.36,9.19
192606,-0.45,-12.37
192628,0.13,3.90
192651,0.27,6.81
192673,-0.48,-13.16
192696,0.18,5.36
192718,0.17,4.03
192741,-0.51,-13.69
192763,0.24,7.08
192791,-0.49,-13.03
192814,0.33,9.59
192836,-0.03,-1.26
192859,-0.44,-11.44
192881,0.40,11.04
192904,-0.18,-5.36
192926,-0.30,-7.47
192949,0.45,12.37
192971,-0.24,-6.94
192994,-0.19,-4.43
193016,0.44,11.71
193039,-0.34,-9.72
193069,0.16,3.77
193103,-0.05,-1.92
193125,-0.44,-11.31
193148,0.39,10.78
193170,-0.18,-5.22
193192,-0.31,-7.87
193215,0.45,12.50
193238,-0.23,-6.55
193260,-0.20,-4.83
193283,0.45,11.84
193305,-0.32,-9.33
193328,-0.08,-1.52
193350,0.40,10.78
193373,-0.40,-11.18
193398,0.43,11.84
193421,-0.23,-6.28
193443,-0.24,-5.89
193466,0.46,12.37
193488,-0.30,-8.66
193511,-0.11,-2.31
193533,0.41,10.91
193556,-0.40,-11.18
193579,0.06,2.18
193601,0.36,9.19
193624,-0.45,-12.24
193646,0.13,3.90
193669,0.25,6.28
193691,-0.49,-13.43
193714,0.19,5.62
193736,0.14,3.24
193758,-0.50,-13.29
193780,0.27,8.00
193803,0.03,0.20
193825,-0.47,-12.50
193848,0.36,10.12
193870,-0.08,-2.84
193893,-0.39,-10.12
193915,0.41,11.44
193938,-0.20,-5.62
193960,-0.27,-6.68
193986,0.08,1.39
194009,-0.48,-12.90
194031,0.33,9.46
194054,-0.02,-1.26
194076,-0.43,-11.44
194099,0.39,10.65
194121,-0.17,-5.36
194144,-0.31,-7.87
194166,0.43,11.97
194189,-0.22,-6.28
194211,-0.19,-4.56
194234,0.45,11.97
194256,-0.33,-9.59
194279,-0.06,-0.73
194301,0.41,10.91
194324,-0.43,-11.97
194347,0.08,2.58
194368,0.33,8.13
194391,-0.47,-12.90
194413,0.15,4.43
194436,0.21,5.36
194458,-0.50,-13.43
194481,0.18,5.75
194503,0.11,2.45
194526,-0.50,-13.29
194548,0.30,8.66
194574,-0.42,-11.57
194596,0.11,3.37
194619,0.28,7.21
194641,-0.48,-13.16
194664,0.15,4.43
194686,0.19,4.43
194709,-0.53,-14.09
194732,0.23,6.94
194754,0.09,1.65
194776,-0.49,-13.03
194799,0.32,9.06
194821,-0.04,-1.92
194843,-0.44,-11.44
194866,0.38,10.78
194888,-0.17,-5.22
194911,-0.31,-7.74
194933,0.45,12.24
194956,-0.24,-6.81
194984,0.45,11.84
195018,0.43,11.44
195041,-0.38,-10.65
195063,0.06,1.92
195086,0.33,8.40
195108,-0.46,-12.63
195131,0.16,4.83
195153,0.18,4.43
195176,-0.51,-13.69
195203,0.39,10.12
195225,-0.44,-12.24
195248,0.13,3.77
195270,0.22,5.36
195293,-0.51,-13.95
195315,0.25,7.21
195338,0.04,0.46
195360,-0.47,-12.50
195383,0.37,10.38
195405,-0.15,-4.70
195428,-0.32,-8.13
195450,0.46,12.63
195473,-0.24,-6.94
195495,-0.14,-2.98
195519,0.42,11.18
195542,-0.41,-11.44
195564,0.09,2.71
195587,0.29,7.34
195609,-0.48,-13.03
195632,0.20,5.89
195654,0.13,2.98
195677,-0.49,-13.16
195699,0.33,9.33
195722,-0.05,-1.92
195744,-0.42,-10.78
195767,0.41,11.31
195793,-0.49,-13.03
195816,0.30,8.53
195838,-0.02,-1.12
195861,-0.44,-11.44
195884,0.41,11.31
195906,-0.19,-5.49
195929,-0.25,-6.15
195951,0.44,11.97
195975,-0.32,-9.06
195997,0.00,0.60
196020,0.41,10.78
196042,-0.43,-11.84
196065,0.13,4.03
196087,0.26,6.55
196110,-0.51,-13.82
196132,0.18,5.49
196155,0.09,1.79
196177,-0.49,-13.03
196200,0.35,9.99
196222,-0.08,-2.84
196245,-0.38,-9.59
196268,0.42,11.71
196290,-0.22,-6.15
196313,-0.21,-5.09
196335,0.44,11.57
196359,-0.36,-10.38
196384,0.41,11.44
196407,-0.22,-6.02
196429,-0.25,-6.15
196452,0.44,11.71
196474,-0.32,-9.19
196497,-0.04,-0.46
196520,0.37,9.72
196543,-0.45,-12.24
196566,0.13,3.64
196588,0.23,5.49
196611,-0.51,-13.82
196633,0.23,6.81
196656,0.05,0.73
196678,-0.46,-12.37
196701,0.37,10.25
196723,-0.14,-4.56
196746,-0.32,-7.87
196768,0.45,12.37
196791,-0.25,-7.08
196813,-0.14,-3.24
196837,0.42,11.18
196859,-0.41,-11.31
196882,0.07,2.31
196910,-0.47,-12.90
196944,-0.51,-13.82
196967,0.22,6.68
196989,0.10,2.05
197015,0.01,0.99
197038,0.37,9.33
197060,-0.43,-11.97
197083,0.13,4.03
197105,0.25,6.28
197128,-0.49,-13.43
197150,0.20,5.89
197173,0.09,1.79
197195,-0.49,-12.90
197218,0.35,9.85
197240,-0.09,-3.11
197263,-0.39,-9.85
197285,0.43,12.10
197308,-0.22,-6.02
197330,-0.23,-5.75
197353,0.44,11.71
197376,-0.35,-9.99
197398,-0.02,0.20
197421,0.39,10.12
197443,-0.45,-12.50
197466,0.14,4.17
197488,0.22,5.49
197511,-0.50,-13.56
197534,0.24,7.21
197557,0.04,0.33
197579,-0.47,-12.37
197615,0.01,0.99
197638,0.34,8.66
197660,-0.47,-12.76
197683,0.17,4.96
197705,0.19,4.43
197728,-0.50,-13.29
197751,0.28,8.13
197774,-0.00,-0.73
197796,-0.45,-11.57
197819,0.39,10.91
197841,-0.20,-5.62
197864,-0.24,-6.02
197886,0.46,12.37
197909,-0.32,-9.19
197932,0.00,0.46
197954,0.40,10.52
197977,-0.44,-11.97
198000,0.14,4.17
198023,0.23,5.49
198045,-0.51,-13.69
198068,0.25,7.34
198090,0.05,0.60
198113,-0.46,-12.37
198135,0.39,10.78
198158,-0.17,-5.22
198180,-0.32,-8.00
198203,0.46,12.37
198230,-0.47,-12.50
198252,0.37,10.38
198275,-0.15,-4.83
198297,-0.31,-8.00
198320,0.44,11.97
198342,-0.26,-7.47
198365,-0.13,-2.84
198388,0.42,11.18
198411,-0.41,-11.44
198433,0.10,3.24
198456,0.29,7.08
198478,-0.49,-13.43
198501,0.20,5.89
198523,0.11,2.45
198546,-0.47,-12.63
198568,0.34,9.72
198591,-0.08,-2.71
198614,-0.37,-9.46
198636,0.42,11.84
198659,-0.24,-6.68
198682,-0.20,-4.70
198705,0.44,11.71
198727,-0.35,-9.99
198750,-0.02,0.20
198772,0.37,9.59
198795,-0.44,-12.10
198827,-0.27,-7.61
198859,-0.29,-8.40
198882,-0.14,-3.24
198904,0.41,11.04
198927,-0.38,-10.78
198949,0.05,2.05
198972,0.37,9.46
198994,-0.44,-12.10
199017,0.13,3.77
199040,0.27,6.68
199062,-0.47,-12.90
199085,0.15,4.43
199107,0.15,3.51
199130,-0.51,-13.56
199152,0.25,7.61
199175,0.04,0.46
199196,-0.47,-12.63
199219,0.35,9.85
199241,-0.08,-2.71
199264,-0.40,-10.25
199286,0.40,11.31
199309,-0.21,-5.89
199331,-0.26,-6.55
199354,0.46,12.37
199376,-0.27,-7.61
199399,-0.11,-2.05
199421,0.44,11.71
199447,-0.41,-10.38
199470,0.39,10.91
199492,-0.22,-6.15
199515,-0.28,-6.94
199537,0.45,12.24
199560,-0.26,-7.61
199582,-0.12,-2.58
199605,0.43,11.31
199627,-0.37,-10.65
199650,0.06,1.92
199672,0.37,9.59
199695,-0.44,-12.10
199717,0.13,4.03
199740,0.27,6.68
199762,-0.48,-13.16
199785,0.17,4.83
199808,0.16,3.64
199830,-0.50,-13.29
199853,0.28,8.00
199875,0.04,0.46
199897,-0.47,-12.50
199919,0.36,9.99
199942,-0.09,-3.11
199964,-0.39,-9.99
199987,0.40,11.18
200009,-0.20,-5.75
200035,0.22,6.42
200057,0.09,1.65
200080,-0.49,-13.03
200102,0.33,9.19
200125,-0.03,-1.39
200147,-0.44,-11.57
200170,0.39,10.91
200193,-0.17,-5.09
200215,-0.31,-7.74
200238,0.44,12.10
200260,-0.25,-6.94
200283,-0.18,-4.30
200305,0.44,11.71
200328,-0.34,-9.85
200350,-0.03,-0.07
200373,0.40,10.38
200395,-0.42,-11.71
200418,0.12,3.77
200440,0.27,6.55
200463,-0.48,-13.43
200485,0.16,4.70
200508,0.18,4.30
200529,-0.51,-13.56
200553,0.26,7.61
200574,0.05,0.60
200597,-0.47,-12.50
200624,0.32,8.00
200645,-0.47,-12.76
200669,0.15,4.30
200690,0.21,5.09
200713,-0.50,-13.69
200741,0.08,1.52
200774,0.15,3.51
200797,-0.50,-13.29
200819,0.27,7.87
200842,0.03,0.20
200864,-0.48,-12.76
200887,0.35,9.85
200909,-0.09,-3.11
200932,-0.40,-10.25
200954,0.42,11.57
200977,-0.21,-6.02
200999,-0.26,-6.55
201022,0.45,12.10
201044,-0.28,-8.27
201067,-0.12,-2.71
201090,0.42,11.18
201112,-0.38,-10.78
201135,0.05,1.92
201156,0.34,8.53
201179,-0.45,-12.37
201201,0.15,4.43
201224,0.23,5.62
201250,-0.14,-3.11
201273,0.43,11.57
201295,-0.37,-10.52
201318,0.03,1.52
201339,0.38,9.72
201362,-0.44,-12.24
201384,0.12,3.64
201407,0.25,6.15
201430,-0.49,-13.56
201452,0.16,4.83
201475,0.15,3.64
201497,-0.50,-13.43
201520,0.28,8.13
201542,0.02,-0.07
201565,-0.46,-12.37
201587,0.37,10.38
201610,-0.13,-4.30
201632,-0.34,-8.80
201655,0.43,11.84
201677,-0.23,-6.55
201700,-0.22,-5.22
201722,0.45,11.97
201745,-0.33,-9.59
201767,-0.04,-0.46
201790,0.40,10.65
201812,-0.42,-11.71
201838,0.45,12.37
201861,-0.24,-6.81
201883,-0.17,-4.03
201906,0.44,11.57
201928,-0.36,-10.25
201951,0.00,0.86
201973,0.38,9.85
201996,-0.43,-11.97
202018,0.13,3.90
202041,0.27,6.68
202063,-0.50,-13.69
202086,0.17,5.09
202108,0.14,3.24
202131,-0.49,-13.16
202153,0.30,8.53
202176,0.01,-0.46
202199,-0.46,-12.10
202221,0.39,10.65
202244,-0.15,-4.83
202266,-0.32,-8.13
202289,0.46,12.63
202311,-0.23,-6.68
202334,-0.18,-4.30
202356,0.42,11.31
202379,-0.35,-10.25
202401,-0.00,0.73
202424,0.37,9.72
202460,-0.11,-3.64
202482,-0.37,-9.46
202505,0.42,11.71
202527,-0.22,-6.02
202550,-0.24,-6.02
202572,0.45,12.10
202595,-0.30,-8.53
202617,-0.10,-1.92
202640,0.41,10.78
202679,-0.34,-9.85
202701,0.06,2.18
202724,0.33,8.40
202746,-0.46,-12.63
202769,0.16,4.43
202791,0.22,5.49
202814,-0.50,-13.43
202836,0.21,6.15
202859,0.10,1.79
202882,-0.49,-13.16
202904,0.32,9.06
202927,-0.03,-1.52
202949,-0.45,-11.71
202972,0.40,11.04
202994,-0.18,-5.36
203017,-0.29,-7.21
203039,0.45,12.24
203065,-0.47,-12.50
203087,0.34,9.59
203110,-0.07,-2.45
203132,-0.40,-10.38
203155,0.41,11.44
203177,-0.21,-5.75
203200,-0.26,-6.42
203223,0.46,12.24
203245,-0.28,-8.00
203268,-0.13,-2.84
203290,0.42,11.18
203313,-0.41,-11.44
203335,0.05,2.05
203358,0.33,8.27
203380,-0.46,-12.63
203403,0.16,4.56
203425,0.23,5.62
203447,-0.50,-13.56
203470,0.22,6.28
203492,0.10,1.92
203514,-0.48,-12.90
203537,0.33,9.33
203559,-0.04,-1.65
203582,-0.42,-11.04
203604,0.41,11.44
203627,-0.19,-5.62
203654,0.19,5.75
203676,0.10,1.92
203698,-0.49,-13.03
203720,0.33,9.19
203743,-0.04,-1.65
203765,-0.42,-10.78
203788,0.39,11.04
203810,-0.20,-5.75
203833,-0.27,-6.81
203855,0.46,12.37
203878,-0.27,-7.74
203900,-0.11,-2.05
203923,0.43,11.57
203945,-0.38,-10.65
203968,0.05,1.92
203991,0.34,8.66
204013,-0.45,-12.50
204036,0.14,4.17
204058,0.23,5.75
204081,-0.51,-13.69
204103,0.21,6.15
204126,0.11,2.58
204148,-0.48,-12.90
204171,0.32,9.33
204193,-0.03,-1.39
204216,-0.42,-11.04
204238,0.40,11.04
204264,-0.51,-13.95
204286,0.24,6.94
204309,0.10,1.92
204332,-0.49,-13.16
204354,0.33,9.46
204377,-0.05,-1.92
204399,-0.42,-10.78
204422,0.40,10.91
204444,-0.20,-5.89
204467,-0.29,-7.08
204489,0.44,11.97
204512,-0.27,-7.74
204534,-0.13,-2.84
204557,0.43,11.44
204596,-0.32,-9.06
204618,0.06,2.18
204641,0.35,8.80
204663,-0.45,-12.37
204686,0.15,4.30
204708,0.24,5.75
204731,-0.51,-13.82
204753,0.19,5.75
204776,0.11,2.31
204798,-0.48,-12.90
204821,0.32,9.06
204844,-0.03,-1.39
204869,0.12,3.64
204892,0.27,6.55
204914,-0.48,-13.29
204937,0.19,5.62
204959,0.14,3.11
204982,-0.50,-13.29
205004,0.29,8.40
205027,0.02,-0.20
205048,-0.46,-12.24
205072,0.38,10.52
205094,-0.14,-4.43
205117,-0.32,-8.13
205139,0.44,12.10
205162,-0.23,-6.55
205184,-0.20,-4.83
205206,0.45,11.97
205229,-0.34,-9.85
205251,-0.01,0.46
205274,0.40,10.52
205296,-0.42,-11.71
205319,0.11,3.51
205341,0.28,7.08
205364,-0.48,-13.29
205386,0.17,4.83
205409,0.16,3.77
205431,-0.50,-13.43
205454,0.25,7.61
205479,-0.41,-11.57
205502,0.09,2.98
205524,0.29,7.34
205547,-0.47,-13.03
205570,0.15,4.17
205592,0.19,4.70
205615,-0.51,-13.56
205637,0.25,7.47
205660,0.07,1.12
205682,-0.47,-12.63
205705,0.35,9.72
205727,-0.08,-2.84
205750,-0.38,-9.72
205772,0.41,11.31
205795,-0.21,-5.89
205817,-0.25,-6.28
205840,0.45,12.10
205862,-0.29,-8.40
205885,-0.11,-2.31
205907,0.40,10.78
205930,-0.41,-11.44
205953,0.07,2.45
205975,0.31,7.74
205998,-0.46,-12.76
206020,0.17,4.83
206043,0.21,5.22
206068,-0.12,-2.58
206091,0.42,11.04
206113,-0.39,-11.04
206136,0.06,2.31
206158,0.32,8.00
206181,-0.45,-12.50
206203,0.17,4.83
206226,0.21,5.22
206247,-0.50,-13.56
206271,0.22,6.55
206292,0.10,1.92
206315,-0.48,-12.76
206338,0.33,9.46
206360,-0.05,-2.05
206383,-0.42,-10.78
206405,0.40,11.18
206428,-0.19,-5.62
206450,-0.27,-6.94
206473,0.46,12.37
206511,-0.05,-2.05
206533,-0.31,-7.74
206556,0.44,11.97
206578,-0.25,-7.08
206601,-0.18,-4.17
206623,0.44,11.84
206646,-0.36,-10.25
206668,0.04,1.39
206695,-0.18,-5.36
206717,-0.29,-7.34
206740,0.45,12.24
206763,-0.25,-7.34
206785,-0.12,-2.45
206808,0.43,11.57
206830,-0.36,-10.25
206853,0.00,0.73
206874,0.36,9.33
206897,-0.44,-12.24
206919,0.13,4.03
206942,0.26,6.42
206964,-0.50,-13.69
206987,0.18,5.36
207009,0.15,3.37
207032,-0.50,-13.29
207054,0.29,8.53
207077,0.02,-0.20
207099,-0.45,-12.10
207122,0.38,10.52
207144,-0.14,-4.56
207167,-0.33,-8.27
207190,0.45,12.24
207212,-0.23,-6.68
207235,-0.20,-4.83
207257,0.44,11.71
207293,0.06,0.86
207315,-0.48,-12.76
207338,0.34,9.59
207361,-0.08,-2.71
207383,-0.40,-10.25
207406,0.42,11.71
207428,-0.21,-6.02
207451,-0.24,-6.02
207473,0.46,12.24
207496,-0.31,-8.80
207518,-0.07,-1.12
207541,0.42,11.04
207563,-0.42,-11.57
207586,0.09,3.11
207608,0.30,7.34
207631,-0.47,-12.90
207653,0.16,4.56
207676,0.18,4.30
207698,-0.50,-13.43
207721,0.27,7.87
207744,0.05,0.60
207766,-0.48,-12.90
207789,0.35,9.99
207811,-0.10,-3.37
207834,-0.37,-9.59
207856,0.41,11.44
207879,-0.21,-5.89
207899,-0.49,-13.03
207922,0.31,8.93
207944,0.01,-0.33
207967,-0.45,-11.84
207989,0.40,11.04
208012,-0.16,-4.96
208034,-0.33,-8.27
208057,0.44,11.97
208079,-0.23,-6.68
208102,-0.18,-4.30
208124,0.44,11.71
208147,-0.36,-10.25
208169,-0.01,0.60
208192,0.38,9.85
208215,-0.44,-12.24
208237,0.13,4.03
208259,0.26,6.42
208281,-0.49,-13.56
208305,0.18,5.49
208326,0.14,3.24
208349,-0.48,-12.90
208371,0.31,8.80
208394,-0.00,-0.73
208434,-0.43,-11.04
208457,0.43,11.71
208480,-0.28,-8.00
208505,0.35,9.72
208528,-0.06,-2.18
208550,-0.41,-10.52
208573,0.41,11.44
208595,-0.21,-5.89
208618,-0.26,-6.68
208641,0.45,11.97
208663,-0.29,-8.27
208686,-0.07,-0.99
208708,0.41,10.78
208731,-0.41,-11.31
208753,0.08,2.58
208776,0.33,8.27
208798,-0.46,-12.76
208821,0.14,3.90
208843,0.20,4.83
208866,-0.51,-13.69
208888,0.24,7.08
208911,0.07,1.12
208932,-0.48,-12.63
208956,0.36,10.12
208978,-0.10,-3.51
209001,-0.38,-9.72
209024,0.42,11.57
209046,-0.22,-6.15
209069,-0.24,-5.89
209094,0.02,-0.20
209117,-0.45,-11.97
209139,0.38,10.52
209162,-0.15,-4.83
209184,-0.32,-8.00
209207,0.44,11.97
209229,-0.25,-6.94
209252,-0.16,-3.64
209274,0.43,11.57
209297,-0.36,-10.25
209319,0.02,1.26
209342,0.38,9.85
209364,-0.43,-11.84
209387,0.13,3.77
209410,0.25,6.15
209432,-0.51,-13.95
209455,0.20,5.75
209477,0.12,2.58
209500,-0.50,-13.16
209522,0.31,8.80
209545,-0.03,-1.39
209567,-0.42,-11.04
209590,0.40,11.04
209612,-0.20,-5.62
209635,-0.27,-6.81
209657,0.47,12.63
209683,-0.48,-12.76
209705,0.35,9.72
209728,-0.09,-3.11
209751,-0.38,-9.72
209773,0.42,11.44
209796,-0.21,-5.89
209818,-0.25,-6.02
209841,0.45,12.10
209863,-0.30,-8.80
209886,-0.11,-2.18
209908,0.41,10.91
209931,-0.41,-11.44
209953,0.08,2.71
209976,0.31,7.74
209998,-0.46,-12.63
210021,0.16,4.70
210043,0.19,4.43
210066,-0.52,-13.82
210088,0.25,7.34
210111,0.05,0.73
210134,-0.47,-12.37
210156,0.36,10.25
210179,-0.11,-3.90
210201,-0.35,-9.06
210224,0.42,11.84
210246,-0.22,-6.28
210269,-0.22,-5.36
210294,-0.01,-0.86
210323,0.38,10.38
210357,0.38,10.78
210379,-0.20,-5.62
210402,-0.28,-7.08
210424,0.45,12.10
210447,-0.27,-7.74
210469,-0.14,-3.11
210492,0.41,11.04
210514,-0.40,-11.31
210537,0.03,1.52
210560,0.34,8.80
210581,-0.45,-12.50
210605,0.16,4.56
210626,0.21,5.36
210649,-0.51,-13.69
210671,0.22,6.68
210694,0.08,1.52
210716,-0.50,-13.16
210739,0.34,9.59
210761,-0.06,-2.18
210784,-0.41,-10.65
210806,0.41,11.44
210829,-0.21,-5.89
210851,-0.25,-6.28
210874,0.44,11.97
210900,-0.46,-12.24
210923,0.38,10.52
210946,-0.15,-4.70
210968,-0.33,-8.40
210991,0.44,12.10
211013,-0.24,-6.94
211036,-0.18,-4.30
211058,0.43,11.57
211081,-0.36,-10.25
211103,0.03,1.39
211126,0.36,9.19
211148,-0.45,-12.37
211171,0.14,4.17
211193,0.22,5.49
211216,-0.50,-13.56
211238,0.21,6.28
211261,0.09,1.65
211283,-0.47,-12.63
211306,0.35,9.99
211329,-0.08,-2.71
211351,-0.40,-10.25
211374,0.41,11.44
211396,-0.22,-6.15
211419,-0.22,-5.49
211441,0.44,11.84
211464,-0.33,-9.59
211587,-0.09,-1.52
211664,-0.50,-13.82
211687,0.09,2.71
211709,0.21,5.22
211732,-0.52,-14.09
211755,0.21,6.15
211777,0.10,1.92
211800,-0.50,-13.29
211822,0.33,9.46
211845,-0.06,-2.18
211867,-0.40,-10.38
211890,0.41,11.44
211912,-0.20,-5.75
211935,-0.25,-6.28
211957,0.45,12.24
211980,-0.31,-8.93
212002,-0.09,-1.65
212025,0.41,10.91
212047,-0.40,-11.18
212071,0.11,3.51
212092,0.27,6.94
212115,-0.49,-13.56
212139,0.18,5.09
212160,0.13,2.98
212183,-0.50,-13.29
212205,0.32,9.06
212228,-0.01,-0.86
212264,-0.41,-11.44
212287,0.09,2.98
212310,0.29,7.21
212332,-0.48,-13.29
212355,0.18,5.22
212377,0.16,3.77
212409,0.40,10.65
212443,0.34,8.66
212465,-0.45,-12.50
212488,0.14,4.30
212510,0.22,5.49
212533,-0.51,-13.69
212555,0.22,6.42
212578,0.09,1.65
212600,-0.48,-12.76
212623,0.34,9.46
212645,-0.08,-2.84
212668,-0.39,-10.12
212690,0.42,11.57
212713,-0.22,-6.15
212736,-0.22,-5.36
212758,0.45,12.10
212781,-0.34,-9.72
212803,-0.04,-0.46
212826,0.38,9.85
212848,-0.43,-11.97
212874,0.45,12.37
212896,-0.27,-7.87
212919,-0.14,-3.24
212941,0.43,11.44
212964,-0.40,-11.18
212986,0.06,2.18
213009,0.32,8.13
213031,-0.46,-12.63
213054,0.15,4.30
213076,0.21,5.09
213099,-0.50,-13.43
213122,0.23,6.81
213144,0.06,0.86
213167,-0.48,-12.90
213189,0.35,9.85
213212,-0.09,-3.11
213234,-0.38,-9.85
213257,0.42,11.71
213279,-0.22,-6.02
213302,-0.22,-5.49
213324,0.46,12.24
213347,-0.33,-9.59
213369,-0.07,-1.12
213392,0.39,10.25
213414,-0.43,-11.84
213437,0.13,3.90
213459,0.26,6.55
213485,-0.18,-4.17
213508,0.43,11.44
213530,-0.37,-10.52
213554,0.01,0.99
213576,0.35,9.06
213598,-0.45,-12.50
213621,0.15,4.17
213643,0.23,5.62
213665,-0.50,-13.43
213688,0.22,6.55
213710,0.08,1.52
213733,-0.48,-12.76
213755,0.35,9.99
213778,-0.08,-2.71
213800,-0.40,-10.25
213823,0.42,11.57
213846,-0.21,-5.89
213868,-0.23,-5.49
213892,0.45,11.97
213914,-0.33,-9.33
213937,-0.04,-0.20
213959,0.39,10.38
213982,-0.43,-11.84
214004,0.13,3.90
214027,0.26,6.42
214049,-0.49,-13.43
214075,0.42,11.31
214097,-0.39,-10.91
214120,0.05,2.05
214142,0.34,8.66
214165,-0.46,-12.63
214188,0.16,4.56
214210,0.21,5.09
214233,-0.51,-13.56
214255,0.24,7.21
214278,0.06,0.99
214300,-0.47,-12.50
214329,-0.11,-3.64
214363,-0.21,-6.02
214385,-0.23,-5.49
214408,0.45,11.97
214430,-0.36,-10.25
214453,0.01,0.86
214475,0.34,8.53
214499,-0.46,-12.63
214521,0.17,4.83
214544,0.16,3.64
214566,-0.50,-13.16
214589,0.34,9.59
214611,-0.07,-2.45
214634,-0.38,-9.85
214657,0.43,11.97
214679,-0.23,-6.55
214700,-0.47,-12.63
214723,0.35,9.72
214746,-0.13,-4.03
214768,-0.33,-8.27
214791,0.45,12.50
214813,-0.25,-7.47
214836,-0.11,-2.05
214858,0.41,10.91
214881,-0.43,-11.97
214904,0.13,4.03
214927,0.23,5.62
214949,-0.50,-13.43
214972,0.25,7.61
214994,0.03,-0.07
215017,-0.45,-11.84
215040,0.38,10.65
215062,-0.21,-6.02
215086,-0.24,-5.89
215108,0.46,12.24
215131,-0.35,-9.99
215153,0.00,0.86
215176,0.36,9.19
215198,-0.45,-12.37
215221,0.15,4.30
215243,0.17,4.03
215266,-0.50,-13.16
215292,0.36,9.19
215315,-0.46,-12.76
215337,0.18,5.09
215360,0.16,3.90
215383,-0.50,-13.43
215406,0.32,9.06
215429,-0.06,-2.31
215451,-0.38,-9.85
215474,0.43,11.84
215496,-0.23,-6.55
215519,-0.17,-3.90
215541,0.43,11.31
215564,-0.41,-11.44
215587,0.09,2.98
215610,0.27,6.68
215632,-0.49,-13.56
215655,0.20,6.02
215677,0.08,1.39
215700,-0.47,-12.37
215723,0.37,10.52
215745,-0.16,-4.96
215769,-0.29,-7.34
215791,0.45,12.10
215814,-0.31,-8.93
215836,-0.05,-0.86
215859,0.38,9.85
215885,-0.27,-6.81
215908,0.46,12.37
215930,-0.32,-9.06
215953,-0.03,-0.07
215975,0.38,9.85
215998,-0.44,-12.37
216020,0.15,4.43
216043,0.20,4.83
216067,-0.50,-13.43
216089,0.30,8.66
216112,-0.02,-1.26
216134,-0.42,-10.91
216157,0.42,11.71
216179,-0.22,-6.15
216202,-0.18,-4.17
216225,0.42,11.18
216248,-0.38,-10.78
216287,-0.05,-0.46
216309,0.26,6.55
216332,-0.48,-13.29
216355,0.18,5.36
216378,0.11,2.31
216399,-0.48,-12.90
216423,0.35,9.72
216445,-0.09,-2.98
216468,-0.38,-9.72
216491,0.43,11.97
216516,-0.48,-12.76
216540,0.35,9.99
216562,-0.11,-3.51
216585,-0.34,-8.80
216607,0.44,12.24
216630,-0.25,-7.21
216652,-0.12,-2.58
216675,0.40,10.78
216697,-0.41,-11.31
216721,0.11,3.77
216743,0.25,6.28
216766,-0.50,-13.69
216788,0.24,6.94
216811,0.05,0.73
216834,-0.46,-12.24
216856,0.38,10.38
216879,-0.19,-5.49
216902,-0.26,-6.55
216925,0.45,12.10
216947,-0.32,-9.19
216970,-0.02,0.20
216992,0.38,9.72
217015,-0.44,-12.24
217037,0.16,4.43
217060,0.19,4.56
217082,-0.50,-13.29
217119,-0.09,-1.79
217142,0.39,10.25
217165,-0.44,-12.24
217188,0.15,4.17
217210,0.19,4.56
217233,-0.50,-13.29
217255,0.31,8.80
217278,-0.04,-1.79
217300,-0.41,-10.52
217324,0.42,11.44
217347,-0.23,-6.55
217369,-0.16,-3.64
217392,0.43,11.57
217414,-0.39,-11.04
217438,0.10,3.24
217460,0.27,6.68
217483,-0.50,-13.69
217505,0.21,6.28
217528,0.07,0.99
217550,-0.46,-12.37
217573,0.38,10.38
217595,-0.18,-5.36
217619,-0.27,-6.81
217641,0.45,11.97
217664,-0.33,-9.46
217687,-0.02,0.07
217713,-0.21,-5.89
217736,-0.25,-6.28
217758,0.45,11.97
217781,-0.35,-10.12
217803,0.04,1.65
217826,0.33,8.40
217848,-0.47,-13.03
217872,0.19,5.36
217894,0.13,2.84
217917,-0.49,-13.16
217939,0.36,10.12
217962,-0.12,-3.90
217985,-0.32,-8.13
218007,0.44,11.97
218031,-0.28,-8.13
218053,-0.09,-1.79
218076,0.41,10.91
218098,-0.43,-11.84
218121,0.13,3.90
218143,0.23,5.75
218166,-0.50,-13.56
218194,0.08,1.26
218226,0.36,9.19
218249,-0.43,-11.84
218271,0.15,4.30
218294,0.23,5.75
218316,-0.50,-13.69
218342,0.42,11.18
218364,-0.40,-11.31
218387,0.07,2.58
218409,0.32,8.13
218432,-0.46,-12.63
218455,0.17,4.96
218477,0.19,4.70
218500,-0.51,-13.56
218522,0.26,7.47
218545,0.03,0.33
218567,-0.46,-12.24
218590,0.39,10.78
218612,-0.13,-4.17
218635,-0.33,-8.13
218657,0.44,11.97
218680,-0.25,-7.08
218702,-0.17,-4.03
218725,0.43,11.44
218747,-0.37,-10.52
218770,0.04,1.79
218792,0.36,9.33
218815,-0.44,-12.10
218838,0.16,4.56
218860,0.23,5.62
218883,-0.52,-13.95
218905,0.21,6.42
218932,-0.40,-11.04
218954,0.09,2.71
218977,0.32,7.87
218998,-0.46,-12.76
219022,0.17,4.96
219044,0.18,4.30
219066,-0.50,-13.43
219089,0.28,8.00
219112,0.02,-0.20
219133,-0.45,-12.10
219157,0.38,10.52
219180,-0.16,-4.96
219202,-0.30,-7.47
219225,0.46,12.63
219247,-0.25,-7.21
219270,-0.15,-3.37
219292,0.43,11.31
219315,-0.39,-10.78
219337,0.04,1.79
219360,0.33,8.27
219382,-0.45,-12.50
219405,0.15,4.30
219427,0.19,4.70
219450,-0.50,-13.43
219472,0.27,7.74
219495,0.05,0.60
219517,-0.47,-12.50
219543,0.29,7.21
219566,-0.41,-11.18
219588,0.22,6.28
219611,0.13,2.98
219633,-0.54,-14.48
219656,0.25,7.47
219678,0.02,-0.07
219701,-0.43,-11.18
219723,0.42,11.57
219746,-0.16,-4.70
219768,-0.27,-6.94
219791,0.45,12.24
219813,-0.29,-8.53
219836,-0.13,-2.84
219858,0.42,11.04
219881,-0.40,-11.31
219904,0.09,2.98
219926,0.33,8.13
219949,-0.45,-12.63
219971,0.17,4.70
219994,0.17,4.17
220016,-0.50,-13.43
220039,0.26,7.74
220061,0.02,-0.07
220084,-0.47,-12.50
220113,-0.23,-6.42
220151,-0.42,-10.91
220174,0.41,11.31
220196,-0.20,-5.75
220219,-0.25,-6.28
220241,0.44,12.10
220264,-0.31,-9.06
220286,-0.08,-1.52
220309,0.40,10.65
220332,-0.42,-11.71
220354,0.12,3.77
220377,0.23,5.49
220399,-0.55,-15.28
220422,0.18,5.36
220444,0.16,3.64
220467,-0.46,-12.24
220489,0.36,10.25
220512,-0.04,-1.12
220534,-0.45,-11.44
220557,-0.04,-0.99
220579,-0.04,-0.99
220602,-0.03,-0.86
220624,-0.03,-0.73
220647,-0.03,-0.73
220669,-0.03,-0.73
220692,-0.03,-0.73
220715,-0.02,-0.73
220741,-0.02,-0.60
220764,-0.03,-0.73
220786,-0.02,-0.60
220809,-0.02,-0.60
220831,-0.03,-0.73
220854,-0.02,-0.60
220876,-0.02,-0.60
220899,-0.02,-0.60
220921,-0.02,-0.60
220944,-0.03,-0.60
220966,-0.02,-0.60
220989,-0.02,-0.60
221011,-0.02,-0.60
221034,-0.02,-0.60
221057,-0.02,-0.60
221079,-0.03,-0.60
221102,-0.02,-0.60
221124,-0.02,-0.60
221147,-0.02,-0.60
221169,-0.02,-0.60
221192,-0.02,-0.60
221214,-0.02,-0.60
221237,-0.02,-0.60
221259,-0.02,-0.73
221282,-0.02,-0.60
221304,-0.02,-0.60
221330,-0.03,-0.73
221352,-0.03,-0.73
221375,-0.02,-0.60
221398,-0.02,-0.73
221420,-0.03,-0.73
221443,-0.02,-0.60
221465,-0.02,-0.60
221488,-0.02,-0.60
221510,-0.02,-0.60
221533,-0.02,-0.73
221555,-0.02,-0.60
221578,-0.03,-0.60
221601,-0.02,-0.60
221624,-0.02,-0.60
221646,-0.02,-0.60
221669,-0.02,-0.60
221691,-0.02,-0.60
221714,-0.03,-0.73
221736,-0.02,-0.60
221759,-0.02,-0.60
221782,-0.03,-0.60
221804,-0.02,-0.60
221827,-0.02,-0.60
221849,-0.03,-0.60
221872,-0.02,-0.60
221908,-0.03,-0.73
221931,-0.03,-0.73
221954,-0.03,-0.73
221976,-0.02,-0.60
221999,-0.02,-0.60
222026,-0.03,-0.73
222058,-0.03,-0.86
222081,-0.03,-0.73
222103,-0.03,-0.73
222126,-0.03,-0.73
222148,-0.03,-0.73
222171,-0.03,-0.73
222193,-0.03,-0.73
222216,-0.03,-0.73
222238,-0.03,-0.73
222261,-0.03,-0.73
222283,-0.03,-0.73
222306,-0.03,-0.73
222328,-0.03,-0.73
222351,-0.03,-0.73
222373,-0.02,-0.73
222396,-0.03,-0.73
222418,-0.03,-0.73
222441,-0.02,-0.73
222464,-0.03,-0.73
222486,-0.03,-0.73
222513,-0.03,-0.73
222535,-0.02,-0.60
222558,-0.03,-0.73
222580,-0.03,-0.60
222603,-0.03,-0.73
222625,-0.02,-0.60
222648,-0.03,-0.73
222670,-0.02,-0.60
222693,-0.03,-0.73
222715,-0.03,-0.86
222738,-0.03,-0.73
222760,-0.03,-0.73
222783,-0.02,-0.60
222806,-0.02,-0.60
222828,-0.03,-0.73
222851,-0.02,-0.60
222873,-0.03,-0.73
222896,-0.02,-0.60
222918,-0.03,-0.73
222941,-0.02,-0.60
222963,-0.02,-0.60
222986,-0.02,-0.60
223008,-0.02,-0.60
223031,-0.02,-0.60
223053,-0.02,-0.60
223076,-0.02,-0.60
223096,-0.02,-0.60
223119,-0.03,-0.60
223141,-0.02,-0.60
223164,-0.02,-0.60
223186,-0.02,-0.73
223209,-0.02,-0.73
223232,-0.02,-0.60
223254,-0.03,-0.60
223277,-0.02,-0.60
223299,-0.03,-0.60
223322,-0.03,-0.73
223344,-0.03,-0.73
223367,-0.02,-0.73
223390,-0.03,-0.73
223413,-0.02,-0.73
223435,-0.03,-0.73
223458,-0.02,-0.60
223480,-0.03,-0.73
223503,-0.02,-0.60
223525,-0.02,-0.60
223548,-0.03,-0.60
223570,-0.03,-0.60
223593,-0.03,-0.73
223616,-0.03,-0.60
223638,-0.03,-0.73
223664,-0.03,-0.73
223686,-0.02,-0.60
223709,-0.03,-0.60
223731,-0.02,-0.60
223754,-0.03,-0.73
223776,-0.02,-0.60
223799,-0.02,-0.60
223821,-0.02,-0.60
223844,-0.02,-0.60
223866,-0.03,-0.73
223889,-0.03,-0.60
223912,-0.03,-0.60
223934,-0.03,-0.73
223974,-0.04,-0.99
223996,-0.03,-0.86
224019,-0.03,-0.86
224041,-0.03,-0.73
224064,-0.03,-0.73
224087,-0.03,-0.73
224109,-0.03,-0.73
224132,-0.02,-0.60
224154,-0.03,-0.73
224177,-0.02,-0.73
224199,-0.03,-0.60
224222,-0.03,-0.73
224244,-0.03,-0.73
224271,-0.03,-0.73
224293,-0.03,-0.60
224316,-0.03,-0.73
224338,-0.02,-0.60
224361,-0.03,-0.73
224384,-0.02,-0.73
224406,-0.03,-0.73
224429,-0.03,-0.73
224451,-0.03,-0.73
224474,-0.03,-0.73
224496,-0.03,-0.73
224519,-0.03,-0.73
224541,-0.02,-0.60
224564,-0.03,-0.73
224586,-0.03,-0.60
224609,-0.03,-0.73
224631,-0.03,-0.73
224654,-0.03,-0.73
224676,-0.03,-0.73
224699,-0.03,-0.73
224721,-0.02,-0.60
224744,-0.03,-0.73
224766,-0.02,-0.60
224789,-0.02,-0.73
224812,-0.03,-0.73
224838,-0.02,-0.60
224861,-0.02,-0.73
224883,-0.03,-0.60
224906,-0.03,-0.73
224928,-0.03,-0.60
224951,-0.03,-0.73
224973,-0.03,-0.60
224996,-0.03,-0.73
225018,-0.02,-0.73
225041,-0.02,-0.73
225063,-0.03,-0.73
225086,-0.03,-0.73
225108,-0.03,-0.73
225131,-0.03,-0.73
225154,-0.03,-0.86
225176,-0.03,-0.73
225199,-0.03,-0.73
225221,-0.03,-0.73
225244,-0.03,-0.73
225266,-0.03,-0.73
225289,-0.03,-0.73
225312,-0.03,-0.73
225335,-0.03,-0.73
225357,-0.02,-0.73
225380,-0.03,-0.73
225402,-0.03,-0.73
225428,-0.03,-0.73
225451,-0.03,-0.73
225473,-0.03,-0.73
225496,-0.03,-0.73
225518,-0.03,-0.73
225541,-0.03,-0.73
225563,-0.03,-0.73
225586,-0.03,-0.73
225608,-0.03,-0.73
225631,-0.03,-0.73
225653,-0.03,-0.73
225676,-0.03,-0.73
225698,-0.03,-0.73
225721,-0.03,-0.73
225743,-0.03,-0.73
225766,-0.03,-0.73
225789,-0.03,-0.73
225812,-0.03,-0.73
225835,-0.03,-0.86
225857,-0.03,-0.73
225896,-0.04,-0.99
225918,-0.03,-0.86
225941,-0.03,-0.86
225964,-0.03,-0.73
225986,-0.03,-0.73
226009,-0.03,-0.73
226029,-0.03,-0.73
226052,-0.03,-0.73
226074,-0.03,-0.73
226097,-0.03,-0.73
226119,-0.03,-0.73
226142,-0.03,-0.73
226164,-0.03,-0.60
226187,-0.03,-0.73
226209,-0.03,-0.73
226232,-0.03,-0.73
226254,-0.03,-0.60
226277,-0.03,-0.73
226299,-0.03,-0.73
226322,-0.03,-0.73
226344,-0.03,-0.73
226367,-0.03,-0.73
226390,-0.03,-0.73
226413,-0.03,-0.86
226436,-0.03,-0.73
226458,-0.03,-0.73
226481,-0.03,-0.73
226503,-0.03,-0.73
226526,-0.03,-0.73
226548,-0.03,-0.73
226571,-0.03,-0.73
226607,-0.03,-0.73
226629,-0.03,-0.73
226652,-0.03,-0.73
226674,-0.03,-0.73
226697,-0.03,-0.73
226720,-0.03,-0.73
226743,-0.03,-0.73
226765,-0.03,-0.86
226788,-0.03,-0.73
226810,-0.03,-0.86
226833,-0.02,-0.60
226855,-0.03,-0.73
226878,-0.02,-0.60
226900,-0.03,-0.73
226923,-0.03,-0.73
226946,-0.03,-0.73
226968,-0.02,-0.60
226991,-0.03,-0.73
227013,-0.03,-0.73
227036,-0.03,-0.73
227058,-0.03,-0.73
227081,-0.03,-0.60
227103,-0.03,-0.73
227126,-0.03,-0.73
227148,-0.03,-0.73
227172,-0.03,-0.73
227197,-0.02,-0.60
227220,-0.03,-0.73
227243,-0.02,-0.60
227265,-0.02,-0.60
227288,-0.03,-0.73
227310,-0.03,-0.73
227333,-0.03,-0.73
227355,-0.03,-0.73
227378,-0.03,-0.73
227400,-0.03,-0.73
227423,-0.02,-0.73
227445,-0.03,-0.60
227468,-0.03,-0.73
227491,-0.03,-0.73
227514,-0.03,-0.73
227536,-0.03,-0.73
227559,-0.03,-0.73
227581,-0.03,-0.73
227604,-0.03,-0.73
227627,-0.03,-0.73
227649,-0.03,-0.73
227672,-0.03,-0.60
227694,-0.03,-0.73
227717,-0.03,-0.73
227739,-0.02,-0.60
227765,-0.03,-0.73
227793,-0.03,-0.73
227825,-0.03,-0.86
227848,-0.03,-0.86
227870,-0.03,-0.73
227893,-0.03,-0.73
227915,-0.03,-0.73
227938,-0.03,-0.60
227960,-0.02,-0.73
227983,-0.02,-0.73
228005,-0.02,-0.60
228028,-0.03,-0.60
228050,-0.03,-0.60
228073,-0.02,-0.60
228096,-0.03,-0.60
228118,-0.03,-0.60
228141,-0.03,-0.60
228163,-0.02,-0.73
228186,-0.03,-0.73
228208,-0.03,-0.73
228231,-0.02,-0.60
228253,-0.03,-0.73
228276,-0.02,-0.60
228299,-0.02,-0.60
228322,-0.02,-0.60
228344,-0.02,-0.60
228370,-0.02,-0.73
228392,-0.03,-0.73
228415,-0.02,-0.73
228438,-0.03,-0.60
228460,-0.02,-0.60
228483,-0.02,-0.73
228505,-0.02,-0.60
228528,-0.02,-0.60
228550,-0.02,-0.60
228573,-0.02,-0.60
228595,-0.02,-0.60
228618,-0.02,-0.60
228640,-0.02,-0.60
228664,-0.02,-0.60
228686,-0.02,-0.60
228709,-0.02,-0.60
228731,-0.02,-0.73
228754,-0.03,-0.73
228776,-0.03,-0.73
228799,-0.03,-0.73
228822,-0.03,-0.73
228844,-0.03,-0.73
228867,-0.03,-0.73
228889,-0.02,-0.60
228912,-0.03,-0.73
228934,-0.03,-0.60
228955,-0.02,-0.60
228977,-0.02,-0.60
229000,-0.02,-0.60
229022,-0.02,-0.60
229045,-0.03,-0.60
229067,-0.03,-0.73
229090,-0.03,-0.73
229112,-0.02,-0.60
229135,-0.02,-0.73
229157,-0.02,-0.60
229180,-0.02,-0.73
229202,-0.02,-0.60
229225,-0.02,-0.60
229248,-0.02,-0.73
229270,-0.03,-0.60
229294,-0.02,-0.60
229316,-0.02,-0.60
229339,-0.03,-0.73
229361,-0.03,-0.73
229384,-0.02,-0.73
229406,-0.03,-0.73
229429,-0.02,-0.60
229451,-0.02,-0.60
229474,-0.02,-0.60
229496,-0.03,-0.73
229522,-0.02,-0.60
229544,-0.03,-0.60
229567,-0.02,-0.73
229590,-0.03,-0.60
229613,-0.02,-0.60
229636,-0.02,-0.60
229658,-0.02,-0.60
229681,-0.02,-0.60
229703,-0.02,-0.60
229743,-0.03,-0.86
229767,-0.03,-0.73
229789,-0.03,-0.60
229812,-0.03,-0.73
229834,-0.03,-0.73
229857,-0.03,-0.60
229879,-0.02,-0.73
229902,-0.03,-0.60
229924,-0.02,-0.60
229947,-0.03,-0.60
229969,-0.02,-0.73
229992,-0.02,-0.73
230014,-0.03,-0.60
230037,-0.02,-0.60
230060,-0.02,-0.60
230082,-0.02,-0.60
230106,-0.02,-0.60
230131,-0.03,-0.60
230154,-0.02,-0.60
230176,-0.02,-0.60
230199,-0.02,-0.73
230221,-0.02,-0.60
230244,-0.02,-0.73
230266,-0.02,-0.73
230289,-0.02,-0.60
230311,-0.03,-0.60
230334,-0.02,-0.60
230356,-0.02,-0.60
230379,-0.03,-0.60
230402,-0.02,-0.60
230425,-0.02,-0.60
230448,-0.02,-0.60
230470,-0.02,-0.46
230493,-0.03,-0.73
230515,-0.02,-0.46
230538,-0.02,-0.46
230560,-0.02,-0.46
230583,-0.02,-0.60
230605,-0.02,-0.46
230628,-0.02,-0.60
230650,-0.03,-0.73
230673,-0.02,-0.60
230796,-0.08,-1.92
230874,-0.07,-1.92
230896,-0.04,-1.12
230920,-0.03,-0.86
230942,-0.02,-0.60
230965,-0.01,-0.46
230987,-0.01,-0.33
231010,-0.01,-0.33
231032,-0.01,-0.20
231055,-0.01,-0.20
231077,-0.01,-0.20
231100,-0.01,-0.20
231122,-0.01,-0.20
231145,0.04,1.26
231168,0.00,0.20
231190,0.00,0.07
231213,0.01,0.20
231235,-0.01,-0.07
231258,0.04,1.12
231280,0.01,0.46
231303,0.02,0.46
231325,0.01,0.20
231348,0.02,0.60
231370,0.02,0.46
231393,0.02,0.46
231415,0.02,0.46
231438,0.03,0.73
231474,0.01,0.20
231496,0.00,0.07
231519,-0.00,-0.07
231541,-0.00,-0.07
231564,-0.00,-0.07
231586,-0.00,-0.07
231609,-0.00,-0.07
231631,0.00,0.07
231654,-0.00,-0.07
231676,-0.00,-0.07
231699,-0.00,-0.20
231721,-0.00,-0.07
231744,-0.00,0.07
231767,-0.00,-0.07
231789,0.00,0.07
231831,-0.01,-0.33
231854,-0.01,-0.20
231876,-0.01,-0.20
231899,-0.00,-0.07
231921,-0.00,-0.20
231944,-0.00,-0.07
231967,-0.00,-0.07
231990,-0.01,-0.07
232012,-0.00,-0.07
232035,-0.00,-0.07
232057,-0.00,-0.07
232083,-0.01,-0.07
232105,-0.01,-0.07
232128,-0.01,-0.20
232151,-0.01,-0.07
232173,-0.00,-0.07
232196,-0.00,-0.07
232218,-0.00,-0.07
232241,-0.01,-0.20
232263,-0.01,-0.07
232286,-0.00,0.07
232308,-0.00,-0.07
232331,-0.00,-0.07
232353,0.00,-0.07
232376,-0.00,-0.07
232398,-0.00,-0.20
232421,-0.00,-0.20
232443,-0.00,-0.07
232466,-0.01,-0.20
232488,-0.01,-0.33
232511,0.01,0.20
232534,0.00,0.07
232556,-0.00,-0.07
232579,0.00,0.07
232601,0.00,0.07
232624,-0.00,0.07
232646,-0.00,-0.07
232672,-0.00,0.07
232694,-0.00,-0.07
232717,-0.00,-0.07
232740,0.00,0.07
232762,0.00,-0.07
232784,-0.00,0.07
232807,0.00,0.07
232829,0.00,0.07
232852,-0.00,0.07
232875,0.00,0.07
232897,-0.00,-0.07
232920,0.00,0.07
232942,0.00,0.07
232965,0.00,0.07
232987,0.00,0.07
233010,0.00,0.07
233032,0.00,-0.07
233055,0.01,0.07
233077,0.00,0.07
233100,0.00,0.07
233122,0.00,0.07
233145,0.00,0.07
233167,0.00,0.07
233189,0.00,0.07
233211,-0.00,-0.07
233234,0.00,0.07
233256,0.00,-0.07
233279,-0.00,-0.07
233306,-0.00,-0.07
233328,-0.00,-0.07
233351,0.00,-0.07
233373,-0.00,-0.07
233396,-0.01,-0.07
233418,-0.01,-0.20
233441,-0.00,-0.20
233463,-0.01,-0.20
233486,-0.00,-0.07
233508,-0.00,-0.07
233531,-0.00,-0.07
233553,0.00,0.07
233576,-0.00,-0.07
233598,-0.00,0.07
233621,-0.00,-0.07
233644,-0.00,-0.20
233666,-0.00,-0.20
233689,-0.01,-0.20
233711,-0.01,-0.07
233750,-0.02,-0.46
233774,-0.01,-0.33
233796,-0.01,-0.20
233819,-0.01,-0.20
233841,-0.01,-0.20
233864,-0.01,-0.33
233886,-0.01,-0.20
233913,-0.01,-0.20
233935,-0.01,-0.33
233958,-0.01,-0.33
233980,-0.01,-0.33
234004,-0.01,-0.33
234027,-0.01,-0.20
234049,-0.01,-0.33
234072,-0.01,-0.20
234094,-0.01,-0.20
234117,-0.01,-0.33
234140,-0.01,-0.33
234163,-0.01,-0.20
234185,-0.01,-0.33
234208,-0.01,-0.33
234230,-0.01,-0.33
234254,-0.01,-0.20
234276,-0.01,-0.33
234299,-0.01,-0.33
234321,-0.01,-0.33
234344,-0.01,-0.20
234366,-0.01,-0.33
234390,-0.01,-0.33
234413,-0.01,-0.33
234435,-0.01,-0.20
234458,-0.01,-0.33
234484,-0.01,-0.33
234507,-0.01,-0.33
234529,-0.01,-0.33
234552,-0.01,-0.33
234574,-0.01,-0.20
234598,-0.01,-0.33
234620,-0.01,-0.33
234643,-0.01,-0.33
234665,-0.01,-0.33
234688,-0.01,-0.20
234711,-0.01,-0.33
234734,-0.01,-0.20
234757,-0.01,-0.20
234779,-0.01,-0.20
234802,-0.01,-0.20
234824,-0.01,-0.20
234848,-0.01,-0.33
234870,-0.01,-0.20
234893,-0.01,-0.20
234915,-0.01,-0.20
234938,-0.01,-0.20
234960,-0.01,-0.20
234984,-0.01,-0.20
235006,-0.01,-0.20
235029,-0.01,-0.20
235052,-0.01,-0.20
235078,-0.01,-0.20
235101,-0.01,-0.33
235123,-0.01,-0.20
235146,-0.01,-0.20
235168,-0.01,-0.20
235191,-0.01,-0.20
235214,-0.01,-0.20
235237,-0.01,-0.20
235259,-0.01,-0.20
235282,-0.01,-0.20
235304,-0.01,-0.20
235327,-0.01,-0.20
235351,-0.01,-0.07
235373,-0.01,-0.20
235396,-0.01,-0.20
235418,-0.01,-0.20
235441,-0.01,-0.20
235463,-0.01,-0.20
235487,-0.01,-0.20
235509,-0.01,-0.07
235532,-0.01,-0.20
235554,-0.01,-0.20
235577,-0.01,-0.20
235599,-0.01,-0.20
235622,-0.01,-0.20
235644,-0.01,-0.20
235688,-0.02,-0.46
235711,-0.01,-0.33
235734,-0.01,-0.33
235756,-0.01,-0.20
235779,-0.01,-0.20
235801,-0.01,-0.20
235824,-0.01,-0.20
235847,-0.01,-0.33
235870,-0.01,-0.20
235892,-0.01,-0.20
235915,-0.00,-0.20
235937,-0.01,-0.20
235960,-0.01,-0.20
235982,-0.01,-0.20
236006,-0.01,-0.20
236028,-0.01,-0.20
236051,-0.01,-0.20
236073,-0.01,-0.20
236096,-0.01,-0.20
236119,-0.01,-0.07
236141,-0.01,-0.20
236165,-0.01,-0.20
236187,-0.01,-0.20
236210,-0.01,-0.33
236232,-0.01,-0.33
236269,-0.02,-0.33
236292,-0.01,-0.20
236314,-0.01,-0.33
236337,-0.01,-0.33
236360,-0.01,-0.20
236383,-0.01,-0.33
236405,-0.01,-0.20
236428,-0.01,-0.20
236450,-0.01,-0.20
236474,-0.01,-0.20
236496,-0.01,-0.20
236519,-0.01,-0.20
236541,-0.01,-0.33
236564,-0.01,-0.20
236588,-0.02,-0.46
236610,-0.02,-0.46
236633,-0.02,-0.46
236655,-0.02,-0.46
236678,-0.02,-0.46
236700,-0.02,-0.33
236724,-0.02,-0.33
236746,-0.01,-0.46
236769,-0.02,-0.33
236791,-0.01,-0.33
236814,-0.01,-0.33
236837,-0.01,-0.33
236863,-0.01,-0.46
236887,-0.02,-0.33
236909,-0.02,-0.33
236932,-0.01,-0.33
236954,-0.01,-0.33
236977,-0.01,-0.33
237000,-0.01,-0.33
237023,-0.02,-0.46
237045,-0.02,-0.46
237068,-0.02,-0.46
237090,-0.02,-0.46
237114,-0.02,-0.46
237136,-0.02,-0.46
237159,-0.01,-0.33
237181,-0.01,-0.33
237204,-0.01,-0.33
237228,-0.02,-0.46
237250,-0.01,-0.46
237273,-0.01,-0.33
237295,-0.02,-0.33
237318,-0.01,-0.33
237341,-0.01,-0.46
237364,-0.01,-0.33
237386,-0.01,-0.33
237409,-0.01,-0.33
237435,-0.01,-0.46
237458,-0.01,-0.33
237480,-0.01,-0.33
237503,-0.02,-0.33
237526,-0.01,-0.33
237549,-0.01,-0.33
237572,-0.01,-0.33
237611,-0.02,-0.60
237633,-0.02,-0.60
237656,-0.02,-0.46
237678,-0.02,-0.46
237702,-0.01,-0.46
237724,-0.02,-0.33
237747,-0.01,-0.33
237769,-0.01,-0.33
237792,-0.01,-0.33
237814,-0.01,-0.33
237837,-0.01,-0.33
237859,-0.02,-0.33
237882,-0.01,-0.33
237904,-0.01,-0.33
237927,-0.01,-0.33
237949,-0.01,-0.33
237972,-0.01,-0.33
237995,-0.01,-0.20
238017,-0.01,-0.33
238044,-0.01,-0.33
238066,-0.01,-0.33
238089,-0.01,-0.20
238111,-0.01,-0.33
238134,-0.01,-0.33
238156,-0.01,-0.33
238179,-0.01,-0.20
238201,-0.01,-0.33
238224,-0.01,-0.20
238246,-0.01,-0.20
238269,-0.01,-0.33
238291,-0.01,-0.33
238315,-0.01,-0.33
238338,-0.01,-0.33
238360,-0.01,-0.20
238383,-0.01,-0.33
238405,-0.01,-0.20
238428,-0.01,-0.33
238450,-0.01,-0.20
238473,-0.01,-0.33
238495,-0.01,-0.20
238518,-0.01,-0.20
238540,-0.01,-0.33
238563,-0.01,-0.20
238585,-0.00,-0.20
238608,-0.01,-0.20
238635,-0.01,-0.20
238657,-0.01,-0.33
238680,-0.01,-0.33
238702,-0.01,-0.33
238725,-0.01,-0.20
238747,-0.01,-0.20
238770,-0.01,-0.20
238792,-0.01,-0.20
238815,-0.01,-0.20
238837,-0.01,-0.20
238860,-0.01,-0.20
238882,-0.01,-0.20
238905,-0.01,-0.20
238927,-0.01,-0.20
238950,-0.01,-0.20
238973,-0.01,-0.20
238996,-0.01,-0.33
239019,-0.01,-0.20
239041,-0.01,-0.20
239064,-0.01,-0.20
239086,-0.01,-0.20
239109,-0.01,-0.20
239131,-0.01,-0.33
239154,-0.01,-0.33
239176,-0.01,-0.33
239202,-0.01,-0.20
239225,-0.01,-0.33
239248,-0.01,-0.33
239270,-0.01,-0.33
239293,-0.01,-0.20
239315,-0.01,-0.20
239338,-0.01,-0.20
239361,-0.01,-0.20
239383,-0.01,-0.20
239406,-0.01,-0.20
239428,-0.01,-0.20
239451,-0.01,-0.20
239473,-0.01,-0.20
239496,-0.01,-0.20
239535,-0.02,-0.46
239557,-0.01,-0.33
239580,-0.01,-0.33
239603,-0.01,-0.33
239626,-0.01,-0.33
239648,-0.01,-0.33
239671,-0.01,-0.20
239693,-0.01,-0.20
239716,-0.01,-0.20
239738,-0.01,-0.20
239761,-0.01,-0.20
239783,-0.01,-0.20
239809,-0.01,-0.20
239832,-0.01,-0.20
239854,-0.01,-0.33
239877,-0.01,-0.20
239900,-0.01,-0.20
239923,-0.01,-0.20
239945,-0.01,-0.20
239968,-0.01,-0.20
239990,-0.01,-0.20
240013,-0.01,-0.20
240035,-0.01,-0.20
240058,-0.01,-0.20
240080,-0.01,-0.20
240103,-0.01,-0.20
240125,-0.01,-0.20
240148,-0.01,-0.20
240171,-0.01,-0.20
240193,-0.01,-0.20
240216,-0.00,-0.20
240238,-0.01,-0.20
240261,-0.01,-0.20
240283,-0.01,-0.20
240306,-0.01,-0.20
240329,-0.01,-0.20
240352,-0.01,-0.20
240377,-0.01,-0.33
240400,-0.01,-0.20
240422,-0.01,-0.20
240445,-0.01,-0.07
240467,-0.01,-0.20
240490,-0.01,-0.20
240513,-0.01,-0.20
240536,-0.01,-0.20
240559,-0.01,-0.20
240581,-0.01,-0.20
240604,-0.01,-0.20
240626,-0.01,-0.20
240649,-0.01,-0.33
240671,-0.01,-0.33
240694,-0.01,-0.20
240716,-0.01,-0.20
240739,-0.01,-0.20
240761,-0.01,-0.33
240784,-0.01,-0.20
240806,-0.01,-0.20
240830,-0.01,-0.20
240852,-0.01,-0.33
240875,-0.01,-0.20
240898,-0.01,-0.33
240920,-0.01,-0.20
240943,-0.01,-0.20
240979,-0.01,-0.33
241002,-0.01,-0.33
241025,-0.01,-0.33
241047,-0.01,-0.33
241070,-0.01,-0.33
241092,-0.01,-0.20
241115,-0.01,-0.20
241137,-0.01,-0.20
241160,-0.01,-0.20
241182,-0.01,-0.20
241205,-0.01,-0.20
241227,-0.01,-0.20
241251,-0.01,-0.33
241273,-0.01,-0.20
241296,-0.01,-0.33
241318,-0.01,-0.20
241341,-0.01,-0.20
241363,-0.01,-0.33
241386,-0.01,-0.20
241409,-0.01,-0.33
241437,-0.01,-0.33
241471,-0.02,-0.60
241494,-0.01,-0.33
241516,-0.01,-0.33
241539,-0.01,-0.33
241561,-0.01,-0.33
241587,-0.01,-0.33
241609,-0.01,-0.33
241633,-0.01,-0.33
241655,-0.01,-0.33
241678,-0.01,-0.33
241700,-0.01,-0.33
241723,-0.00,-0.20
241745,-0.01,-0.20
241768,-0.00,-0.20
241790,-0.01,-0.20
241813,-0.01,-0.20
241836,-0.01,-0.20
241858,-0.01,-0.20
241881,-0.01,-0.20
241903,-0.01,-0.20
241926,-0.01,-0.20
241948,-0.01,-0.20
241972,-0.01,-0.20
241994,-0.01,-0.20
242017,-0.01,-0.20
242039,-0.01,-0.07
242062,-0.01,-0.33
242084,-0.01,-0.20
242107,-0.01,-0.20
242129,-0.01,-0.20
242156,-0.01,-0.20
242179,-0.01,-0.20
242201,-0.01,-0.20
242224,-0.01,-0.07
242246,-0.01,-0.20
242269,-0.01,-0.20
242291,-0.01,-0.20
242314,-0.01,-0.20
242336,-0.01,-0.20
242359,-0.01,-0.20
242381,-0.01,-0.20
242404,-0.01,-0.20
242426,-0.01,-0.20
242449,-0.01,-0.20
242471,-0.01,-0.20
242495,-0.01,-0.20
242518,-0.01,-0.20
242540,-0.01,-0.20
242563,-0.01,-0.20
242585,-0.01,-0.20
242608,-0.01,-0.33
242630,-0.01,-0.33
242653,-0.01,-0.33
242675,-0.01,-0.20
242698,-0.01,-0.20
242720,-0.01,-0.33
242747,-0.01,-0.33
242769,-0.01,-0.33
242792,-0.01,-0.20
242814,-0.01,-0.33
242837,-0.01,-0.33
242860,-0.01,-0.33
242882,-0.01,-0.20
242905,-0.01,-0.33
242927,-0.01,-0.33
242951,-0.01,-0.33
242973,-0.01,-0.20
242996,-0.01,-0.33
243018,-0.01,-0.20
243041,-0.01,-0.33
243063,-0.01,-0.33
243086,-0.01,-0.33
243108,-0.01,-0.33
243131,-0.01,-0.33
243153,-0.01,-0.33
243176,-0.01,-0.20
243198,-0.01,-0.33
243222,-0.01,-0.33
243245,-0.01,-0.33
243267,-0.01,-0.33
243290,-0.01,-0.33
243315,-0.01,-0.20
243338,-0.01,-0.20
243377,-0.02,-0.46
243400,-0.02,-0.46
243423,-0.01,-0.20
243445,-0.01,-0.20
243468,-0.01,-0.20
243490,-0.01,-0.20
243513,-0.01,-0.33
243535,-0.01,-0.20
243558,-0.01,-0.20
243581,-0.01,-0.33
243604,-0.01,-0.20
243627,-0.01,-0.33
243649,-0.01,-0.20
243672,-0.01,-0.20
243694,-0.01,-0.20
243717,-0.01,-0.20
243739,-0.01,-0.20
243762,-0.01,-0.20
243784,-0.01,-0.20
243807,-0.01,-0.20
243829,-0.01,-0.20
243852,-0.01,-0.20
243874,-0.01,-0.20
243898,-0.01,-0.20
243923,-0.01,-0.20
243946,-0.01,-0.20
243969,-0.01,-0.20
243991,-0.01,-0.33
244014,-0.01,-0.20
244036,-0.01,-0.20
244059,-0.01,-0.33
244081,-0.01,-0.20
244105,-0.01,-0.20
244127,-0.01,-0.20
244150,-0.01,-0.20
244172,-0.01,-0.20
244195,-0.01,-0.20
244217,-0.01,-0.20
244240,-0.01,-0.33
244262,-0.01,-0.33
244285,-0.01,-0.33
244307,-0.00,-0.20
244330,-0.01,-0.20
244353,-0.01,-0.20
244375,-0.01,-0.20
244399,-0.01,-0.07
244421,-0.01,-0.20
244444,-0.01,-0.20
244466,-0.01,-0.33
244489,-0.01,-0.33
244514,-0.01,-0.33
244537,-0.01,-0.20
244559,-0.01,-0.33
244583,-0.01,-0.33
244605,-0.01,-0.33
244628,-0.01,-0.20
244651,-0.01,-0.33
244673,-0.01,-0.20
244696,-0.01,-0.33
244718,-0.01,-0.33
244741,-0.01,-0.33
244763,-0.01,-0.33
244786,-0.01,-0.33
244808,-0.01,-0.33
244832,-0.01,-0.33
244854,-0.01,-0.20
244877,-0.01,-0.33
244899,-0.01,-0.33
244922,-0.01,-0.20
244944,-0.01,-0.33
244967,-0.01,-0.33
244989,-0.01,-0.33
245012,-0.01,-0.33
245035,-0.01,-0.33
245057,-0.01,-0.33
245084,-0.01,-0.33
245106,-0.01,-0.33
245129,-0.01,-0.33
245151,-0.01,-0.33
245174,-0.01,-0.33
245196,-0.01,-0.20
245219,-0.01,-0.33
245242,-0.01,-0.33
245265,-0.01,-0.20
245321,-0.03,-0.73
245344,-0.02,-0.46
245366,-0.02,-0.46
245390,-0.01,-0.33
245412,-0.01,-0.33
245435,-0.01,-0.20
245457,-0.01,-0.20
245480,-0.01,-0.20
245502,-0.01,-0.20
245525,-0.01,-0.20
245548,-0.01,-0.20
245570,-0.01,-0.20
245593,-0.01,-0.20
245615,-0.01,-0.20
245638,-0.01,-0.20
245660,-0.01,-0.33
245683,-0.01,-0.20
245720,-0.01,-0.33
245742,-0.01,-0.20
245765,-0.01,-0.20
245787,-0.01,-0.20
245810,-0.01,-0.20
245832,-0.01,-0.20
245856,-0.01,-0.20
245878,-0.01,-0.20
245901,-0.01,-0.20
245923,-0.01,-0.20
245946,-0.01,-0.20
245968,-0.01,-0.20
245991,-0.01,-0.20
246013,-0.01,-0.20
246036,-0.01,-0.20
246059,-0.01,-0.20
246081,-0.01,-0.20
246105,-0.01,-0.20
246127,-0.01,-0.20
246150,-0.01,-0.20
246172,-0.01,-0.20
246195,-0.01,-0.20
246217,-0.01,-0.20
246240,-0.01,-0.20
246262,-0.01,-0.20
246289,-0.01,-0.20
246311,-0.01,-0.20
246334,-0.01,-0.20
246356,-0.01,-0.20
246379,-0.01,-0.33
246402,-0.01,-0.20
246424,-0.01,-0.20
246447,-0.01,-0.20
246469,-0.01,-0.20
246492,-0.01,-0.20
246515,-0.01,-0.20
246538,-0.01,-0.20
246560,-0.00,-0.20
246583,-0.01,-0.20
246605,-0.01,-0.20
246628,-0.01,-0.20
246650,-0.01,-0.20
246673,-0.01,-0.20
246695,-0.01,-0.20
246718,-0.01,-0.20
246740,-0.01,-0.07
246763,-0.01,-0.20
246787,-0.01,-0.20
246809,-0.01,-0.20
246832,-0.01,-0.20
246854,-0.01,-0.20
246880,-0.01,-0.20
246902,-0.01,-0.33
246925,-0.01,-0.20
246947,-0.01,-0.20
246971,-0.01,-0.20
246993,-0.01,-0.20
247016,-0.01,-0.20
247038,-0.01,-0.20
247061,-0.01,-0.20
247084,-0.01,-0.20
247106,-0.01,-0.20
247129,-0.01,-0.33
247151,-0.01,-0.20
247174,-0.01,-0.20
247196,-0.01,-0.20
247226,-0.01,-0.33
247260,-0.01,-0.33
247282,-0.01,-0.33
247305,-0.01,-0.33
247327,-0.01,-0.20
247350,-0.01,-0.20
247372,-0.01,-0.20
247395,-0.01,-0.20
247417,-0.01,-0.33
247441,-0.01,-0.20
247463,-0.01,-0.20
247489,-0.01,-0.20
247512,-0.01,-0.20
247534,-0.01,-0.20
247557,-0.00,-0.07
247579,-0.01,-0.20
247602,-0.00,-0.07
247625,-0.01,-0.20
247648,-0.01,-0.20
247670,-0.01,-0.20
247693,-0.01,-0.20
247715,-0.01,-0.20
247738,-0.01,-0.20
247760,-0.01,-0.20
247783,-0.01,-0.20
247805,-0.01,-0.20
247828,-0.01,-0.20
247851,-0.01,-0.07
247874,-0.01,-0.20
247897,-0.00,-0.20
247919,-0.01,-0.20
247942,-0.01,-0.20
247964,-0.00,-0.20
247987,-0.00,-0.20
248009,-0.01,-0.20
248032,-0.01,-0.20
248058,-0.01,-0.07
248081,-0.01,-0.20
248103,-0.01,-0.20
248126,-0.01,-0.20
248148,-0.01,-0.20
248171,-0.00,-0.07
248194,-0.01,-0.20
248216,-0.01,-0.07
248239,-0.01,-0.20
248261,-0.01,-0.20
248284,-0.01,-0.20
248307,-0.01,-0.07
248330,-0.01,-0.20
248352,-0.01,-0.20
248375,-0.01,-0.20
248397,-0.01,-0.20
248420,-0.01,-0.20
248442,-0.01,-0.20
248465,-0.01,-0.20
248487,-0.01,-0.20
248510,-0.01,-0.20
248532,-0.01,-0.20
248555,-0.01,-0.20
248579,-0.01,-0.20
248601,-0.01,-0.20
248624,-0.01,-0.20
248649,-0.00,-0.07
248672,-0.01,-0.20
248694,-0.01,-0.20
248717,-0.00,-0.20
248740,-0.01,-0.20
248763,-0.00,-0.20
248785,-0.00,-0.20
248808,-0.01,-0.07
248830,-0.00,-0.20
248853,-0.01,-0.20
248876,-0.00,-0.07
248898,-0.00,-0.20
248921,-0.00,-0.07
248943,-0.01,-0.20
248966,-0.00,-0.07
248988,-0.00,-0.07
249012,-0.00,-0.07
249034,-0.01,-0.20
249057,-0.00,-0.20
249079,-0.01,-0.07
249102,-0.01,-0.20
249124,-0.01,-0.20
249153,-0.01,-0.33
249187,-0.02,-0.33
249209,-0.01,-0.33
249235,-0.01,-0.33
249257,-0.01,-0.33
249280,-0.01,-0.20
249303,-0.01,-0.20
249326,-0.01,-0.20
249349,-0.01,-0.20
249371,-0.01,-0.20
249394,-0.01,-0.20
249416,-0.00,-0.07
249439,-0.01,-0.20
249461,-0.01,-0.20
249484,-0.01,-0.20
249506,-0.01,-0.20
249529,-0.01,-0.20
249551,-0.00,-0.20
249574,-0.01,-0.20
249597,-0.01,-0.20
249620,-0.01,-0.20
249643,-0.01,-0.07
249665,-0.00,-0.20
249688,-0.01,-0.07
249710,-0.00,-0.07
249733,-0.00,-0.20
249755,-0.00,-0.07
249778,-0.00,-0.20
249800,-0.00,-0.07
249923,-0.07,-1.79
250002,-0.07,-1.65
250024,-0.04,-1.12
250047,-0.03,-0.73
250070,-0.02,-0.46
250092,-0.01,-0.33
250115,-0.01,-0.33
250137,-0.01,-0.20
250160,-0.01,-0.20
250182,-0.00,-0.20
250206,-0.01,-0.20
250228,-0.01,-0.20
250251,-0.01,-0.20
250273,-0.01,-0.07
250296,-0.00,-0.20
250318,-0.00,-0.07
250341,-0.01,-0.20
250363,-0.00,-0.07
250386,-0.00,-0.07
250408,-0.00,-0.07
250431,-0.00,-0.07
250455,-0.00,-0.07
250477,-0.01,-0.07
250500,-0.01,-0.20
250522,-0.00,-0.07
250545,-0.00,-0.20
250582,-0.01,-0.20
250604,-0.01,-0.20
250627,-0.00,-0.07
250649,-0.00,-0.07
250672,-0.01,-0.20
250694,-0.00,-0.07
250717,-0.00,-0.07
250739,-0.00,-0.07
250762,-0.00,-0.07
250784,-0.00,-0.07
250807,-0.00,-0.07
250830,-0.00,-0.20
250853,-0.00,-0.07
250875,-0.00,-0.07
250898,-0.00,-0.07
250920,-0.00,-0.07
250943,-0.00,-0.07
250966,-0.00,-0.07
250988,-0.01,-0.20
251011,-0.00,-0.07
251033,-0.00,-0.07
251057,-0.00,-0.07
251079,-0.00,-0.07
251102,-0.00,-0.07
251124,-0.00,-0.07
251150,-0.01,-0.20
251172,-0.01,-0.20
251195,-0.00,-0.07
251217,-0.01,-0.20
251261,-0.02,-0.46
251284,-0.01,-0.20
251307,-0.01,-0.20
251329,-0.01,-0.20
251352,-0.01,-0.20
251374,-0.01,-0.07
251398,-0.01,-0.20
251420,-0.00,-0.07
251443,-0.01,-0.20
251465,-0.00,-0.07
251488,-0.00,-0.07
251510,-0.00,-0.07
251533,-0.00,-0.07
251555,-0.00,-0.07
251578,-0.01,-0.07
251600,-0.00,-0.20
251623,-0.00,-0.20
251645,-0.00,-0.07
251668,-0.01,-0.07
251692,-0.00,-0.07
251714,-0.00,-0.07
251737,-0.00,-0.07
251762,-0.00,-0.07
251785,-0.00,-0.20
251807,-0.00,-0.07
251830,-0.01,-0.07
251852,-0.00,-0.07
251876,-0.00,-0.07
251898,-0.00,-0.07
251921,-0.00,-0.20
251943,-0.00,-0.07
251966,-0.00,-0.07
251988,-0.00,-0.07
252011,-0.00,-0.07
252034,-0.00,-0.07
252056,-0.00,-0.07
252079,-0.00,-0.07
252101,-0.01,-0.07
252124,-0.00,-0.07
252147,-0.01,-0.07
252170,-0.00,-0.07
252192,-0.00,-0.07
252215,-0.00,-0.07
252237,-0.00,-0.07
252260,-0.00,-0.07
252282,-0.01,-0.07
252305,-0.00,-0.07
252332,-0.00,-0.07
252354,-0.00,-0.07
252377,-0.01,-0.20
252399,-0.00,-0.07
252422,-0.00,-0.07
252444,-0.00,-0.07
252467,-0.00,-0.07
252489,-0.01,-0.07
252512,-0.00,-0.07
252534,-0.00,-0.07
252557,-0.00,-0.07
252580,-0.00,-0.07
252603,-0.00,-0.07
252625,-0.01,-0.07
252648,-0.00,-0.07
252670,-0.00,-0.07
252693,-0.00,-0.07
252716,-0.00,-0.07
252738,-0.00,-0.07
252761,-0.00,-0.07
252783,-0.00,-0.07
252806,-0.00,-0.07
252829,-0.00,-0.07
252852,-0.00,-0.20
252874,-0.00,-0.07
252897,-0.00,-0.07
252922,-0.01,-0.20
252945,-0.01,-0.20
252967,-0.00,0.07
252990,-0.00,-0.07
253014,-0.00,-0.07
253036,-0.00,-0.07
253059,-0.00,-0.07
253081,-0.00,-0.07
253104,-0.00,-0.07
253126,-0.00,-0.07
253149,-0.00,-0.20
253188,-0.02,-0.33
253211,-0.01,-0.33
253234,-0.01,-0.33
253256,-0.01,-0.20
253280,-0.01,-0.07
253302,-0.01,-0.20
253325,-0.01,-0.07
253347,-0.00,-0.07
253370,-0.01,-0.20
253393,-0.01,-0.20
253416,-0.00,-0.20
253438,-0.00,-0.20
253461,-0.01,-0.20
253485,-0.00,-0.07
253507,-0.01,-0.20
253533,-0.01,-0.20
253556,-0.01,-0.20
253579,-0.00,-0.07
253601,-0.01,-0.20
253624,-0.01,-0.20
253646,-0.01,-0.20
253670,-0.01,-0.20
253692,-0.01,-0.33
253715,-0.01,-0.20
253737,-0.00,-0.20
253761,-0.01,-0.20
253784,-0.01,-0.20
253806,-0.01,-0.20
253829,-0.01,-0.07
253851,-0.01,-0.07
253875,-0.01,-0.20
253897,-0.01,-0.20
253920,-0.01,-0.07
253942,-0.01,-0.20
253966,-0.01,-0.07
253988,-0.01,-0.07
254011,-0.01,-0.20
254033,-0.01,-0.20
254056,-0.00,-0.20
254080,-0.00,-0.20
254105,-0.01,-0.20
254129,-0.01,-0.20
254151,-0.01,-0.20
254174,-0.01,-0.20
254196,-0.00,-0.20
254219,-0.01,-0.20
254242,-0.01,-0.20
254265,-0.01,-0.20
254287,-0.00,-0.07
254310,-0.01,-0.20
254333,-0.01,-0.20
254356,-0.01,-0.20
254379,-0.01,-0.20
254401,-0.01,-0.20
254424,-0.01,-0.20
254447,-0.01,-0.20
254470,-0.01,-0.20
254492,-0.00,-0.07
254515,-0.01,-0.20
254538,-0.01,-0.20
254561,-0.01,-0.20
254583,-0.01,-0.20
254606,-0.00,-0.20
254628,-0.01,-0.20
254652,-0.01,-0.07
254674,-0.01,-0.20
254700,-0.01,-0.20
254724,-0.01,-0.33
254746,-0.01,-0.20
254769,-0.01,-0.20
254791,-0.01,-0.20
254815,-0.01,-0.20
254837,-0.01,-0.20
254860,-0.01,-0.33
254882,-0.01,-0.33
254906,-0.00,-0.20
254928,-0.01,-0.20
254951,-0.00,-0.20
254973,-0.01,-0.20
254996,-0.01,-0.33
255020,-0.01,-0.20
255042,-0.01,-0.20
255065,-0.01,-0.20
255087,-0.01,-0.20
255127,-0.02,-0.46
255150,-0.02,-0.46
255172,-0.01,-0.20
255195,-0.01,-0.33
255218,-0.01,-0.20
255241,-0.01,-0.20
255263,-0.00,-0.20
255299,-0.01,-0.33
255323,-0.01,-0.20
255345,-0.01,-0.33
255368,-0.01,-0.20
255390,-0.01,-0.20
255414,-0.01,-0.20
255436,-0.01,-0.33
255459,-0.01,-0.33
255481,-0.01,-0.20
255504,-0.01,-0.20
255527,-0.01,-0.20
255550,-0.01,-0.20
255572,-0.01,-0.20
255595,-0.01,-0.20
255619,-0.01,-0.07
255641,-0.00,-0.20
255664,-0.01,-0.20
255686,-0.01,-0.20
255710,-0.01,-0.20
255732,-0.01,-0.20
255755,-0.01,-0.33
255777,-0.01,-0.33
255801,-0.01,-0.20
255823,-0.01,-0.20
255846,-0.01,-0.33
255868,-0.01,-0.33
255895,-0.01,-0.20
255918,-0.01,-0.20
255940,-0.01,-0.20
255964,-0.01,-0.20
255986,-0.01,-0.20
256009,-0.01,-0.20
256031,-0.01,-0.20
256055,-0.01,-0.33
256077,-0.01,-0.20
256100,-0.01,-0.20
256122,-0.01,-0.20
256146,-0.01,-0.20
256168,-0.01,-0.20
256191,-0.01,-0.33
256214,-0.01,-0.20
256237,-0.01,-0.20
256260,-0.01,-0.20
256282,-0.01,-0.20
256305,-0.01,-0.33
256327,-0.01,-0.20
256351,-0.01,-0.20
256373,-0.01,-0.20
256396,-0.01,-0.20
256418,-0.01,-0.33
256442,-0.01,-0.20
256464,-0.01,-0.20
256491,-0.01,-0.20
256514,-0.01,-0.20
256536,-0.01,-0.20
256559,-0.01,-0.20
256582,-0.01,-0.20
256605,-0.01,-0.20
256627,-0.01,-0.20
256650,-0.01,-0.07
256672,-0.01,-0.20
256696,-0.01,-0.20
256718,-0.01,-0.20
256741,-0.01,-0.20
256763,-0.01,-0.20
256787,-0.01,-0.20
256809,-0.01,-0.07
256832,-0.01,-0.20
256855,-0.01,-0.20
256878,-0.01,-0.20
256901,-0.01,-0.20
256923,-0.01,-0.20
256946,-0.01,-0.07
256968,-0.01,-0.20
256992,-0.01,-0.20
257014,-0.01,-0.33
257043,-0.01,-0.33
257080,-0.02,-0.46
257102,-0.01,-0.33
257125,-0.01,-0.33
257147,-0.01,-0.20
257170,-0.01,-0.33
257192,-0.01,-0.20
257216,-0.01,-0.20
257239,-0.01,-0.20
257261,-0.00,-0.07
257284,-0.00,-0.07
257306,-0.01,-0.07
257329,-0.01,-0.33
257351,-0.01,-0.20
257374,-0.01,-0.33
257396,-0.01,-0.20
257419,-0.01,-0.20
257442,-0.01,-0.20
257465,-0.01,-0.20
257487,-0.01,-0.20
257510,-0.01,-0.20
257532,-0.01,-0.33
257555,-0.01,-0.20
257577,-0.01,-0.20
257600,-0.01,-0.20
257623,-0.00,-0.20
257646,-0.01,-0.07
257672,-0.01,-0.20
257694,-0.01,-0.20
257717,-0.01,-0.20
257739,-0.01,-0.20
257762,-0.01,-0.20
257784,-0.01,-0.20
257808,-0.01,-0.07
257830,-0.01,-0.20
257853,-0.01,-0.20
257875,-0.00,-0.20
257898,-0.01,-0.20
257921,-0.01,-0.20
257943,-0.01,-0.20
257966,-0.01,-0.20
257988,-0.01,-0.20
258012,-0.01,-0.20
258034,-0.01,-0.20
258057,-0.01,-0.20
258079,-0.01,-0.20
258102,-0.01,-0.20
258124,-0.01,-0.20
258147,-0.01,-0.07
258169,-0.01,-0.20
258192,-0.00,-0.20
258214,-0.01,-0.07
258241,-0.01,-0.20
258264,-0.01,-0.20
258286,-0.01,-0.20
258309,-0.01,-0.20
258331,-0.01,-0.20
258354,-0.00,-0.20
258377,-0.01,-0.20
258400,-0.00,-0.07
258422,-0.01,-0.20
258445,-0.00,-0.07
258467,-0.01,-0.20
258490,-0.00,-0.20
258512,-0.01,-0.20
258535,-0.00,-0.20
258557,-0.01,-0.20
258581,-0.01,-0.07
258604,-0.01,-0.20
258626,-0.00,-0.20
258649,-0.01,-0.20
258671,-0.01,-0.20
258694,-0.01,-0.33
258716,-0.01,-0.20
258739,-0.01,-0.20
258761,-0.01,-0.20
258785,-0.01,-0.20
258807,-0.01,-0.20
258833,-0.01,-0.20
258855,-0.01,-0.20
258878,-0.01,-0.20
258900,-0.01,-0.20
258924,-0.01,-0.07
258947,-0.01,-0.07
258985,-0.02,-0.46
259008,-0.01,-0.33
259031,-0.01,-0.20
259054,-0.01,-0.20
259077,-0.01,-0.20
259099,-0.01,-0.33
259122,-0.01,-0.20
259144,-0.01,-0.20
259167,-0.01,-0.20
259189,-0.01,-0.20
259212,-0.01,-0.20
259234,-0.01,-0.20
259258,-0.00,-0.20
259280,-0.01,-0.20
259303,-0.01,-0.20
259325,-0.01,-0.20
259348,-0.01,-0.20
259371,-0.01,-0.20
259393,-0.01,-0.20
259416,-0.01,-0.07
259442,-0.01,-0.33
259465,-0.01,-0.20
259487,-0.01,-0.20
259510,-0.01,-0.20
259532,-0.01,-0.20
259555,-0.00,-0.20
259578,-0.01,-0.20
259601,-0.00,-0.07
259623,-0.00,-0.20
259646,-0.01,-0.20
259668,-0.01,-0.20
259691,-0.01,-0.20
259714,-0.01,-0.20
259736,-0.01,-0.07
259760,-0.01,-0.20
259782,-0.01,-0.20
259805,-0.01,-0.07
259827,-0.01,-0.20
259850,-0.01,-0.07
259872,-0.01,-0.20
259895,-0.01,-0.20
259917,-0.01,-0.33
259941,-0.01,-0.20
259963,-0.01,-0.20
259986,-0.01,-0.20
260022,-0.01,-0.33
260045,-0.01,-0.33
260068,-0.01,-0.33
260090,-0.01,-0.20
260113,-0.01,-0.20
260135,-0.01,-0.20
260158,-0.01,-0.20
260180,-0.01,-0.20
260204,-0.01,-0.20
260227,-0.01,-0.20
260249,-0.01,-0.20
260272,-0.01,-0.20
260294,-0.01,-0.20
260317,-0.01,-0.20
260339,-0.01,-0.20
260362,-0.01,-0.20
260385,-0.01,-0.33
260408,-0.01,-0.07
260430,-0.01,-0.20
260453,-0.01,-0.20
260475,-0.01,-0.33
260498,-0.01,-0.33
260520,-0.01,-0.20
260544,-0.01,-0.20
260567,-0.01,-0.20
260589,-0.01,-0.33
260615,-0.01,-0.20
260637,-0.01,-0.33
260661,-0.01,-0.20
260683,-0.01,-0.20
260706,-0.01,-0.20
260728,-0.01,-0.20
260751,-0.00,-0.07
260773,-0.01,-0.20
260796,-0.00,-0.07
260818,-0.01,-0.20
260842,-0.00,-0.07
260865,-0.00,-0.20
260892,-0.01,-0.20
260925,-0.01,-0.33
260947,-0.01,-0.20
260970,-0.01,-0.20
260993,-0.01,-0.20
261015,-0.01,-0.20
261038,-0.01,-0.20
261060,-0.01,-0.07
261083,-0.01,-0.20
261106,-0.00,-0.20
261129,-0.01,-0.07
261151,-0.01,-0.20
261174,-0.00,-0.07
261199,-0.01,-0.20
261222,-0.01,-0.20
261245,-0.00,-0.20
261268,-0.00,-0.07
261291,-0.01,-0.20
261313,-0.01,-0.07
261336,-0.01,-0.20
261358,-0.01,-0.20
261381,-0.01,-0.20
261403,-0.01,-0.20
261427,-0.00,-0.07
261449,-0.01,-0.20
261472,-0.01,-0.20
261494,-0.01,-0.20
261517,-0.01,-0.20
261539,-0.01,-0.20
261562,-0.01,-0.07
261584,-0.01,-0.20
261608,-0.00,-0.07
261630,-0.01,-0.20
261653,-0.00,-0.20
261676,-0.01,-0.20
261698,-0.00,-0.20
261721,-0.01,-0.20
261743,-0.01,-0.20
261766,-0.01,-0.20
261792,-0.01,-0.20
261815,-0.01,-0.20
261837,-0.01,-0.07
261860,-0.01,-0.20
261882,-0.01,-0.20
261905,-0.01,-0.20
261928,-0.01,-0.33
261951,-0.01,-0.33
261974,-0.01,-0.20
261996,-0.01,-0.20
262019,-0.01,-0.20
262041,-0.01,-0.20
262064,-0.01,-0.20
262086,-0.00,-0.07
262110,-0.01,-0.20
262132,-0.01,-0.20
262155,-0.01,-0.33
262177,-0.01,-0.20
262200,-0.01,-0.20
262222,-0.01,-0.20
262245,-0.01,-0.20
262267,-0.01,-0.20
262291,-0.01,-0.20
262313,-0.01,-0.20
262336,-0.01,-0.20
262359,-0.01,-0.20
262384,-0.01,-0.20
262408,-0.01,-0.20
262430,-0.01,-0.20
262453,-0.01,-0.20
262475,-0.01,-0.20
262498,-0.01,-0.20
262520,-0.01,-0.20
262543,-0.00,-0.20
262565,-0.01,-0.20
262589,-0.00,-0.20
262611,-0.00,-0.20
262634,-0.01,-0.20
262657,-0.00,-0.20
262679,-0.01,-0.20
262702,-0.00,-0.20
262724,-0.01,-0.20
262747,-0.01,-0.20
262770,-0.01,-0.20
262793,-0.01,-0.20
262821,-0.01,-0.20
262856,-0.02,-0.46
262879,-0.01,-0.33
262901,-0.01,-0.33
262924,-0.01,-0.33
262947,-0.01,-0.20
262973,-0.01,-0.20
262995,-0.01,-0.20
263018,-0.01,-0.20
263041,-0.00,-0.20
263064,-0.00,-0.20
263087,-0.01,-0.20
263109,-0.00,-0.20
263132,-0.01,-0.07
263154,-0.01,-0.20
263177,-0.00,-0.07
263199,-0.01,-0.20
263222,-0.01,-0.07
263244,-0.01,-0.20
263268,-0.01,-0.20
263290,-0.01,-0.20
263313,-0.01,-0.20
263335,-0.01,-0.20
263358,-0.01,-0.20
263380,-0.00,-0.07
263403,-0.01,-0.07
263426,-0.01,-0.07
263449,-0.01,-0.20
263472,-0.01,-0.20
263494,-0.01,-0.20
263517,-0.00,-0.20
263539,-0.01,-0.20
263566,-0.01,-0.20
263588,-0.01,-0.20
263611,-0.00,-0.20
263633,-0.01,-0.20
263656,-0.00,-0.07
263678,-0.01,-0.20
263701,-0.00,-0.07
263724,-0.01,-0.20
263747,-0.00,-0.20
263770,-0.01,-0.20
263792,-0.00,-0.20
263815,-0.01,-0.07
263837,-0.01,-0.20
263860,-0.01,-0.20
263882,-0.01,-0.20
263905,-0.01,-0.07
263927,-0.01,-0.20
263951,-0.00,-0.20
263973,-0.01,-0.20
263996,-0.00,-0.07
264018,-0.01,-0.20
264041,-0.00,-0.07
264064,-0.01,-0.20
264086,-0.01,-0.07
264109,-0.01,-0.20
264135,-0.01,-0.20
264158,-0.01,-0.20
264180,-0.01,-0.07
264203,-0.01,-0.20
264225,-0.01,-0.20
264249,-0.01,-0.20
264271,-0.01,-0.20
264294,-0.00,-0.20
264316,-0.01,-0.20
264339,-0.01,-0.20
264361,-0.01,-0.20
264384,-0.01,-0.07
264407,-0.01,-0.20
264430,-0.00,-0.20
264453,-0.01,-0.20
264475,-0.01,-0.20
264498,-0.00,-0.20
264520,-0.00,-0.07
264543,-0.01,-0.20
264565,-0.00,-0.20
264588,-0.01,-0.20
264611,-0.01,-0.20
264634,-0.01,-0.20
264656,-0.01,-0.20
264679,-0.01,-0.33
264701,-0.01,-0.20
264743,-0.01,-0.46
264776,-0.02,-0.33
264799,-0.01,-0.46
264821,-0.01,-0.33
264844,-0.01,-0.20
264866,-0.01,-0.20
264889,-0.01,-0.20
264911,-0.01,-0.20
264935,-0.01,-0.20
264957,-0.01,-0.20
264980,-0.01,-0.20
265003,-0.01,-0.20
265025,-0.01,-0.20
265048,-0.01,-0.20
265070,-0.01,-0.20
265094,-0.01,-0.33
265116,-0.01,-0.20
265139,-0.00,-0.20
265161,-0.01,-0.20
265184,-0.01,-0.20
265206,-0.01,-0.20
265229,-0.01,-0.07
265252,-0.01,-0.20
265275,-0.01,-0.20
265297,-0.01,-0.20
265320,-0.01,-0.20
265346,-0.02,-0.33
265369,-0.01,-0.33
265392,-0.01,-0.20
265414,-0.01,-0.20
265437,-0.01,-0.20
265459,-0.01,-0.20
265482,-0.01,-0.20
265505,-0.01,-0.33
265528,-0.01,-0.33
265550,-0.01,-0.20
265573,-0.01,-0.20
265595,-0.01,-0.20
265618,-0.01,-0.20
265640,-0.01,-0.20
265664,-0.00,-0.20
265687,-0.01,-0.20
265709,-0.01,-0.20
265732,-0.00,-0.20
265754,-0.01,-0.20
265777,-0.01,-0.20
265799,-0.01,-0.20
265823,-0.01,-0.07
265845,-0.01,-0.20
265868,-0.01,-0.20
265890,-0.01,-0.20
265917,-0.01,-0.33
265939,-0.01,-0.20
265962,-0.01,-0.20
265985,-0.01,-0.33
266007,-0.01,-0.20
266030,-0.01,-0.20
266052,-0.01,-0.20
266076,-0.01,-0.20
266098,-0.01,-0.20
266121,-0.01,-0.20
266143,-0.01,-0.20
266166,-0.01,-0.20
266188,-0.01,-0.20
266211,-0.01,-0.20
266234,-0.01,-0.20
266257,-0.00,-0.20
266279,-0.00,-0.20
266302,-0.00,-0.20
266324,-0.01,-0.20
266347,-0.00,-0.20
266370,-0.01,-0.33
266393,-0.00,-0.20
266416,-0.01,-0.20
266438,-0.01,-0.20
266461,-0.01,-0.20
266483,-0.01,-0.20
266510,-0.01,-0.20
266532,-0.01,-0.20
266555,-0.01,-0.20
266577,-0.01,-0.20
266600,-0.01,-0.20
266622,-0.01,-0.20
266645,-0.01,-0.20
266674,-0.01,-0.33
266708,-0.02,-0.46
266731,-0.01,-0.33
266754,-0.01,-0.33
266776,-0.01,-0.20
266799,-0.01,-0.20
266821,-0.01,-0.20
266845,-0.01,-0.20
266867,-0.01,-0.20
266890,-0.01,-0.20
266912,-0.01,-0.20
266935,-0.01,-0.33
266957,-0.01,-0.20
266980,-0.01,-0.20
267003,-0.01,-0.20
267026,-0.01,-0.20
