444,-0.06,-1.52
480,-0.06,-1.65
499,-0.06,-1.52
519,-0.06,-1.52
538,-0.05,-1.39
558,-0.05,-1.52
577,-0.05,-1.52
596,-0.06,-1.52
616,-0.07,-1.65
635,-0.06,-1.79
655,-0.06,-1.52
674,-0.06,-1.65
694,-0.07,-1.92
713,-0.07,-1.92
733,-0.07,-1.79
752,-0.07,-1.92
772,-0.08,-2.05
791,-0.07,-2.05
811,-0.07,-1.92
830,-0.07,-1.92
849,-0.07,-1.92
869,-0.07,-1.92
888,-0.07,-1.79
908,-0.07,-1.92
927,-0.07,-1.92
947,-0.07,-1.92
966,-0.07,-1.79
986,-0.07,-1.92
1005,-0.07,-1.79
1025,-0.07,-1.92
1044,-0.07,-1.79
1061,-0.07,-1.79
1081,-0.07,-1.79
1100,-0.07,-1.92
1120,-0.07,-1.92
1139,-0.07,-1.79
1159,-0.07,-1.79
1178,-0.07,-1.79
1198,-0.07,-1.79
1217,-0.07,-1.79
1236,-0.07,-1.79
1256,-0.07,-1.79
1275,-0.07,-1.92
1295,-0.07,-1.92
1314,-0.07,-1.79
1334,-0.07,-1.92
1353,-0.07,-1.92
1373,-0.07,-1.92
1392,-0.07,-1.79
1412,-0.07,-1.92
1431,-0.07,-1.92
1451,-0.07,-1.92
1470,-0.07,-1.79
1489,-0.07,-1.92
1509,-0.07,-1.92
1528,-0.07,-1.92
1548,-0.07,-1.79
1567,-0.07,-1.92
1587,-0.07,-1.92
1614,-0.08,-1.92
1634,-0.07,-1.92
1653,-0.07,-1.92
1673,-0.07,-1.92
1692,-0.07,-1.92
1712,-0.07,-1.79
1731,-0.07,-1.92
1751,-0.07,-1.92
1770,-0.07,-1.79
1789,-0.07,-1.79
1809,-0.08,-2.05
1828,-0.07,-1.79
1848,-0.07,-1.79
1867,-0.07,-1.79
1887,-0.07,-1.92
1906,-0.07,-1.79
1926,-0.09,-2.31
1946,-0.07,-1.92
1966,-0.07,-1.79
1985,-0.07,-1.92
2004,-0.07,-1.92
2040,-0.08,-2.18
2061,-0.08,-2.05
2080,-0.08,-2.05
2100,-0.08,-2.05
2119,-0.08,-2.05
2139,-0.07,-1.92
2158,-0.07,-1.92
2181,-0.07,-2.05
2200,-0.08,-2.05
2220,-0.07,-1.92
2239,-0.08,-2.05
2258,-0.08,-2.05
2278,-0.08,-1.92
2297,-0.07,-1.92
2317,-0.07,-1.92
2336,-0.07,-1.92
2356,-0.07,-1.92
2375,-0.07,-1.92
2395,-0.07,-2.05
2414,-0.07,-1.92
2434,-0.07,-1.92
2453,-0.07,-1.92
2472,-0.07,-1.92
2492,-0.07,-1.92
2511,-0.07,-1.92
2531,-0.07,-1.92
2551,-0.07,-1.92
2571,-0.07,-1.92
2590,-0.07,-1.92
2610,-0.07,-1.79
2629,-0.07,-1.92
2649,-0.07,-1.92
2668,-0.07,-1.92
2688,-0.07,-1.79
2707,-0.07,-1.92
2726,-0.07,-2.05
2749,-0.07,-1.92
2768,-0.07,-1.92
2788,-0.07,-1.92
2807,-0.07,-1.92
2827,-0.07,-1.92
2846,-0.07,-1.92
2866,-0.07,-1.92
2885,-0.07,-1.92
2905,-0.07,-1.92
2924,-0.07,-1.92
2944,-0.07,-1.92
2963,-0.07,-1.79
2982,-0.07,-1.79
3002,-0.07,-1.79
3021,-0.07,-1.79
3041,-0.07,-1.79
3060,-0.07,-1.79
3080,-0.06,-1.65
3099,-0.06,-1.65
3119,-0.07,-1.79
3138,-0.07,-1.65
3158,-0.06,-1.65
3177,-0.06,-1.65
3196,-0.06,-1.65
3216,-0.06,-1.65
3235,-0.06,-1.65
3255,-0.06,-1.52
3274,-0.06,-1.52
3298,-0.06,-1.52
3317,-0.06,-1.52
3337,-0.06,-1.52
3356,-0.06,-1.65
3376,-0.06,-1.39
3395,-0.06,-1.52
3415,-0.06,-1.52
3434,-0.06,-1.39
3453,-0.05,-1.52
3473,-0.06,-1.39
3492,-0.05,-1.52
3512,-0.05,-1.39
3531,-0.05,-1.39
3551,-0.05,-1.39
3570,-0.05,-1.39
3590,-0.05,-1.39
3609,-0.05,-1.39
3629,-0.05,-1.39
3648,-0.05,-1.39
3667,-0.05,-1.26
3708,-0.06,-1.52
3728,-0.06,-1.52
3747,-0.05,-1.39
3767,-0.05,-1.39
3786,-0.05,-1.39
3806,-0.05,-1.39
3825,-0.05,-1.26
3845,-0.05,-1.26
3864,-0.05,-1.26
3888,-0.05,-1.26
3907,-0.05,-1.26
3927,-0.05,-1.39
3946,-0.05,-1.26
3965,-0.05,-1.26
3985,-0.05,-1.26
4004,-0.05,-1.26
4024,-0.05,-1.26
4043,-0.05,-1.26
4063,-0.05,-1.26
4082,-0.05,-1.26
4102,-0.05,-1.26
4121,-0.05,-1.26
4141,-0.05,-1.26
4160,-0.05,-1.26
4179,-0.05,-1.26
4199,-0.05,-1.26
4218,-0.05,-1.26
4238,-0.05,-1.26
4257,-0.05,-1.26
4277,-0.05,-1.26
4296,-0.05,-1.26
4316,-0.05,-1.26
4335,-0.05,-1.26
4355,-0.05,-1.26
4374,-0.05,-1.26
4393,-0.05,-1.26
4413,-0.05,-1.26
4436,-0.05,-1.26
4456,-0.05,-1.26
4475,-0.05,-1.26
4495,-0.05,-1.26
4514,-0.05,-1.26
4534,-0.05,-1.26
4553,-0.04,-1.26
4573,-0.05,-1.26
4592,-0.05,-1.26
4612,-0.05,-1.26
4631,-0.04,-1.26
4651,-0.05,-1.26
4670,-0.05,-1.26
4689,-0.05,-1.26
4709,-0.05,-1.26
4728,-0.05,-1.26
4748,-0.05,-1.26
4767,-0.05,-1.26
4787,-0.05,-1.26
4806,-0.05,-1.26
4826,-0.05,-1.26
4845,-0.05,-1.26
4865,-0.05,-1.26
4884,-0.05,-1.26
4903,-0.05,-1.26
4924,-0.05,-1.26
4943,-0.05,-1.12
4963,-0.05,-1.26
4982,-0.05,-1.26
5017,-0.05,-1.39
5040,-0.05,-1.26
5061,-0.05,-1.26
5083,-0.05,-1.26
5105,-0.05,-1.26
5127,-0.05,-1.12
5148,-0.05,-1.26
5171,-0.05,-1.26
5192,-0.05,-1.26
5214,-0.05,-1.26
5236,-0.05,-1.26
5258,-0.05,-1.12
5279,-0.05,-1.26
5302,-0.05,-1.26
5323,-0.05,-1.12
5345,-0.05,-1.26
5367,-0.05,-1.39
5395,-0.05,-1.39
5432,-0.05,-1.39
5453,-0.05,-1.39
5476,-0.05,-1.26
5497,-0.05,-1.26
5519,-0.05,-1.26
5541,-0.05,-1.26
5563,-0.05,-1.26
5584,-0.05,-1.26
5607,-0.04,-1.12
5628,-0.05,-1.26
5654,-0.05,-1.26
5676,-0.05,-1.26
5697,-0.05,-1.39
5720,-0.05,-1.26
5741,-0.05,-1.12
5763,-0.05,-1.26
5784,-0.05,-1.26
5807,-0.05,-1.12
5828,-0.05,-1.26
5850,-0.05,-1.26
5872,-0.05,-1.12
5894,-0.05,-1.26
5915,-0.05,-1.26
5938,-0.05,-1.12
5959,-0.05,-1.26
5981,-0.05,-1.12
6003,-0.05,-1.12
6025,-0.05,-1.26
6046,-0.05,-1.26
6069,-0.05,-1.26
6090,-0.05,-1.26
6112,-0.05,-1.26
6134,-0.05,-1.26
6156,-0.05,-1.26
6177,-0.05,-1.26
6200,-0.05,-1.26
6221,-0.05,-1.26
6243,-0.05,-1.26
6265,-0.05,-1.12
6285,-0.05,-1.26
6306,-0.05,-1.26
6329,-0.04,-1.26
6350,-0.05,-1.12
6372,-0.05,-1.12
6394,-0.05,-1.26
6416,-0.05,-1.12
6437,-0.04,-1.12
6460,-0.05,-1.12
6481,-0.05,-1.26
6503,-0.04,-1.12
6525,-0.05,-1.26
6547,-0.05,-1.26
6568,-0.04,-1.12
6591,-0.05,-1.26
6612,-0.05,-1.26
6634,-0.05,-1.12
6657,-0.05,-1.12
6678,-0.05,-1.12
6700,-0.05,-1.12
6722,-0.05,-1.26
6744,-0.05,-1.26
6765,-0.04,-1.12
6788,-0.05,-1.12
6809,-0.05,-1.26
6831,-0.04,-1.12
6853,-0.05,-1.26
6875,-0.05,-1.26
6900,-0.05,-1.26
6922,-0.05,-1.12
6943,-0.05,-1.26
6966,-0.05,-1.26
6987,-0.05,-1.12
7009,-0.05,-1.26
7031,-0.05,-1.26
7053,-0.04,-1.12
7074,-0.05,-1.12
7097,-0.04,-1.26
7118,-0.04,-1.12
7140,-0.05,-1.26
7161,-0.05,-1.12
7184,-0.04,-1.12
7205,-0.05,-1.26
7227,-0.05,-1.26
7249,-0.04,-1.12
7292,-0.05,-1.52
7315,-0.05,-1.26
7336,-0.05,-1.26
7358,-0.05,-1.26
7380,-0.05,-1.12
7402,-0.05,-1.12
7424,-0.05,-1.12
7446,-0.04,-1.12
7468,-0.05,-1.12
7490,-0.05,-1.26
7512,-0.04,-1.12
7537,-0.05,-1.26
7559,-0.05,-1.26
7581,-0.04,-1.26
7603,-0.05,-1.26
7625,-0.05,-1.12
7647,-0.04,-1.12
7668,-0.05,-1.26
7691,-0.04,-1.12
7712,-0.04,-1.12
7735,-0.04,-1.12
7756,-0.04,-1.12
7779,-0.04,-1.26
7800,-0.05,-1.12
7823,-0.04,-1.12
7844,-0.05,-1.26
7866,-0.05,-1.12
7888,-0.04,-1.12
7910,-0.05,-1.12
7932,-0.05,-1.26
7954,-0.05,-1.12
7976,-0.05,-1.12
7998,-0.04,-1.12
8020,-0.04,-1.26
8042,-0.05,-1.12
8065,-0.04,-1.12
8086,-0.04,-1.12
8108,-0.04,-1.12
8130,-0.04,-1.12
8152,-0.05,-1.26
8177,-0.05,-1.12
8200,-0.04,-1.12
8221,-0.05,-1.26
8244,-0.05,-1.26
8265,-0.04,-1.12
8287,-0.04,-1.26
8309,-0.05,-1.12
8331,-0.05,-1.12
8353,-0.04,-1.12
8375,-0.04,-1.12
8397,-0.05,-1.26
8419,-0.04,-1.26
8441,-0.04,-1.12
8463,-0.04,-1.12
8485,-0.04,-1.12
8507,-0.04,-1.12
8528,-0.05,-1.12
8551,-0.05,-1.26
8572,-0.04,-1.12
8595,-0.04,-1.12
8616,-0.04,-1.12
8639,-0.04,-1.12
8660,-0.05,-1.26
8683,-0.04,-1.12
8705,-0.05,-1.12
8727,-0.05,-1.12
8749,-0.04,-1.12
8770,-0.04,-1.12
8796,-0.05,-1.26
8818,-0.04,-1.12
8840,-0.05,-1.26
8862,-0.05,-1.12
8884,-0.04,-1.12
8905,-0.04,-1.12
8928,-0.04,-1.12
8949,-0.05,-1.12
8972,-0.04,-1.12
8993,-0.04,-1.26
9016,-0.05,-1.26
9037,-0.05,-1.12
9060,-0.04,-1.12
9081,-0.05,-1.12
9103,-0.05,-1.26
9125,-0.04,-1.12
9168,-0.05,-1.39
9190,-0.05,-1.12
9212,-0.05,-1.26
9234,-0.05,-1.12
9255,-0.05,-1.12
9278,-0.05,-1.26
9299,-0.05,-1.26
9321,-0.05,-1.12
9344,-0.05,-1.26
9365,-0.05,-1.12
9387,-0.05,-1.12
9409,-0.05,-1.26
9431,-0.04,-1.12
9456,-0.05,-1.26
9478,-0.05,-1.12
9499,-0.05,-1.26
9522,-0.05,-1.12
9543,-0.04,-1.12
9565,-0.05,-1.12
9587,-0.05,-1.26
9609,-0.04,-1.12
9630,-0.04,-1.12
9653,-0.04,-1.12
9674,-0.04,-1.12
9697,-0.05,-1.12
9718,-0.05,-1.26
9741,-0.04,-1.26
9762,-0.04,-1.26
9784,-0.05,-1.12
9806,-0.04,-1.26
9828,-0.04,-1.26
9849,-0.04,-1.12
9872,-0.04,-1.12
9893,-0.05,-1.12
9916,-0.04,-1.12
9937,-0.04,-1.26
9959,-0.05,-1.12
9981,-0.04,-1.12
10003,-0.04,-1.12
10024,-0.05,-1.12
10047,-0.04,-1.12
10083,-0.05,-1.26
10104,-0.04,-1.12
10127,-0.05,-1.26
10148,-0.05,-1.26
10170,-0.04,-1.26
10192,-0.04,-1.12
10214,-0.04,-1.26
10236,-0.05,-1.12
10258,-0.05,-1.12
10280,-0.04,-1.12
10302,-0.04,-1.12
10323,-0.05,-1.12
10346,-0.04,-1.12
10368,-0.04,-1.12
10390,-0.05,-1.12
10412,-0.04,-1.12
10434,-0.05,-1.12
10456,-0.04,-1.12
10478,-0.05,-1.12
10500,-0.04,-1.12
10522,-0.04,-1.12
10544,-0.04,-1.12
10566,-0.05,-1.26
10588,-0.04,-1.12
10610,-0.05,-1.12
10632,-0.05,-1.12
10653,-0.04,-1.12
10679,-0.04,-1.12
10701,-0.04,-1.26
10723,-0.04,-1.12
10745,-0.04,-1.12
10767,-0.05,-1.12
10789,-0.04,-1.12
10811,-0.04,-1.26
10833,-0.05,-1.12
10855,-0.04,-1.12
10876,-0.05,-1.12
10899,-0.05,-1.12
10920,-0.05,-1.12
10942,-0.04,-1.12
10964,-0.04,-1.12
10986,-0.04,-1.12
11014,-0.05,-1.26
11052,-0.05,-1.39
11073,-0.05,-1.26
11096,-0.05,-1.12
11117,-0.04,-1.26
11139,-0.05,-1.12
11161,-0.04,-1.12
11183,-0.04,-1.26
11205,-0.04,-1.12
11227,-0.04,-1.12
11248,-0.04,-0.99
11271,-0.04,-1.12
11295,-0.05,-1.26
11318,-0.04,-1.12
11339,-0.05,-1.12
11361,-0.04,-1.12
11383,-0.04,-1.12
11405,-0.04,-1.12
11427,-0.04,-0.99
11449,-0.04,-0.99
11470,-0.04,-0.99
11493,-0.04,-0.99
11514,-0.04,-0.99
11536,-0.04,-0.99
11558,-0.04,-0.99
11580,-0.04,-0.99
11601,-0.04,-0.86
11624,-0.04,-0.86
11645,-0.03,-0.86
11668,-0.03,-0.99
11689,-0.03,-0.86
11711,-0.03,-0.86
11734,-0.03,-0.86
11755,-0.03,-0.86
11777,-0.03,-0.86
11799,-0.03,-0.86
11821,-0.03,-0.86
11842,-0.03,-0.86
11865,-0.03,-0.86
11889,-0.03,-0.86
11912,-0.03,-0.86
11933,-0.03,-0.86
11956,-0.03,-0.86
11977,-0.03,-0.86
11999,-0.03,-0.86
12021,-0.03,-0.86
12043,-0.03,-0.86
12064,-0.03,-0.86
12087,-0.03,-0.86
12108,-0.03,-0.86
12130,-0.03,-0.86
12152,-0.03,-0.86
12174,-0.03,-0.86
12195,-0.03,-0.86
12218,-0.03,-0.73
12239,-0.03,-0.86
12261,-0.03,-0.86
12283,-0.03,-0.73
12305,-0.03,-0.86
12327,-0.03,-0.86
12349,-0.03,-0.73
12370,-0.03,-0.86
12393,-0.03,-0.86
12414,-0.03,-0.73
12436,-0.03,-0.86
12459,-0.03,-0.86
12483,-0.03,-0.86
12506,-0.03,-0.86
12527,-0.03,-0.86
12549,-0.03,-0.86
12571,-0.03,-0.86
12593,-0.03,-0.73
12615,-0.03,-0.86
12637,-0.03,-0.86
12658,-0.03,-0.86
12681,-0.03,-0.86
12702,-0.03,-0.86
12724,-0.03,-0.73
12746,-0.03,-0.86
12768,-0.03,-0.86
12789,-0.03,-0.86
12812,-0.03,-0.73
12833,-0.03,-0.73
12856,-0.03,-0.73
12883,-0.03,-0.86
12920,-0.04,-0.99
12943,-0.03,-0.86
12964,-0.03,-0.86
12987,-0.03,-0.86
13008,-0.03,-0.86
13030,-0.03,-0.86
13052,-0.03,-0.86
13074,-0.03,-0.73
13100,-0.03,-0.86
13121,-0.03,-0.86
13144,-0.03,-0.73
13165,-0.03,-0.73
13188,-0.03,-0.73
13209,-0.03,-0.73
13232,-0.03,-0.73
13253,-0.03,-0.86
13276,-0.03,-0.73
13297,-0.03,-0.73
13320,-0.03,-0.73
13341,-0.03,-0.86
13364,-0.03,-0.73
13385,-0.03,-0.73
13408,-0.03,-0.86
13429,-0.03,-0.86
13452,-0.03,-0.73
13473,-0.03,-0.86
13496,-0.03,-0.73
13517,-0.03,-0.86
13540,-0.03,-0.73
13561,-0.03,-0.73
13584,-0.03,-0.86
13605,-0.03,-0.86
13628,-0.03,-0.73
13649,-0.03,-0.86
13672,-0.03,-0.73
13698,-0.03,-0.73
13719,-0.03,-0.86
13742,-0.03,-0.73
13763,-0.03,-0.73
13786,-0.03,-0.86
13807,-0.03,-0.73
13830,-0.03,-0.73
13851,-0.03,-0.73
13874,-0.03,-0.73
13895,-0.03,-0.86
13918,-0.03,-0.86
13939,-0.03,-0.73
13961,-0.03,-0.86
13983,-0.03,-0.73
14005,-0.03,-0.86
14027,-0.03,-0.86
14049,-0.03,-0.86
14071,-0.03,-0.86
14093,-0.03,-0.86
14115,-0.03,-0.73
14137,-0.03,-0.73
14159,-0.03,-0.86
14181,-0.03,-0.86
14203,-0.03,-0.86
14225,-0.03,-0.73
14247,-0.03,-0.86
14269,-0.03,-0.86
14295,-0.03,-0.73
14317,-0.03,-0.86
14339,-0.03,-0.86
14361,-0.03,-0.73
14383,-0.03,-0.86
14405,-0.03,-0.86
14427,-0.03,-0.73
14449,-0.03,-0.73
14471,-0.03,-0.73
14493,-0.03,-0.73
14515,-0.03,-0.73
14537,-0.03,-0.73
14559,-0.03,-0.86
14581,-0.03,-0.86
14603,-0.03,-0.73
14625,-0.03,-0.86
14647,-0.03,-0.86
14669,-0.03,-0.86
14691,-0.03,-0.73
14713,-0.03,-0.73
14735,-0.03,-0.86
14764,-0.03,-0.86
14800,-0.04,-0.99
14823,-0.03,-0.86
14844,-0.03,-0.86
14867,-0.03,-0.86
14888,-0.03,-0.86
14924,-0.03,-0.86
14946,-0.03,-0.86
14967,-0.03,-0.86
14990,-0.03,-0.73
15011,-0.03,-0.73
15034,-0.03,-0.73
15055,-0.03,-0.86
15077,-0.03,-0.73
15099,-0.03,-0.86
15121,-0.03,-0.73
15142,-0.03,-0.73
15165,-0.03,-0.73
15186,-0.03,-0.73
15209,-0.03,-0.73
15230,-0.03,-0.73
15252,-0.03,-0.60
15275,-0.02,-0.60
15296,-0.03,-0.73
15318,-0.03,-0.73
15340,-0.03,-0.73
15362,-0.03,-0.73
15384,-0.03,-0.73
15406,-0.03,-0.73
15427,-0.03,-0.73
15450,-0.03,-0.86
15471,-0.03,-0.73
15494,-0.03,-0.73
15518,-0.03,-0.86
15541,-0.03,-0.73
15562,-0.03,-0.86
15584,-0.03,-0.86
15606,-0.03,-0.73
15628,-0.03,-0.73
15650,-0.03,-0.73
15672,-0.03,-0.73
15693,-0.03,-0.86
15716,-0.03,-0.86
15737,-0.03,-0.73
15759,-0.03,-0.73
15781,-0.03,-0.73
15803,-0.03,-0.73
15825,-0.03,-0.73
15847,-0.03,-0.86
15868,-0.03,-0.73
15891,-0.03,-0.86
15912,-0.03,-0.73
15934,-0.03,-0.73
15956,-0.03,-0.73
15978,-0.03,-0.73
16001,-0.03,-0.86
16022,-0.03,-0.86
16044,-0.03,-0.73
16066,-0.03,-0.73
16088,-0.03,-0.86
16107,-0.03,-0.73
16129,-0.03,-0.73
16151,-0.03,-0.73
16173,-0.03,-0.73
16195,-0.03,-0.86
16217,-0.03,-0.73
16238,-0.03,-0.73
16261,-0.03,-0.86
16282,-0.03,-0.73
16304,-0.03,-0.73
16326,-0.03,-0.73
16348,-0.03,-0.73
16370,-0.03,-0.73
16392,-0.03,-0.73
16413,-0.03,-0.73
16436,-0.03,-0.73
16457,-0.03,-0.73
16480,-0.03,-0.73
16501,-0.03,-0.86
16523,-0.03,-0.73
16545,-0.03,-0.86
16567,-0.03,-0.73
16588,-0.03,-0.73
16611,-0.03,-0.73
16638,-0.03,-0.86
16676,-0.04,-0.99
16701,-0.04,-0.86
16723,-0.03,-0.86
16745,-0.03,-0.86
16766,-0.03,-0.86
16789,-0.03,-0.86
16811,-0.03,-0.73
16832,-0.03,-0.73
16855,-0.03,-0.73
16876,-0.03,-0.73
16899,-0.03,-0.73
16920,-0.03,-0.73
16942,-0.03,-0.73
16964,-0.03,-0.86
16986,-0.03,-0.73
17007,-0.03,-0.73
17030,-0.03,-0.73
17051,-0.03,-0.73
17074,-0.03,-0.73
17095,-0.03,-0.73
17117,-0.03,-0.73
17139,-0.03,-0.73
17161,-0.03,-0.73
17182,-0.03,-0.73
17205,-0.03,-0.86
17226,-0.03,-0.73
17249,-0.03,-0.73
17270,-0.03,-0.73
17296,-0.03,-0.86
17317,-0.03,-0.86
17339,-0.03,-0.73
17361,-0.03,-0.86
17383,-0.03,-0.73
17405,-0.03,-0.73
17427,-0.03,-0.86
17448,-0.03,-0.86
17471,-0.03,-0.73
17492,-0.03,-0.73
17514,-0.03,-0.86
17537,-0.03,-0.73
17558,-0.03,-0.73
17580,-0.03,-0.73
17602,-0.03,-0.73
17624,-0.03,-0.73
17646,-0.03,-0.73
17668,-0.03,-0.73
17689,-0.03,-0.86
17712,-0.03,-0.73
17733,-0.03,-0.73
17755,-0.03,-0.73
17777,-0.03,-0.73
17799,-0.03,-0.73
17821,-0.03,-0.73
17843,-0.03,-0.73
17864,-0.03,-0.86
17890,-0.03,-0.86
17911,-0.03,-0.73
17934,-0.03,-0.73
17955,-0.03,-0.73
17978,-0.03,-0.73
17999,-0.03,-0.73
18021,-0.03,-0.86
18043,-0.03,-0.73
18065,-0.03,-0.86
18086,-0.03,-0.73
18109,-0.03,-0.73
18130,-0.03,-0.73
18153,-0.03,-0.86
18174,-0.03,-0.73
18196,-0.03,-0.73
18219,-0.03,-0.73
18240,-0.03,-0.73
18262,-0.03,-0.73
18284,-0.03,-0.73
18306,-0.03,-0.73
18328,-0.03,-0.73
18350,-0.03,-0.73
18371,-0.03,-0.73
18394,-0.03,-0.86
18415,-0.03,-0.73
18438,-0.03,-0.73
18459,-0.03,-0.73
18485,-0.03,-0.86
18528,-0.04,-0.99
18550,-0.03,-0.86
18572,-0.03,-0.86
18593,-0.03,-0.86
18616,-0.03,-0.86
18637,-0.03,-0.73
18660,-0.03,-0.73
18681,-0.03,-0.86
18703,-0.03,-0.73
18725,-0.03,-0.86
18747,-0.03,-0.86
18769,-0.03,-0.86
18791,-0.03,-0.86
18813,-0.03,-0.73
18835,-0.03,-0.86
18857,-0.03,-0.86
18879,-0.03,-0.73
18902,-0.03,-0.73
18923,-0.03,-0.73
18946,-0.03,-0.73
18967,-0.03,-0.73
18990,-0.03,-0.73
19011,-0.03,-0.86
19034,-0.03,-0.73
19055,-0.03,-0.73
19078,-0.03,-0.86
19103,-0.03,-0.86
19125,-0.03,-0.73
19147,-0.03,-0.86
19169,-0.03,-0.73
19191,-0.03,-0.73
19213,-0.03,-0.73
19235,-0.03,-0.73
19257,-0.03,-0.86
19279,-0.03,-0.73
19301,-0.03,-0.73
19323,-0.03,-0.73
19345,-0.03,-0.86
19367,-0.03,-0.73
19389,-0.03,-0.73
19411,-0.03,-0.73
19433,-0.03,-0.73
19456,-0.03,-0.73
19477,-0.03,-0.73
19500,-0.03,-0.73
19521,-0.03,-0.86
19544,-0.03,-0.73
19565,-0.03,-0.73
19588,-0.03,-0.73
19609,-0.03,-0.86
19632,-0.03,-0.86
19653,-0.03,-0.73
19676,-0.03,-0.73
19712,-0.03,-0.73
19734,-0.03,-0.86
19756,-0.03,-0.73
19778,-0.03,-0.86
19800,-0.03,-0.86
19822,-0.03,-0.73
19844,-0.03,-0.86
19866,-0.03,-0.86
19888,-0.03,-0.86
19910,-0.03,-0.86
19932,-0.03,-0.73
19954,-0.03,-0.86
19976,-0.03,-0.73
19998,-0.03,-0.73
20020,-0.03,-0.86
20042,-0.90,-25.99
20064,-0.40,-9.06
20086,1.08,29.30
20108,-0.74,-21.76
20130,-0.61,-14.75
20153,1.08,29.30
20174,-0.61,-18.45
20197,-0.76,-18.72
20218,1.08,29.30
20241,-0.45,-14.09
20262,-0.93,-23.35
20285,1.08,29.30
20311,-1.51,-40.94
20332,0.48,14.75
20355,0.87,22.02
20382,0.46,14.22
20420,1.08,29.30
20442,-1.11,-31.55
20464,-0.29,-6.15
20486,1.08,29.43
20508,-0.74,-21.76
20530,-0.70,-17.13
20552,1.08,29.43
20574,-0.37,-11.97
20596,-1.02,-26.12
20618,1.08,29.30
20640,-0.07,-3.37
20662,-1.28,-33.66
20683,1.04,29.43
20706,0.24,4.83
20727,-1.43,-38.16
20750,0.70,20.44
20771,0.61,14.75
20794,-1.47,-40.01
20815,0.34,11.04
20837,0.98,24.93
20859,-1.35,-37.63
20882,0.09,3.77
20903,1.08,29.30
20929,-1.08,-27.71
20951,1.08,29.30
20973,-0.09,-3.90
20995,-1.25,-32.87
21017,1.07,29.30
21039,0.19,3.37
21061,-1.41,-37.76
21083,0.74,21.49
21105,0.54,13.03
21127,-1.41,-38.29
21149,0.49,14.62
21171,0.77,19.25
21193,-1.34,-36.57
21215,0.20,6.81
21237,0.98,25.33
21259,-1.09,-30.62
21281,-0.07,-0.46
21303,1.08,29.30
21324,-0.83,-23.61
21347,-0.28,-6.02
21369,1.06,28.24
21391,-0.56,-16.60
21413,-0.38,-9.06
21435,0.85,22.82
21457,-0.33,-9.99
21479,-0.40,-10.12
21500,0.57,15.67
21523,-0.21,-6.15
21549,0.21,6.15
21570,0.23,5.62
21593,-0.51,-13.95
21614,0.13,4.03
21636,0.34,8.80
21658,-0.43,-11.97
21680,0.03,1.39
21702,0.43,11.44
21724,-0.35,-10.12
21746,-0.09,-1.65
21768,0.44,11.71
21790,-0.31,-8.93
21813,-0.18,-4.17
21834,0.44,11.97
21856,-0.23,-6.42
21878,-0.28,-6.94
21900,0.40,11.18
21922,-0.15,-4.70
21944,-0.41,-10.38
21966,0.38,10.52
21988,-0.05,-2.05
22010,-0.46,-12.24
22032,0.31,8.66
22054,0.05,0.73
22076,-0.48,-12.76
22098,0.20,5.89
22120,0.18,4.30
22146,-0.19,-4.70
22167,0.43,11.57
22190,-0.20,-5.62
22211,-0.33,-8.27
22233,0.37,10.25
22261,-0.38,-9.59
22299,0.31,8.80
22321,0.04,0.46
22342,-0.47,-12.50
22365,0.19,5.49
22386,0.21,5.22
22409,-0.44,-12.10
22430,0.09,2.84
22452,0.37,9.72
22474,-0.36,-10.12
22496,-0.09,-1.79
22517,0.42,11.31
22540,-0.24,-6.81
22561,-0.24,-5.89
22584,0.40,11.18
22605,-0.16,-4.96
22627,-0.39,-10.12
22649,0.36,9.85
22671,-0.00,-0.60
22693,-0.47,-12.63
22715,0.23,6.81
22736,0.15,3.51
22759,-0.47,-12.63
22785,0.42,11.44
22806,-0.23,-6.55
22828,-0.28,-7.08
22850,0.40,11.18
22872,-0.12,-3.90
22893,-0.45,-11.71
22916,0.33,9.19
22937,0.04,0.33
22960,-0.48,-12.76
22981,0.20,5.75
23003,0.20,4.96
23025,-0.45,-12.37
23047,0.11,3.51
23068,0.37,9.72
23091,-0.37,-10.52
23112,-0.07,-1.26
23135,0.42,11.31
23156,-0.27,-7.87
23179,-0.22,-5.36
23200,0.43,11.84
23222,-0.19,-5.62
23244,-0.35,-8.93
23266,0.35,9.85
23287,-0.03,-1.39
23310,-0.46,-12.24
23331,0.27,7.87
23354,0.12,2.71
23375,-0.49,-13.16
23401,0.44,11.84
23422,-0.23,-6.68
23445,-0.27,-6.68
23467,0.40,11.18
23488,-0.14,-4.43
23511,-0.41,-10.65
23532,0.34,9.46
23554,0.02,-0.07
23576,-0.48,-12.90
23598,0.22,6.42
23620,0.18,4.43
23642,-0.46,-12.76
23663,0.13,4.03
23686,0.35,8.93
23707,-0.39,-10.78
23729,-0.05,-0.60
23751,0.42,11.18
23773,-0.29,-8.40
23795,-0.20,-4.70
23817,0.42,11.57
23838,-0.20,-5.75
23861,-0.34,-8.66
23882,0.37,10.38
23905,-0.06,-2.31
23926,-0.46,-12.24
23949,0.30,8.40
23970,0.10,2.05
23992,-0.49,-13.29
24017,0.43,11.57
24039,-0.26,-7.34
24061,-0.23,-5.62
24083,0.43,11.84
24105,-0.19,-5.49
24133,0.40,11.18
24171,-0.01,-0.86
24193,-0.48,-12.76
24215,0.23,6.68
24237,0.15,3.51
24258,-0.49,-13.16
24281,0.15,4.43
24302,0.30,7.61
24324,-0.41,-11.31
24346,0.01,0.86
24368,0.40,10.65
24390,-0.31,-8.93
24412,-0.15,-3.51
24433,0.43,11.71
24456,-0.23,-6.28
24477,-0.29,-7.21
24500,0.40,11.18
24521,-0.13,-4.30
24544,-0.43,-11.18
24565,0.34,9.59
24587,0.02,-0.20
24609,-0.48,-12.90
24645,-0.19,-4.56
24667,0.42,11.44
24689,-0.22,-6.15
24711,-0.30,-7.61
24732,0.38,10.65
24755,-0.11,-3.51
24776,-0.43,-11.44
24799,0.33,9.19
24820,0.04,0.33
24842,-0.49,-13.16
24864,0.21,6.02
24886,0.19,4.70
24908,-0.46,-12.63
24930,0.12,3.90
24951,0.34,8.80
24974,-0.38,-10.65
24995,-0.03,-0.20
25018,0.42,11.18
25039,-0.29,-8.40
25061,-0.19,-4.56
25083,0.43,11.71
25105,-0.22,-6.28
25127,-0.32,-7.87
25149,0.38,10.65
25171,-0.10,-3.51
25193,-0.44,-11.71
25214,0.32,8.93
25237,0.05,0.60
25262,-0.05,-0.73
25284,0.42,11.04
25306,-0.29,-8.40
25328,-0.21,-4.83
25350,0.43,11.84
25372,-0.21,-5.89
25394,-0.33,-8.40
25415,0.37,10.38
25438,-0.08,-2.84
25459,-0.43,-11.44
25482,0.32,8.93
25503,0.07,1.12
25525,-0.49,-13.03
25547,0.19,5.62
25569,0.21,5.09
25591,-0.45,-12.50
25613,0.10,3.24
25634,0.36,9.33
25657,-0.36,-10.25
25678,-0.05,-0.73
25701,0.42,11.18
25722,-0.29,-8.13
25744,-0.21,-4.96
25766,0.43,11.57
25788,-0.21,-5.89
25810,-0.33,-8.40
25832,0.38,10.65
25854,-0.08,-2.71
25879,0.09,3.11
25902,0.37,9.72
25923,-0.36,-10.25
25945,-0.07,-1.12
25967,0.43,11.31
25989,-0.27,-7.74
26033,0.42,11.44
26055,-0.26,-7.61
26078,-0.23,-5.75
26099,0.41,11.31
26122,-0.18,-5.36
26143,-0.35,-8.93
26165,0.36,10.12
26187,-0.05,-1.92
26209,-0.46,-12.10
26231,0.28,8.13
26253,0.10,2.05
26274,-0.49,-13.16
26297,0.15,4.43
26318,0.24,5.89
26341,-0.45,-12.50
26362,0.11,3.24
26385,0.37,9.59
26406,-0.37,-10.38
26428,-0.06,-0.99
26450,0.41,11.04
26472,-0.29,-8.53
26494,-0.17,-4.17
26520,0.04,0.46
26542,-0.48,-12.90
26564,0.23,6.68
26586,0.15,3.51
26607,-0.47,-12.76
26630,0.17,4.70
26651,0.27,6.68
26674,-0.43,-11.97
26695,0.08,2.71
26718,0.38,9.99
26739,-0.37,-10.25
26762,-0.07,-1.12
26783,0.42,11.31
26806,-0.29,-8.27
26827,-0.19,-4.43
26850,0.43,11.84
26871,-0.22,-6.28
26893,-0.30,-7.47
26915,0.39,10.78
26937,-0.14,-4.43
26959,-0.39,-9.85
26982,0.36,10.25
27003,-0.06,-2.31
27026,-0.44,-11.84
27047,0.31,8.80
27069,0.05,0.60
27091,-0.48,-12.90
27117,0.41,11.04
27139,-0.31,-8.80
27161,-0.15,-3.64
27183,0.44,11.84
27205,-0.24,-6.81
27227,-0.28,-6.81
27248,0.40,11.18
27271,-0.17,-5.22
27292,-0.38,-9.59
27315,0.35,9.72
27336,-0.06,-2.05
27359,-0.45,-11.97
27381,0.31,8.66
27403,0.04,0.33
27424,-0.47,-12.63
27447,0.25,7.21
27468,0.14,3.11
27491,-0.48,-13.16
27512,0.16,4.56
27535,0.24,5.89
27556,-0.44,-11.97
27579,0.10,3.37
27600,0.35,8.93
27623,-0.39,-11.04
27644,-0.02,0.07
27667,0.40,10.78
27688,-0.33,-9.33
27711,-0.13,-3.11
27736,0.01,-0.33
27758,-0.46,-12.37
27780,0.23,6.68
27802,0.16,3.90
27824,-0.48,-13.03
27846,0.15,4.43
27868,0.32,7.87
27911,-0.15,-3.51
27933,0.40,10.65
27955,-0.31,-8.80
27977,-0.15,-3.51
27999,0.43,11.44
28021,-0.24,-6.81
28043,-0.25,-6.15
28065,0.42,11.71
28087,-0.18,-5.36
28109,-0.35,-9.06
28131,0.36,10.12
28153,-0.11,-3.64
28175,-0.41,-10.78
28197,0.34,9.59
28219,-0.02,-1.26
28241,-0.45,-11.97
28264,0.31,8.66
28285,0.06,0.86
28307,-0.48,-12.90
28329,0.22,6.42
28352,0.15,3.51
28377,-0.13,-2.98
28399,0.42,11.31
28422,-0.27,-7.61
28443,-0.21,-5.09
28466,0.42,11.44
28487,-0.23,-6.42
28510,-0.27,-6.68
28531,0.41,11.31
28554,-0.19,-5.49
28575,-0.36,-9.33
28598,0.37,10.38
28619,-0.10,-3.24
28642,-0.42,-11.04
28664,0.34,9.59
28686,-0.08,-2.45
28707,-0.46,-12.24
28730,0.29,8.13
28752,0.06,0.99
28774,-0.49,-13.03
28796,0.22,6.28
28818,0.17,4.03
28840,-0.48,-13.03
28862,0.17,4.96
28884,0.25,6.28
28906,-0.44,-12.10
28929,0.11,3.51
28950,0.34,8.53
28973,-0.40,-11.18
28998,0.39,10.78
29020,-0.15,-4.83
29042,-0.38,-9.72
29064,0.37,10.38
29086,-0.07,-2.58
29108,-0.45,-11.71
29130,0.33,9.33
29152,-0.00,-0.60
29174,-0.47,-12.50
29197,0.28,8.00
29218,0.09,1.65
29240,-0.49,-13.16
29262,0.20,5.89
29284,0.18,4.43
29306,-0.48,-12.90
29329,0.17,4.83
29350,0.27,6.81
29372,-0.45,-12.37
29394,0.08,2.71
29417,0.36,9.46
29438,-0.39,-11.04
29461,-0.02,0.07
29483,0.40,10.65
29505,-0.33,-9.46
29527,-0.10,-1.92
29549,0.41,11.04
29571,-0.25,-7.34
29593,-0.19,-4.56
29629,0.18,5.36
29650,0.19,4.70
29673,-0.47,-12.90
29694,0.15,4.43
29717,0.28,7.08
29739,-0.42,-11.71
29767,0.30,7.61
29805,-0.40,-11.04
29827,-0.04,-0.46
29849,0.42,11.18
29871,-0.30,-8.66
29893,-0.19,-4.43
29915,0.43,11.71
29937,-0.22,-6.28
29959,-0.30,-7.47
29980,0.39,10.65
30003,-0.12,-3.90
30024,-0.42,-10.78
30047,0.34,9.59
30068,0.02,-0.07
30090,-0.47,-12.50
30112,0.22,6.42
30134,0.17,3.90
30156,-0.48,-13.03
30178,0.15,4.43
30199,0.30,7.47
30222,-0.40,-11.04
30243,0.01,0.86
30269,-0.11,-3.51
30290,-0.42,-10.91
30313,0.33,9.06
30334,0.02,-0.07
30357,-0.47,-12.50
30379,0.22,6.55
30401,0.15,3.77
30423,-0.47,-12.76
30444,0.15,4.56
30467,0.29,7.21
30488,-0.41,-11.44
30511,0.02,1.39
30532,0.41,10.78
30554,-0.33,-9.46
30576,-0.14,-3.24
30598,0.44,11.84
30620,-0.24,-6.68
30642,-0.26,-6.55
30664,0.40,11.18
30686,-0.16,-5.09
30707,-0.39,-9.99
30730,0.35,9.85
30751,-0.02,-1.12
30774,-0.47,-12.50
30795,0.26,7.61
30818,0.13,2.84
30839,-0.48,-13.03
30861,0.18,5.09
30886,-0.24,-6.81
30909,-0.25,-6.28
30930,0.40,11.18
30952,-0.18,-5.22
30974,-0.38,-9.72
30996,0.35,9.85
31019,-0.02,-1.12
31040,-0.46,-12.24
31063,0.27,7.87
31084,0.12,2.71
31106,-0.48,-12.90
31128,0.17,4.96
31150,0.26,6.42
31171,-0.43,-11.71
31194,0.06,2.31
31215,0.38,9.99
31238,-0.35,-9.99
31259,-0.11,-2.31
31281,0.43,11.57
31303,-0.25,-7.08
31325,-0.24,-6.02
31347,0.43,11.71
31369,-0.18,-5.36
31391,-0.36,-9.19
31413,0.35,9.85
31434,-0.04,-1.65
31457,-0.46,-12.37
31482,0.38,9.99
31504,-0.36,-10.25
31526,-0.08,-1.65
31548,0.42,11.31
31569,-0.27,-7.74
31592,-0.20,-4.96
31613,0.42,11.44
31642,-0.21,-5.22
31696,0.40,10.91
31719,-0.18,-5.36
31740,-0.39,-9.99
31763,0.36,10.12
31784,-0.03,-1.39
31806,-0.45,-12.10
31828,0.27,7.87
31850,0.10,2.05
31873,-0.49,-13.16
31894,0.18,5.22
31917,0.24,6.02
31938,-0.44,-12.24
31960,0.08,2.84
31982,0.38,9.99
32004,-0.36,-10.12
32026,-0.07,-1.26
32048,0.42,11.31
32070,-0.28,-7.87
32092,-0.21,-5.09
32113,0.43,11.71
32139,-0.48,-12.90
32161,0.20,5.75
32183,0.18,4.30
32205,-0.47,-12.90
32227,0.17,4.70
32249,0.26,6.55
32271,-0.43,-11.71
32293,0.07,2.58
32315,0.38,10.12
32337,-0.38,-10.78
32359,-0.05,-0.73
32381,0.42,11.18
32403,-0.31,-8.80
32425,-0.15,-3.64
32447,0.43,11.57
32470,-0.24,-6.81
32491,-0.25,-6.15
32514,0.42,11.44
32535,-0.20,-5.75
32558,-0.36,-9.06
32579,0.37,10.52
32602,-0.09,-3.11
32623,-0.44,-11.71
32646,0.33,9.33
32667,0.03,0.07
32689,-0.47,-12.63
32711,0.23,6.81
32734,0.13,2.98
32758,-0.13,-2.98
32781,0.43,11.57
32802,-0.26,-7.34
32825,-0.22,-5.36
32846,0.42,11.57
32869,-0.22,-6.28
32890,-0.30,-7.61
32913,0.38,10.65
32934,-0.14,-4.30
32957,-0.41,-10.38
32979,0.36,10.12
33001,-0.08,-2.84
33024,-0.43,-11.31
33045,0.33,9.19
33068,-0.00,-0.60
33089,-0.47,-12.50
33112,0.26,7.74
33133,0.12,2.58
33155,-0.48,-13.03
33177,0.18,5.22
33199,0.25,6.28
33221,-0.44,-12.10
33243,0.09,2.98
33265,0.36,9.33
33287,-0.38,-10.52
33309,-0.05,-0.73
33331,0.40,10.78
33353,-0.33,-9.33
33379,0.33,9.19
33400,0.03,0.20
33422,-0.48,-12.90
33444,0.21,6.28
33466,0.18,4.43
33488,-0.47,-12.76
33510,0.14,4.30
33541,-0.31,-7.87
33580,0.40,10.91
33601,-0.16,-4.96
33624,-0.40,-10.25
33645,0.36,10.25
33668,-0.08,-2.71
33689,-0.47,-12.37
33712,0.27,7.74
33733,0.12,2.58
33755,-0.48,-12.90
33777,0.17,4.70
33799,0.25,6.28
33821,-0.43,-11.84
33843,0.06,2.18
33864,0.40,10.52
33887,-0.36,-10.12
33908,-0.09,-1.79
33931,0.43,11.44
33952,-0.26,-7.47
33975,-0.23,-5.75
34033,0.13,2.84
34055,-0.49,-13.29
34077,0.16,4.56
34099,0.28,6.94
34120,-0.43,-11.97
34143,0.04,1.79
34164,0.40,10.78
34187,-0.35,-9.85
34208,-0.12,-2.58
34231,0.42,11.31
34252,-0.22,-6.28
34275,-0.23,-5.75
34296,0.42,11.44
34318,-0.19,-5.62
34340,-0.36,-9.06
34362,0.37,10.25
34384,-0.09,-2.98
34406,-0.46,-12.10
34428,0.31,8.66
34450,0.08,1.52
34471,-0.48,-13.16
34494,0.19,5.49
34515,0.22,5.36
34538,-0.45,-12.37
34560,0.11,3.64
34582,0.35,9.06
34604,-0.38,-10.65
34626,-0.04,-0.46
34661,0.27,7.74
34683,0.10,1.92
34705,-0.49,-13.29
34727,0.16,4.70
34749,0.26,6.55
34770,-0.43,-11.71
34793,0.06,2.18
34814,0.39,10.38
34837,-0.35,-10.12
34859,-0.09,-1.65
34881,0.42,11.44
34903,-0.27,-7.61
34925,-0.22,-5.36
34947,0.42,11.44
34968,-0.20,-5.89
34991,-0.34,-8.53
35012,0.37,10.38
35035,-0.08,-2.71
35056,-0.44,-11.71
35079,0.31,8.80
35100,0.07,1.12
35122,-0.48,-12.90
35144,0.19,5.36
35166,0.21,5.09
35188,-0.45,-12.37
35210,0.11,3.64
35232,0.36,9.33
35254,-0.38,-10.65
35279,0.37,10.25
35301,-0.06,-2.45
35323,-0.46,-12.24
35345,0.30,8.53
35367,0.08,1.39
35389,-0.48,-12.90
35410,0.20,5.62
35433,0.23,5.62
35464,0.42,11.57
35497,0.43,11.57
35519,-0.24,-6.68
35542,-0.29,-7.21
35563,0.40,11.18
35585,-0.14,-4.56
35607,-0.42,-10.91
35629,0.34,9.59
35651,0.01,-0.33
35673,-0.47,-12.63
35695,0.23,6.68
35717,0.17,4.03
35738,-0.47,-12.76
35761,0.15,4.17
35782,0.32,7.87
35804,-0.39,-11.04
35826,-0.00,0.60
35848,0.41,10.78
35870,-0.32,-8.93
35892,-0.17,-4.03
35917,0.06,0.99
35939,-0.47,-12.76
35961,0.20,5.62
35983,0.21,5.22
36004,-0.45,-12.37
36027,0.12,3.77
36048,0.36,9.33
36071,-0.38,-10.52
36092,-0.05,-0.73
36115,0.41,11.04
36136,-0.29,-8.40
36159,-0.20,-4.83
36180,0.43,11.84
36202,-0.21,-6.02
36225,-0.32,-7.87
36246,0.39,10.78
36269,-0.10,-3.37
36290,-0.44,-11.57
36313,0.32,8.93
36334,0.05,0.60
36356,-0.49,-13.03
36378,0.21,6.02
36400,0.20,4.70
36422,-0.46,-12.50
36444,0.12,3.77
36466,0.35,9.06
36488,-0.38,-10.65
36509,-0.04,-0.46
36535,-0.07,-2.45
36557,-0.44,-11.71
36579,0.31,8.66
36600,0.08,1.52
36623,-0.48,-13.03
36644,0.18,5.22
36667,0.22,5.49
36688,-0.46,-12.63
36711,0.09,2.84
36732,0.38,9.99
36754,-0.37,-10.25
36776,-0.08,-1.65
36798,0.43,11.44
36820,-0.26,-7.61
36842,-0.21,-5.09
36865,0.43,11.71
36886,-0.19,-5.62
36908,-0.35,-8.93
36930,0.36,10.12
36952,-0.07,-2.58
36974,-0.44,-11.57
36996,0.30,8.40
37018,0.08,1.52
37040,-0.49,-13.29
37062,0.18,5.22
37084,0.23,5.75
37105,-0.45,-12.24
37128,0.10,3.24
37152,-0.18,-5.36
37175,-0.36,-9.19
37196,0.35,9.99
37219,-0.02,-1.26
37240,-0.47,-12.37
37263,0.27,7.74
37284,0.12,2.71
37306,-0.48,-13.16
37335,0.16,3.90
37367,0.22,5.49
37389,-0.43,-11.97
37411,0.09,3.11
37433,0.37,9.72
37454,-0.37,-10.38
37477,-0.08,-1.39
37498,0.41,11.04
37521,-0.28,-8.13
37542,-0.18,-4.43
37565,0.43,11.57
37587,-0.24,-6.68
37609,-0.27,-6.68
37632,0.42,11.57
37653,-0.20,-5.89
37676,-0.33,-8.40
37697,0.38,10.65
37720,-0.11,-3.77
37741,-0.40,-10.38
37764,0.36,10.12
37789,-0.46,-12.63
37812,0.12,3.77
37833,0.33,8.27
37856,-0.41,-11.31
37877,0.02,1.39
37900,0.40,10.65
37921,-0.36,-10.25
37944,-0.05,-0.60
37966,0.41,10.91
37988,-0.32,-9.19
38010,-0.13,-2.98
38032,0.43,11.57
38054,-0.26,-7.34
38077,-0.20,-4.83
38098,0.44,11.84
38121,-0.22,-6.28
38142,-0.27,-6.55
38165,0.41,11.31
38187,-0.20,-5.75
38209,-0.34,-8.53
38232,0.38,10.65
38253,-0.13,-4.17
38276,-0.41,-10.52
38297,0.36,10.12
38320,-0.06,-2.31
38342,-0.44,-11.71
38364,0.33,9.33
38389,-0.42,-11.57
38412,0.06,2.18
38433,0.37,9.85
38456,-0.37,-10.52
38477,-0.04,-0.60
38500,0.40,10.78
38522,-0.32,-9.06
38544,-0.13,-2.98
38566,0.42,11.44
38588,-0.25,-7.08
38610,-0.21,-5.22
38632,0.42,11.57
38654,-0.23,-6.42
38677,-0.28,-7.21
38699,0.41,11.31
38721,-0.18,-5.22
38743,-0.36,-9.19
38765,0.37,10.25
38787,-0.09,-3.11
38809,-0.43,-11.31
38832,0.34,9.46
38853,-0.01,-0.73
38876,-0.46,-12.24
38897,0.29,8.13
38920,0.09,1.79
38941,-0.48,-12.90
38964,0.20,5.75
38985,0.19,4.56
39011,-0.17,-3.77
39033,0.43,11.44
39055,-0.24,-6.94
39077,-0.24,-6.02
39099,0.42,11.57
39121,-0.19,-5.49
39143,-0.33,-8.40
39165,0.37,10.52
39187,-0.10,-3.24
39216,0.36,10.12
39248,0.36,9.99
39271,-0.05,-2.05
39292,-0.46,-12.37
39315,0.28,7.87
39336,0.11,2.18
39358,-0.48,-12.90
39380,0.17,4.96
39402,0.26,6.42
39424,-0.43,-11.84
39446,0.06,2.18
39468,0.39,10.25
39490,-0.35,-10.12
39512,-0.08,-1.52
39534,0.42,11.31
39556,-0.26,-7.61
39578,-0.23,-5.62
39600,0.42,11.57
39622,-0.19,-5.62
39658,-0.44,-12.24
39680,0.09,2.98
39702,0.36,9.33
39724,-0.38,-10.78
39746,-0.03,-0.07
39768,0.40,10.65
39790,-0.33,-9.59
39812,-0.12,-2.71
39834,0.43,11.71
39856,-0.24,-6.94
39878,-0.22,-5.36
39900,0.43,11.84
39922,-0.20,-5.89
39944,-0.33,-8.40
39966,0.38,10.52
39989,-0.11,-3.64
40010,-0.43,-11.04
40033,0.33,9.46
40054,-0.00,-0.60
40076,-0.46,-12.24
40098,0.25,7.21
40120,0.13,3.11
40142,-0.48,-12.90
40165,0.18,5.09
40186,0.23,5.62
40208,-0.45,-12.37
40230,0.11,3.64
40256,-0.20,-5.89
40278,-0.33,-8.40
40300,0.37,10.25
40322,-0.09,-2.98
40344,-0.44,-11.71
40366,0.32,9.06
40388,0.03,0.07
40410,-0.48,-12.90
40432,0.23,6.81
40454,0.17,4.03
40476,-0.48,-12.90
40498,0.16,4.56
40520,0.27,6.68
40542,-0.43,-11.84
40564,0.07,2.58
40586,0.36,9.46
40608,-0.39,-10.91
40630,-0.02,0.07
40652,0.41,11.04
40674,-0.32,-9.19
40696,-0.13,-2.98
40718,0.43,11.57
40740,-0.25,-7.21
40763,-0.23,-5.62
40784,0.43,11.71
40807,-0.21,-5.89
40828,-0.30,-7.47
40851,0.39,10.65
40877,-0.48,-13.03
40898,0.17,4.83
40921,0.29,7.08
40942,-0.42,-11.57
40965,0.03,1.65
40986,0.40,10.78
41008,-0.33,-9.46
41030,-0.13,-2.84
41052,0.42,11.44
41074,-0.24,-6.68
41112,-0.35,-8.93
41135,0.41,11.18
41157,-0.18,-5.36
41179,-0.36,-9.19
41200,0.35,9.85
41223,-0.03,-1.52
41244,-0.47,-12.50
41267,0.27,7.87
41288,0.13,2.98
41310,-0.47,-12.90
41332,0.17,4.96
41354,0.26,6.55
41376,-0.42,-11.57
41398,0.04,1.92
41420,0.39,10.38
41442,-0.33,-9.59
41463,-0.12,-2.58
41486,0.43,11.44
41511,-0.47,-12.37
41533,0.25,7.21
41555,0.14,3.37
41577,-0.48,-13.16
41600,0.15,4.17
41621,0.29,7.21
41643,-0.42,-11.57
41665,0.03,1.52
41687,0.40,10.52
41709,-0.34,-9.72
41731,-0.12,-2.71
41753,0.44,11.84
41775,-0.24,-6.68
41796,-0.25,-6.42
41819,0.41,11.18
41840,-0.17,-5.22
41863,-0.39,-9.85
41884,0.35,9.85
41907,-0.01,-0.86
41928,-0.47,-12.50
41951,0.25,7.47
41972,0.14,3.24
41994,-0.47,-12.76
42016,0.17,4.70
42038,0.27,6.55
42060,-0.43,-11.84
42082,0.04,1.79
42104,0.39,10.25
42129,-0.41,-10.52
42151,0.34,9.46
42173,-0.00,-0.60
42195,-0.46,-12.37
42217,0.25,7.21
42240,0.15,3.64
42261,-0.48,-13.03
42284,0.16,4.70
42305,0.29,7.21
42327,-0.42,-11.57
42349,0.03,1.39
42371,0.39,10.52
42393,-0.33,-9.46
42415,-0.12,-2.71
42437,0.43,11.57
42459,-0.25,-7.08
42480,-0.26,-6.42
42503,0.41,11.44
42524,-0.18,-5.36
42547,-0.37,-9.46
42568,0.36,9.99
42591,-0.02,-1.26
42612,-0.45,-11.97
42635,0.26,7.47
42656,0.11,2.31
42678,-0.49,-13.16
42700,0.18,5.09
42722,0.26,6.42
42747,-0.26,-6.68
42770,0.41,11.31
42791,-0.15,-4.56
42813,-0.38,-9.72
42835,0.35,9.85
42857,-0.02,-0.99
42880,-0.46,-12.37
42901,0.26,7.34
42924,0.13,2.98
42945,-0.49,-13.29
42983,-0.01,0.33
43005,0.33,8.27
43027,-0.40,-11.18
43049,-0.03,-0.20
43071,0.41,11.04
43094,-0.30,-8.80
43115,-0.18,-4.30
43138,0.43,11.71
43159,-0.22,-6.28
43181,-0.30,-7.47
43203,0.39,10.91
43225,-0.11,-3.77
43247,-0.42,-11.04
43269,0.33,9.33
43291,0.03,0.07
43313,-0.48,-12.76
43335,0.21,6.15
43357,0.17,4.17
43382,-0.18,-4.30
43404,0.43,11.44
43426,-0.22,-6.28
43448,-0.31,-7.87
43469,0.38,10.65
43492,-0.11,-3.51
43513,-0.43,-11.18
43536,0.34,9.33
43557,0.03,0.20
43580,-0.47,-12.37
43601,0.21,6.15
43624,0.17,4.17
43645,-0.47,-12.76
43667,0.14,4.17
43689,0.32,8.00
43711,-0.40,-11.18
43734,-0.02,0.07
43755,0.41,11.04
43778,-0.30,-8.66
43799,-0.16,-3.90
43821,0.43,11.71
43843,-0.23,-6.28
43865,-0.30,-7.34
43887,0.39,11.04
43909,-0.12,-4.03
43931,-0.42,-10.91
43953,0.34,9.33
43975,0.02,-0.07
43995,-0.36,-10.12
44016,-0.08,-1.52
44039,0.41,11.04
44060,-0.27,-7.87
44083,-0.20,-4.70
44104,0.43,11.71
44127,-0.22,-6.15
44148,-0.31,-7.87
44171,0.39,10.91
44192,-0.11,-3.77
44215,-0.43,-11.18
44236,0.34,9.59
44259,0.02,-0.33
44280,-0.47,-12.63
44303,0.24,6.94
44324,0.14,3.24
44346,-0.47,-12.76
44368,0.17,4.83
44390,0.26,6.55
44412,-0.42,-11.57
44434,0.06,2.18
44456,0.39,10.25
44478,-0.37,-10.38
44500,-0.08,-1.65
44522,0.42,11.18
44545,-0.27,-7.74
44566,-0.20,-4.83
44602,0.18,4.83
44624,0.25,6.28
44646,-0.43,-11.84
44668,0.07,2.58
44690,0.38,10.12
44711,-0.37,-10.38
44734,-0.07,-1.12
44755,0.42,11.18
44778,-0.28,-8.27
44800,-0.19,-4.56
44822,0.42,11.44
44860,-0.17,-5.09
44882,-0.28,-6.94
44905,0.40,11.04
44926,-0.15,-4.56
44949,-0.40,-10.25
44971,0.36,9.99
44993,-0.01,-0.99
45015,-0.46,-12.37
45037,0.26,7.47
45059,0.12,2.71
45080,-0.48,-12.90
45103,0.17,4.96
45124,0.24,6.02
45147,-0.43,-11.84
45168,0.07,2.45
45191,0.39,10.12
45212,-0.36,-10.12
45238,0.35,9.72
45259,-0.04,-1.65
45282,-0.46,-12.37
45303,0.28,8.13
45326,0.10,2.05
45347,-0.48,-12.90
45370,0.18,5.09
45391,0.24,5.89
45413,-0.44,-12.10
45435,0.09,2.98
45457,0.38,9.85
45479,-0.37,-10.38
45501,-0.07,-1.26
45523,0.42,11.31
45545,-0.28,-8.13
45568,-0.19,-4.56
45589,0.43,11.57
45612,-0.22,-6.15
45633,-0.30,-7.47
45656,0.39,10.91
45677,-0.12,-4.03
45700,-0.43,-11.04
45721,0.33,9.33
45744,0.01,-0.20
45765,-0.48,-12.90
45788,0.23,6.68
45809,0.15,3.64
45831,-0.47,-12.63
45856,0.43,11.57
45879,-0.24,-6.81
45900,-0.24,-6.15
45923,0.41,11.31
45944,-0.18,-5.36
45967,-0.37,-9.33
45988,0.37,10.25
46011,-0.05,-2.05
46032,-0.45,-11.97
46055,0.30,8.53
46076,0.07,1.39
46098,-0.48,-12.76
46120,0.19,5.49
46142,0.20,4.83
46164,-0.46,-12.63
46186,0.12,3.77
46209,0.34,8.80
46230,-0.39,-10.78
46253,-0.02,0.20
46274,0.41,10.78
46297,-0.31,-8.93
46318,-0.15,-3.64
46340,0.43,11.71
46362,-0.23,-6.68
46384,-0.27,-6.94
46406,0.40,11.04
46428,-0.16,-4.83
46450,-0.39,-9.85
46470,0.11,3.51
46491,0.36,9.19
46514,-0.38,-10.65
46535,-0.04,-0.60
46558,0.42,11.31
46579,-0.29,-8.53
46602,-0.17,-4.03
46623,0.43,11.71
46646,-0.23,-6.42
46667,-0.29,-7.21
46690,0.40,11.04
46717,-0.26,-6.42
46754,0.16,4.70
46776,0.25,6.15
46797,-0.44,-12.10
46820,0.07,2.71
46841,0.38,9.99
46864,-0.36,-10.12
46885,-0.08,-1.39
46908,0.42,11.18
46929,-0.28,-7.87
46952,-0.20,-4.96
46973,0.44,11.97
46996,-0.21,-6.02
47017,-0.33,-8.27
47040,0.38,10.65
47062,-0.10,-3.37
47087,0.11,3.51
47109,0.35,8.80
47131,-0.39,-10.78
47153,-0.03,-0.20
47175,0.41,10.91
47197,-0.31,-9.06
47219,-0.16,-3.64
47241,0.43,11.57
47263,-0.23,-6.42
47285,-0.26,-6.55
47307,0.41,11.31
47329,-0.17,-5.09
47350,-0.38,-9.85
47373,0.35,9.72
47394,-0.03,-1.39
47417,-0.46,-12.24
47438,0.28,8.00
47461,0.11,2.18
47482,-0.48,-12.90
47505,0.18,5.22
47526,0.23,5.75
47548,-0.44,-12.24
47570,0.10,3.24
47592,0.36,9.46
47614,-0.38,-10.52
47636,-0.05,-0.73
47659,0.41,11.04
47680,-0.29,-8.40
47706,0.30,8.53
47727,0.08,1.39
47750,-0.48,-13.16
47771,0.19,5.49
47794,0.22,5.49
47815,-0.46,-12.50
47838,0.11,3.64
47859,0.34,8.66
47881,-0.39,-10.78
47903,-0.03,-0.20
47925,0.41,10.91
47947,-0.31,-8.93
47969,-0.16,-3.64
47991,0.44,11.84
48013,-0.23,-6.55
48035,-0.27,-6.68
48057,0.40,11.04
48079,-0.16,-4.96
48101,-0.38,-9.99
48123,0.34,9.59
48145,-0.01,-0.99
48167,-0.46,-12.24
48189,0.28,7.87
48211,0.12,2.58
48233,-0.48,-12.90
48254,0.18,5.22
48277,0.24,6.02
48299,-0.44,-12.10
48324,0.41,11.44
48347,-0.19,-5.49
48368,-0.34,-8.66
48391,0.37,10.25
48412,-0.09,-2.84
48435,-0.44,-11.71
48456,0.32,8.93
48478,0.05,0.60
48500,-0.48,-12.76
48522,0.21,6.02
48544,0.18,4.30
48566,-0.47,-12.90
48594,0.15,3.37
48631,-0.37,-10.52
48654,-0.07,-1.12
48675,0.41,11.04
48698,-0.29,-8.27
48719,-0.18,-4.30
48742,0.43,11.57
48763,-0.23,-6.55
48785,-0.30,-7.47
48807,0.39,10.91
48829,-0.13,-4.30
48851,-0.42,-10.91
48873,0.34,9.72
48896,-0.00,-0.73
48917,-0.46,-12.37
48940,0.26,7.47
48965,-0.35,-9.99
48987,-0.11,-2.31
49009,0.41,11.18
49031,-0.26,-7.34
49052,-0.22,-5.36
49075,0.42,11.44
49096,-0.21,-5.89
49119,-0.33,-8.40
49140,0.39,10.78
49163,-0.09,-3.11
49184,-0.43,-11.18
49207,0.33,9.06
49228,0.02,-0.20
49251,-0.48,-12.76
49272,0.23,6.68
49295,0.15,3.51
49316,-0.47,-12.90
49339,0.17,4.83
49360,0.29,7.21
49382,-0.42,-11.57
49404,0.04,1.79
49426,0.39,10.38
49448,-0.36,-10.12
49470,-0.08,-1.52
49492,0.42,11.31
49514,-0.28,-8.00
49537,-0.20,-4.83
49572,0.18,5.09
49594,0.25,6.28
49615,-0.43,-11.97
49638,0.08,2.84
49660,0.37,9.59
49682,-0.38,-10.78
49703,-0.06,-0.86
49726,0.42,11.31
49747,-0.29,-8.40
49770,-0.16,-3.64
49792,0.42,11.31
49814,-0.25,-6.81
49837,-0.25,-6.28
49858,0.41,11.31
49881,-0.19,-5.62
49902,-0.35,-8.93
49925,0.37,10.38
49946,-0.09,-3.11
49969,-0.43,-11.44
49990,0.33,9.19
50013,0.02,-0.07
50034,-0.48,-12.63
50057,0.24,6.94
50078,0.14,3.24
50100,-0.47,-12.76
50122,0.18,4.96
50144,0.25,6.15
50166,-0.43,-11.97
50192,0.41,11.18
50213,-0.20,-5.89
50236,-0.34,-8.53
50257,0.37,10.38
50280,-0.09,-3.11
50301,-0.44,-11.44
50324,0.33,9.46
50345,0.02,-0.07
50368,-0.47,-12.50
50390,0.24,6.81
50412,0.14,3.24
50434,-0.48,-12.90
50455,0.17,4.70
50498,-0.33,-9.19
50521,-0.00,0.73
50543,0.41,10.78
50565,-0.30,-8.66
50587,-0.15,-3.51
50609,0.43,11.57
50631,-0.24,-6.68
50653,-0.26,-6.42
50675,0.41,11.44
50697,-0.18,-5.36
50719,-0.37,-9.59
50741,0.36,10.12
50763,-0.06,-2.31
50785,-0.45,-11.71
50807,0.32,8.80
50832,-0.40,-11.04
50854,-0.01,0.46
50876,0.39,10.52
50898,-0.33,-9.46
50920,-0.12,-2.71
50942,0.43,11.57
50964,-0.25,-7.34
50987,-0.23,-5.62
51008,0.43,11.84
51031,-0.21,-6.02
51052,-0.33,-8.27
51075,0.38,10.65
51096,-0.11,-3.64
51119,-0.42,-10.91
51140,0.34,9.59
51163,0.00,-0.60
51184,-0.47,-12.50
51207,0.25,7.21
51228,0.13,2.98
51251,-0.48,-12.90
51272,0.18,5.09
51294,0.25,6.15
51316,-0.44,-12.10
51338,0.09,2.98
51360,0.36,9.33
51382,-0.38,-10.65
51404,-0.04,-0.46
51426,0.41,11.04
51446,-0.01,-0.86
51468,-0.46,-12.37
51490,0.27,7.74
51512,0.10,2.05
51533,-0.48,-13.03
51556,0.18,5.36
51577,0.21,5.22
51600,-0.45,-12.50
51621,0.11,3.64
51644,0.33,8.53
51665,-0.39,-11.04
51688,-0.01,0.46
51709,0.40,10.78
51732,-0.33,-9.19
51753,-0.13,-2.98
51776,0.43,11.57
51798,-0.25,-7.21
51820,-0.24,-5.89
51842,0.42,11.44
51864,-0.20,-5.75
51886,-0.33,-8.27
51908,0.39,10.65
51930,-0.11,-3.51
51952,-0.43,-11.04
51974,0.33,9.33
51996,-0.00,-0.73
52018,-0.47,-12.50
52043,0.38,9.99
52065,-0.35,-9.99
52087,-0.08,-1.52
52109,0.42,11.44
52131,-0.27,-7.87
52153,-0.20,-4.83
52175,0.43,11.57
52197,-0.22,-6.02
52219,-0.29,-7.34
52241,0.39,10.78
52263,-0.15,-4.83
52285,-0.40,-10.25
52307,0.36,10.12
52329,-0.05,-1.92
52358,0.34,9.59
52395,0.16,3.90
52417,-0.47,-12.90
52439,0.16,4.56
52461,0.26,6.42
52483,-0.43,-11.97
52505,0.09,2.84
52527,0.35,9.06
52549,-0.38,-10.65
52571,-0.02,0.07
52593,0.39,10.52
52615,-0.35,-9.99
52637,-0.08,-1.39
52659,0.41,11.18
52684,-0.43,-11.44
52707,0.34,9.46
52729,-0.02,-1.26
52751,-0.44,-11.84
52773,0.31,8.66
52796,0.02,-0.20
52817,-0.45,-12.10
52840,0.28,8.00
52861,0.07,1.26
52884,-0.49,-13.03
52907,0.22,6.55
52928,0.13,3.11
52951,-0.48,-12.76
52972,0.19,5.49
52995,0.19,4.56
53016,-0.47,-12.90
53039,0.17,4.70
53061,0.24,5.89
53083,-0.45,-12.24
53105,0.13,3.90
53127,0.29,7.34
53149,-0.42,-11.71
53172,0.08,2.84
53193,0.36,9.19
53216,-0.40,-11.04
53237,0.01,0.99
53260,0.40,10.52
53281,-0.37,-10.38
53308,0.37,10.38
53329,-0.13,-4.30
53352,-0.39,-10.12
53374,0.36,10.12
53396,-0.11,-3.51
53419,-0.42,-10.78
53441,0.36,9.99
53463,-0.07,-2.45
53485,-0.43,-11.44
53507,0.33,9.33
53529,-0.03,-1.26
53552,-0.45,-11.97
53573,0.32,8.93
53596,0.02,-0.07
53617,-0.47,-12.63
53640,0.27,7.87
53662,0.09,1.65
53684,-0.48,-12.90
53706,0.21,6.28
53728,0.13,3.11
53750,-0.48,-13.16
53773,0.19,5.62
53794,0.20,4.83
53817,-0.47,-12.76
53838,0.17,4.83
53861,0.26,6.55
53882,-0.44,-12.10
53905,0.11,3.51
54027,0.32,8.00
54113,-0.07,-2.58
54134,-0.47,-12.37
54157,0.31,8.80
54179,0.00,-0.46
54201,-0.47,-12.63
54223,0.28,7.87
54245,0.07,1.26
54267,-0.48,-12.76
54289,0.23,6.55
54311,0.16,3.64
54333,-0.48,-13.03
54355,0.18,5.09
54378,0.23,5.75
54400,-0.45,-12.24
54437,-0.08,-1.26
54460,0.36,9.33
54481,-0.38,-10.52
54504,-0.05,-0.73
54526,0.41,11.04
54548,-0.31,-9.06
54569,-0.17,-3.90
54592,0.43,11.71
54614,-0.23,-6.55
54636,-0.26,-6.42
54658,0.42,11.71
54680,-0.17,-5.22
54702,-0.36,-9.19
54737,0.02,1.26
54760,0.39,10.52
54781,-0.34,-9.59
54804,-0.11,-2.31
54825,0.42,11.31
54848,-0.27,-7.61
54870,-0.22,-5.36
54892,0.43,11.71
54914,-0.22,-6.28
54936,-0.31,-7.87
54958,0.38,10.52
54980,-0.12,-4.17
55002,-0.40,-10.25
55024,0.35,9.72
55046,-0.02,-1.12
55068,-0.46,-12.37
55090,0.29,8.27
55112,0.10,2.05
55134,-0.48,-13.03
55156,0.19,5.49
55178,0.21,5.09
55199,-0.45,-12.37
55222,0.12,3.77
55243,0.33,8.13
55266,-0.40,-11.18
55287,0.00,0.86
55310,0.41,10.91
55331,-0.33,-9.33
55357,0.33,9.33
55379,0.02,-0.07
55401,-0.47,-12.63
55424,0.23,6.68
55445,0.14,3.24
55467,-0.48,-13.03
55489,0.18,4.96
55511,0.27,6.81
55533,-0.43,-11.84
55555,0.06,2.31
55577,0.39,10.12
55599,-0.38,-10.65
55621,-0.06,-0.99
55643,0.42,11.04
55665,-0.29,-8.40
55687,-0.17,-4.03
55709,0.43,11.71
55731,-0.23,-6.55
55753,-0.27,-6.94
55775,0.41,11.18
55797,-0.16,-4.96
55819,-0.38,-9.59
55841,0.36,9.85
55863,-0.03,-1.52
55884,-0.45,-12.10
55907,0.28,8.13
55928,0.09,1.79
55951,-0.48,-13.03
55976,0.42,11.18
55998,-0.28,-8.27
56020,-0.18,-4.30
56042,0.43,11.57
56065,-0.23,-6.42
56086,-0.28,-7.08
56109,0.40,11.18
56130,-0.14,-4.56
56153,-0.39,-9.85
56174,0.35,9.72
56196,-0.03,-1.26
56218,-0.45,-12.10
56241,0.29,8.40
56262,0.10,1.92
56290,0.27,7.87
56323,0.17,5.09
56344,0.24,5.75
56367,-0.44,-11.97
56388,0.09,3.11
56411,0.36,9.33
56432,-0.38,-10.65
56455,-0.05,-0.86
56476,0.41,11.04
56499,-0.29,-8.40
56520,-0.18,-4.30
56543,0.43,11.84
56564,-0.23,-6.42
56590,0.21,6.15
56611,0.19,4.56
56634,-0.47,-12.90
56655,0.14,4.17
56678,0.32,8.00
56699,-0.41,-11.31
56722,0.01,0.86
56743,0.40,10.52
56765,-0.33,-9.59
56787,-0.11,-2.45
56809,0.43,11.44
56832,-0.26,-7.34
56853,-0.23,-5.62
56876,0.43,11.84
56897,-0.21,-6.02
56920,-0.33,-8.27
56941,0.38,10.65
56964,-0.11,-3.51
56985,-0.42,-11.04
57008,0.34,9.46
57029,0.01,-0.46
57052,-0.47,-12.50
57073,0.24,6.94
57096,0.13,2.98
57117,-0.48,-12.90
57140,0.18,5.09
57161,0.26,6.55
57184,-0.43,-11.71
57208,0.42,11.57
57231,-0.18,-5.49
57252,-0.36,-9.33
57275,0.36,9.99
57296,-0.05,-1.92
57319,-0.45,-12.10
57340,0.30,8.53
57363,0.09,1.65
57384,-0.48,-13.03
57407,0.19,5.36
57428,0.20,4.96
57450,-0.45,-12.37
57473,0.12,3.77
57494,0.34,8.66
57517,-0.39,-10.91
57538,-0.02,0.07
57561,0.42,11.04
57582,-0.32,-9.19
57605,-0.16,-3.64
57626,0.43,11.71
57649,-0.20,-5.75
57670,-0.27,-6.68
57693,0.42,11.57
57714,-0.16,-4.83
57737,-0.37,-9.59
57758,0.36,9.99
57781,-0.03,-1.39
57802,-0.45,-12.10
57828,0.37,9.59
57849,-0.37,-10.38
57872,-0.06,-0.86
57893,0.42,11.18
57916,-0.30,-8.53
57937,-0.17,-4.17
57960,0.43,11.71
57981,-0.23,-6.42
58004,-0.27,-6.94
58025,0.40,11.04
58048,-0.16,-4.83
58070,-0.39,-9.99
58092,0.35,9.72
58114,-0.02,-1.26
58136,-0.46,-12.24
58164,-0.06,-2.31
58196,0.06,0.99
58219,-0.48,-12.90
58241,0.21,6.02
58263,0.20,4.83
58285,-0.47,-12.76
58307,0.13,4.03
58329,0.30,7.47
58350,-0.41,-11.31
58373,0.03,1.52
58395,0.39,10.25
58417,-0.38,-10.52
58439,-0.03,-0.33
58465,-0.12,-3.90
58486,-0.40,-10.25
58509,0.36,10.12
58531,-0.08,-2.84
58553,-0.43,-11.31
58575,0.35,9.72
58598,-0.02,-1.12
58619,-0.46,-12.24
58642,0.31,8.80
58663,0.05,0.46
58686,-0.46,-12.37
58708,0.24,7.21
58730,0.11,2.31
58753,-0.48,-13.03
58774,0.20,5.75
58797,0.18,4.56
58818,-0.47,-12.90
58841,0.16,4.70
58863,0.26,6.55
58885,-0.45,-12.37
58907,0.11,3.64
58929,0.33,8.27
58951,-0.41,-11.44
58974,0.04,1.79
58995,0.38,9.99
59018,-0.37,-10.52
59039,-0.04,-0.46
59062,0.40,10.65
59087,-0.41,-10.65
59109,0.36,10.12
59131,-0.05,-2.18
59154,-0.44,-11.57
59175,0.33,9.46
59198,-0.01,-0.73
59220,-0.46,-12.24
59242,0.30,8.40
59265,0.05,0.73
59286,-0.48,-12.90
59309,0.23,6.94
59331,0.13,3.11
59353,-0.49,-13.29
59375,0.19,5.36
59397,0.20,4.83
59419,-0.46,-12.50
59441,0.16,4.56
59463,0.27,6.68
59485,-0.43,-11.97
59507,0.11,3.37
59530,0.34,8.66
59551,-0.41,-11.44
59574,0.02,1.26
59595,0.39,10.25
59618,-0.38,-10.52
59640,-0.02,-0.07
59662,0.41,10.91
59684,-0.34,-9.85
59737,-0.47,-12.63
59759,0.25,7.21
59782,0.11,2.31
59803,-0.48,-13.03
59826,0.19,5.62
59847,0.17,4.03
59870,-0.47,-12.90
59891,0.16,4.70
59914,0.24,5.89
59936,-0.44,-12.10
59958,0.13,3.90
59980,0.33,8.27
60002,-0.42,-11.57
60024,0.01,0.99
60046,0.41,10.91
60085,-0.26,-7.34
60107,-0.11,-2.18
60129,0.41,11.04
60151,-0.26,-7.47
60173,-0.21,-5.09
60195,0.42,11.57
60217,-0.21,-5.89
60239,-0.32,-8.13
60261,0.38,10.52
60283,-0.11,-3.51
60305,-0.42,-10.91
60327,0.33,9.33
60349,0.01,-0.33
60375,-0.01,0.20
60396,0.41,10.91
60419,-0.32,-9.19
60440,-0.14,-3.24
60463,0.43,11.57
60484,-0.23,-6.55
60507,-0.25,-6.28
60528,0.41,11.31
60551,-0.18,-5.22
60572,-0.37,-9.33
60595,0.37,10.25
60616,-0.06,-2.31
60639,-0.45,-11.71
60660,0.31,8.66
60683,0.06,0.86
60704,-0.48,-12.90
60727,0.20,5.89
60748,0.19,4.70
60771,-0.45,-12.37
60792,0.14,4.17
60815,0.32,8.00
60836,-0.41,-11.44
60859,0.00,0.73
60880,0.40,10.65
60902,-0.33,-9.19
60924,-0.13,-2.98
60946,0.43,11.44
60968,-0.24,-6.68
60988,-0.48,-12.90
61010,0.19,5.62
61032,0.21,4.96
61053,-0.46,-12.63
61076,0.12,3.90
61097,0.32,8.13
61120,-0.40,-10.91
61143,0.00,0.60
61164,0.40,10.78
61186,-0.31,-8.93
61208,-0.15,-3.37
61230,0.43,11.57
61252,-0.24,-6.81
61274,-0.26,-6.55
61296,0.42,11.71
61318,-0.17,-5.09
61340,-0.37,-9.59
61362,0.36,9.99
61384,-0.04,-1.65
61406,-0.45,-11.84
61428,0.30,8.53
61450,0.09,1.65
61472,-0.47,-12.76
61494,0.18,5.22
61516,0.21,5.09
61538,-0.45,-12.50
61560,0.12,3.64
61585,-0.21,-6.02
61607,-0.33,-8.27
61629,0.38,10.65
61651,-0.11,-3.51
61673,-0.42,-10.91
61696,0.34,9.46
61717,0.00,-0.46
61740,-0.47,-12.50
61761,0.25,7.21
61784,0.14,3.37
61805,-0.48,-13.03
61828,0.16,4.70
61849,0.26,6.55
61872,-0.43,-11.97
61893,0.07,2.45
61916,0.39,10.12
61943,-0.00,0.60
61975,-0.16,-3.64
61998,0.42,11.44
62019,-0.23,-6.55
62042,-0.25,-6.28
62063,0.41,11.31
62086,-0.17,-5.09
62107,-0.37,-9.33
62130,0.36,10.12
62151,-0.06,-2.31
62174,-0.45,-11.84
62196,0.31,8.80
62221,-0.39,-10.78
62243,-0.03,-0.20
62265,0.41,10.78
62287,-0.31,-9.06
62309,-0.15,-3.64
62331,0.42,11.44
62353,-0.23,-6.42
62375,-0.25,-6.28
62397,0.42,11.57
62419,-0.18,-5.36
62441,-0.36,-9.33
62464,0.36,10.12
62485,-0.07,-2.58
62508,-0.44,-11.71
62530,0.32,8.93
62552,0.05,0.73
62573,-0.48,-12.90
62596,0.20,5.89
62617,0.17,4.30
62640,-0.46,-12.63
62661,0.15,4.43
62684,0.30,7.34
62705,-0.42,-11.71
62728,0.03,1.39
62749,0.39,10.52
62772,-0.34,-9.85
62793,-0.10,-1.92
62816,0.43,11.44
62840,-0.46,-12.24
62863,0.28,8.00
62884,0.11,2.31
62907,-0.48,-13.03
62928,0.18,5.09
62951,0.22,5.62
62972,-0.44,-12.24
62995,0.11,3.51
63016,0.35,9.06
63039,-0.39,-10.91
63060,-0.04,-0.20
63083,0.41,10.91
63105,-0.31,-8.66
63127,-0.15,-3.37
63149,0.43,11.57
63171,-0.24,-6.55
63193,-0.25,-6.28
63215,0.41,11.44
63237,-0.17,-5.22
63259,-0.37,-9.33
63281,0.37,10.25
63303,-0.06,-2.18
63325,-0.45,-11.84
63347,0.31,8.80
63369,0.05,0.73
63391,-0.47,-12.63
63413,0.21,6.02
63435,0.18,4.30
63460,-0.18,-4.30
63482,0.43,11.57
63504,-0.22,-6.15
63526,-0.27,-6.81
63548,0.40,11.18
63570,-0.16,-4.83
63592,-0.38,-9.72
63614,0.37,10.25
63637,-0.05,-2.05
63659,-0.45,-11.97
63681,0.30,8.53
63703,0.06,0.99
63724,-0.48,-12.90
63747,0.19,5.75
63768,0.18,4.43
63791,-0.46,-12.63
63818,0.23,5.75
63851,0.36,9.19
63873,-0.37,-10.38
63895,-0.05,-0.73
63917,0.42,11.18
63939,-0.30,-8.53
63961,-0.17,-4.03
63983,0.43,11.71
64005,-0.23,-6.55
64027,-0.28,-7.08
64049,0.39,11.04
64071,-0.15,-4.70
64097,0.16,4.70
64118,0.29,7.21
64140,-0.42,-11.57
64162,0.05,2.05
64184,0.38,10.12
64206,-0.37,-10.25
64229,-0.06,-0.99
64250,0.41,10.91
64273,-0.30,-8.66
64294,-0.15,-3.51
64317,0.44,11.84
64338,-0.24,-6.55
64361,-0.25,-6.42
64382,0.42,11.57
64405,-0.18,-5.36
64427,-0.34,-8.66
64449,0.37,10.25
64471,-0.09,-3.11
64493,-0.43,-11.31
64515,0.33,9.46
64537,0.01,-0.46
64559,-0.47,-12.50
64581,0.24,7.08
64603,0.13,3.11
64625,-0.48,-12.90
64647,0.18,5.09
64669,0.24,5.89
64705,-0.13,-4.17
64727,-0.41,-10.52
64749,0.35,9.72
64771,-0.03,-1.39
64793,-0.46,-11.97
64815,0.30,8.40
64837,0.08,1.52
64859,-0.48,-12.90
64881,0.19,5.75
64903,0.16,3.51
64925,-0.46,-12.63
64947,0.15,4.30
64969,0.30,7.47
64991,-0.42,-11.44
65013,0.04,1.79
65035,0.40,10.52
65057,-0.35,-9.99
65079,-0.08,-1.52
65101,0.43,11.44
65123,-0.25,-7.47
65145,-0.19,-4.56
65167,0.45,12.10
65189,-0.22,-6.15
65211,-0.28,-6.94
65233,0.40,11.18
65255,-0.16,-4.83
65277,-0.37,-9.46
65299,0.35,9.72
65325,-0.42,-11.84
65347,0.10,3.24
65369,0.37,9.59
65391,-0.37,-10.38
65413,-0.03,-0.07
65435,0.43,11.44
65457,-0.31,-9.06
65479,-0.15,-3.51
65501,0.42,11.44
65523,-0.25,-6.94
65545,-0.24,-6.02
65567,0.43,11.71
65589,-0.17,-4.96
65611,-0.34,-8.66
65633,0.38,10.52
65655,-0.11,-3.77
65677,-0.42,-10.91
65716,0.21,6.28
65738,0.05,0.60
65760,-0.48,-12.76
65782,0.22,6.28
65804,0.16,3.90
65825,-0.47,-12.76
65848,0.15,4.30
65869,0.27,6.68
65892,-0.43,-11.97
65913,0.07,2.45
65936,0.38,9.85
65961,-0.39,-9.99
65983,0.36,9.99
66006,-0.02,-1.12
66027,-0.45,-12.10
66050,0.29,8.40
66071,0.08,1.39
66094,-0.48,-12.90
66115,0.19,5.62
66138,0.20,4.83
66159,-0.47,-12.76
66182,0.14,4.17
66203,0.29,7.34
66225,-0.43,-11.84
66247,0.04,1.79
66270,0.39,10.25
66291,-0.36,-10.25
66314,-0.06,-0.86
66335,0.42,11.31
66358,-0.29,-8.27
66379,-0.16,-3.77
66402,0.44,11.84
66423,-0.23,-6.42
66446,-0.26,-6.55
66467,0.41,11.31
66490,-0.18,-5.36
66511,-0.36,-9.06
66534,0.36,10.12
66555,-0.08,-2.58
66581,0.11,3.37
66604,0.36,9.19
66625,-0.39,-10.91
66648,-0.02,0.20
66669,0.41,11.04
66692,-0.32,-9.19
66713,-0.13,-2.98
66736,0.42,11.44
66757,-0.25,-7.08
66780,-0.23,-5.62
66801,0.43,11.71
66824,-0.18,-4.96
66845,-0.32,-8.13
66868,0.38,10.78
66889,-0.11,-3.51
66912,-0.41,-10.65
66933,0.35,9.85
66956,-0.01,-0.86
66977,-0.45,-12.10
67000,0.28,8.13
67021,0.09,1.79
67044,-0.48,-13.03
67065,0.18,5.09
67088,0.20,4.96
67109,-0.46,-12.63
67132,0.13,4.03
67153,0.32,8.00
67176,-0.40,-11.04
67202,0.39,10.78
67223,-0.13,-4.17
67246,-0.40,-10.52
67267,0.36,9.99
67290,-0.02,-1.12
67311,-0.46,-12.24
67334,0.29,8.27
67355,0.09,1.79
67378,-0.47,-12.76
67399,0.20,5.62
67422,0.20,4.83
67443,-0.46,-12.63
67466,0.14,4.17
67487,0.32,7.87
67510,-0.41,-11.18
67531,0.03,1.39
67554,0.39,10.38
67592,-0.29,-8.53
67614,-0.06,-0.86
67637,0.41,10.91
67658,-0.30,-8.53
67681,-0.17,-4.03
67702,0.44,11.84
67725,-0.23,-6.55
67746,-0.27,-6.94
67769,0.41,11.18
67790,-0.16,-4.96
67813,-0.38,-9.59
67838,0.26,6.42
67860,-0.44,-11.97
67883,0.09,2.84
67904,0.37,9.72
67926,-0.37,-10.52
67948,-0.04,-0.33
67971,0.41,11.04
67992,-0.30,-8.53
68015,-0.15,-3.51
68036,0.44,11.71
68059,-0.23,-6.68
68080,-0.24,-6.02
68103,0.43,11.71
68124,-0.19,-5.62
68147,-0.33,-8.40
68168,0.37,10.12
68191,-0.10,-3.37
68212,-0.41,-10.78
68235,0.34,9.59
68256,0.01,-0.46
68279,-0.46,-12.37
68300,0.25,7.34
68323,0.13,2.84
68344,-0.47,-12.90
68367,0.18,5.22
68388,0.24,6.02
68411,-0.44,-12.10
68436,0.41,11.31
68458,-0.20,-5.75
68481,-0.32,-7.87
68502,0.38,10.65
68525,-0.12,-3.90
68546,-0.42,-10.78
68569,0.35,9.72
68590,-0.02,-1.12
68613,-0.46,-12.24
68634,0.28,8.00
68657,0.10,2.05
68678,-0.49,-13.03
68701,0.19,5.36
68722,0.22,5.36
68745,-0.45,-12.50
68766,0.12,3.90
68789,0.32,8.00
68810,-0.40,-10.91
68833,0.01,0.86
68854,0.40,10.78
68877,-0.33,-9.46
68898,-0.12,-2.45
68921,0.43,11.44
68942,-0.25,-7.08
68965,-0.22,-5.49
68986,0.42,11.44
69009,-0.19,-5.22
69030,-0.32,-7.87
69056,0.20,4.96
69079,-0.45,-12.50
69100,0.14,4.17
69123,0.32,8.00
69144,-0.41,-11.31
69167,0.02,1.26
69188,0.39,10.52
69211,-0.34,-9.72
69232,-0.10,-1.92
69255,0.43,11.44
69276,-0.26,-7.47
69299,-0.19,-4.70
69320,0.43,11.84
69343,-0.21,-6.02
69364,-0.31,-7.74
69387,0.39,10.91
69408,-0.14,-4.43
69431,-0.40,-10.38
69469,0.29,8.40
69491,-0.06,-2.31
69514,-0.45,-11.97
69535,0.31,8.66
69558,0.05,0.60
69579,-0.48,-12.90
69602,0.20,5.75
69623,0.18,4.43
69646,-0.46,-12.63
69667,0.15,4.43
69703,0.37,10.38
69726,-0.11,-3.51
69747,-0.44,-11.31
69770,0.35,9.85
69791,0.01,-0.60
69814,-0.46,-12.24
69835,0.26,7.47
69858,0.11,2.58
69879,-0.48,-12.90
69902,0.18,5.09
69923,0.22,5.49
69946,-0.46,-12.50
69967,0.13,4.03
69990,0.34,8.66
70011,-0.39,-10.78
70034,0.02,1.12
70055,0.40,10.65
70078,-0.35,-9.99
70099,-0.11,-2.31
70122,0.43,11.57
70144,-0.26,-7.47
70166,-0.21,-5.09
70188,0.42,11.31
70210,-0.21,-5.75
70232,-0.29,-7.21
70254,0.40,11.18
70277,-0.16,-4.83
70298,-0.38,-9.85
70324,0.26,6.42
70345,-0.45,-12.37
70368,0.08,2.84
70389,0.37,9.72
70412,-0.37,-10.38
70434,-0.04,-0.33
70456,0.40,10.65
70478,-0.32,-9.06
70500,-0.14,-3.11
70522,0.43,11.57
70544,-0.24,-6.81
70566,-0.24,-5.89
70588,0.42,11.57
70610,-0.19,-5.49
70632,-0.33,-8.40
70654,0.40,11.04
70676,-0.11,-3.64
70699,-0.43,-11.04
70720,0.34,9.59
70743,-0.00,-0.73
70764,-0.47,-12.63
70787,0.27,7.87
70808,0.11,2.18
70831,-0.49,-13.29
70853,0.20,5.62
70875,0.23,5.62
70896,-0.45,-12.50
70919,0.14,4.17
70938,0.43,11.84
70961,-0.18,-5.36
70982,-0.35,-9.06
71005,0.39,10.65
71026,-0.07,-2.58
71049,-0.45,-11.71
71070,0.33,9.19
71093,0.02,-0.07
71114,-0.48,-12.90
71137,0.25,7.34
71158,0.15,3.51
71181,-0.48,-13.16
71202,0.18,5.09
71225,0.26,6.28
71246,-0.44,-12.10
71269,0.11,3.37
71290,0.35,9.06
71313,-0.39,-10.91
71350,-0.43,-11.44
71372,0.41,11.18
71394,-0.14,-4.43
71416,-0.41,-10.52
71438,0.36,10.12
71460,-0.06,-2.31
71482,-0.46,-12.24
71504,0.33,9.19
71526,0.06,0.86
71552,-0.04,-0.46
71574,0.42,11.31
71596,-0.31,-8.93
71618,-0.15,-3.51
71640,0.44,11.71
71662,-0.24,-6.94
71684,-0.26,-6.42
71706,0.43,11.97
71728,-0.18,-5.36
71750,-0.33,-8.53
71772,0.38,10.65
71794,-0.10,-3.37
71817,-0.43,-11.18
71838,0.35,9.59
71861,0.00,-0.60
71882,-0.46,-12.37
71905,0.27,7.74
71926,0.11,2.45
71949,-0.48,-12.90
71970,0.18,5.09
71993,0.21,5.22
72014,-0.46,-12.63
72037,0.13,4.03
72058,0.33,8.53
72081,-0.41,-11.31
72102,0.01,0.99
72125,0.41,10.91
72146,-0.35,-9.99
72172,0.35,9.72
72194,0.01,-0.46
72216,-0.48,-12.76
72239,0.26,7.74
72260,0.12,2.58
72282,-0.48,-12.90
72304,0.18,5.22
72327,0.22,5.36
72348,-0.46,-12.76
72371,0.13,4.03
72392,0.34,8.66
72414,-0.41,-11.44
72436,0.01,0.86
72458,0.42,11.04
72480,-0.33,-9.59
72503,-0.12,-2.58
72524,0.44,11.71
72547,-0.26,-7.47
72568,-0.22,-5.22
72591,0.44,11.97
72612,-0.21,-5.89
72635,-0.30,-7.61
72656,0.41,11.31
72679,-0.15,-4.56
72700,-0.39,-9.85
72723,0.36,10.12
72744,-0.05,-2.05
72767,-0.46,-11.97
72793,0.36,9.33
72814,-0.41,-11.18
72837,-0.02,0.20
72858,0.42,11.18
72881,-0.33,-9.46
72903,-0.13,-2.84
72925,0.44,11.97
72947,-0.26,-7.34
72969,-0.22,-5.36
72991,0.44,11.97
73013,-0.20,-5.89
73035,-0.31,-7.74
73057,0.40,11.18
73079,-0.15,-4.70
73101,-0.40,-10.38
73123,0.36,10.12
73146,-0.05,-2.05
73167,-0.46,-12.10
73190,0.32,8.80
73230,-0.15,-4.56
73252,-0.28,-7.08
73274,0.41,11.31
73296,-0.16,-4.96
73318,-0.38,-9.85
73340,0.37,10.12
73362,-0.05,-2.05
73384,-0.45,-11.84
73410,0.35,8.93
73432,-0.40,-10.91
73454,-0.02,0.20
73476,0.42,11.31
73498,-0.32,-9.06
73520,-0.14,-3.11
73542,0.44,11.71
73564,-0.23,-6.68
73586,-0.23,-5.75
73608,0.42,11.44
73630,-0.20,-5.75
73653,-0.32,-8.13
73674,0.39,10.78
73697,-0.12,-4.03
73718,-0.41,-10.78
73741,0.35,9.85
73762,-0.02,-1.12
73785,-0.45,-12.10
73806,0.29,8.40
73829,0.09,1.79
73850,-0.48,-13.03
73873,0.19,5.49
73894,0.21,4.96
73917,-0.45,-12.63
73938,0.14,4.17
73961,0.30,7.47
73982,-0.41,-11.57
74005,0.04,1.65
74126,0.40,10.65
74204,-0.24,-6.02
74225,0.39,10.78
74248,-0.24,-6.68
74270,-0.29,-7.21
74292,0.39,10.91
74314,-0.16,-5.09
74336,-0.38,-9.72
74358,0.36,10.12
74380,-0.07,-2.45
74402,-0.43,-11.44
74425,0.33,9.33
74446,0.00,-0.60
74468,-0.47,-12.50
74490,0.25,7.21
74513,0.12,2.84
74534,-0.49,-13.16
74557,0.18,5.09
74578,0.22,5.49
74601,-0.45,-12.24
74622,0.13,3.90
74645,0.32,7.87
74667,-0.40,-11.18
74689,0.03,1.52
74711,0.40,10.52
74733,-0.36,-10.25
74755,-0.07,-1.12
74777,0.42,11.31
74813,0.11,2.18
74834,-0.48,-12.90
74857,0.19,5.36
74880,0.19,4.70
74901,-0.46,-12.63
74924,0.15,4.43
74945,0.29,7.21
74968,-0.42,-11.71
74989,0.06,2.18
75012,0.38,9.85
75033,-0.36,-10.12
75056,-0.04,-0.46
75077,0.42,11.18
75100,-0.31,-8.93
75122,-0.13,-2.98
75144,0.43,11.71
75166,-0.25,-7.08
75188,-0.22,-5.36
75210,0.42,11.57
75232,-0.21,-6.15
75274,0.12,3.64
75296,0.21,5.09
75318,-0.46,-12.50
75340,0.13,3.90
75362,0.32,8.00
75384,-0.41,-11.31
75406,0.02,1.26
75428,0.39,10.52
75454,-0.39,-10.12
75475,0.36,9.85
75498,-0.05,-1.92
75520,-0.45,-12.10
75542,0.31,8.66
75565,0.05,0.60
75586,-0.47,-12.50
75609,0.22,6.42
75630,0.15,3.51
75652,-0.48,-13.16
75674,0.17,4.70
75697,0.25,6.28
75718,-0.44,-12.10
75741,0.11,3.51
75762,0.35,9.06
75785,-0.39,-10.78
75806,-0.00,0.60
75829,0.40,10.78
75850,-0.33,-9.59
75873,-0.11,-2.31
75894,0.41,11.04
75917,-0.26,-7.47
75939,-0.19,-4.56
75961,0.43,11.71
75983,-0.22,-6.28
76005,-0.27,-6.81
76027,0.41,11.44
76049,-0.18,-5.09
76075,0.16,4.70
76097,0.24,6.02
76119,-0.45,-12.50
76141,0.11,3.51
76163,0.34,8.66
76185,-0.39,-10.91
76207,0.02,1.12
76229,0.41,10.91
76251,-0.34,-9.72
76273,-0.10,-1.92
76295,0.42,11.31
76317,-0.29,-8.13
76340,-0.18,-4.17
76361,0.42,11.44
76384,-0.23,-6.55
76405,-0.24,-6.15
76428,0.41,11.31
76449,-0.19,-5.49
76472,-0.32,-8.13
76494,0.39,10.91
76516,-0.14,-4.30
76538,-0.40,-10.38
76560,0.35,9.72
76582,-0.07,-2.31
76604,-0.45,-11.97
76626,0.33,9.19
76648,0.05,0.73
76670,-0.47,-12.50
76696,0.40,10.65
76718,-0.34,-9.72
76740,-0.11,-2.31
76763,0.42,11.18
76784,-0.25,-7.34
76807,-0.19,-4.56
76828,0.43,11.71
76851,-0.22,-6.28
76872,-0.27,-6.68
76895,0.40,11.18
76916,-0.17,-5.09
76939,-0.35,-9.06
76961,0.37,10.38
76983,-0.11,-3.24
77005,-0.43,-11.18
77027,0.33,9.33
77049,-0.01,-0.99
77071,-0.46,-12.24
77093,0.29,8.27
77115,0.10,1.92
77154,-0.48,-12.90
77176,0.22,6.42
77198,0.17,4.03
77220,-0.47,-12.76
77242,0.17,4.83
77264,0.25,6.15
77287,-0.44,-11.97
77308,0.13,4.03
77328,0.41,11.31
77350,-0.19,-5.49
77373,-0.32,-8.00
77394,0.40,11.18
77417,-0.18,-5.09
77440,-0.35,-9.06
77461,0.39,10.91
77484,-0.13,-4.03
77506,-0.36,-9.46
77528,0.38,10.38
77550,-0.12,-3.77
77573,-0.39,-9.85
77594,0.36,10.12
77617,-0.11,-3.64
77639,-0.41,-10.52
77662,0.36,10.12
77683,-0.11,-3.51
77706,-0.41,-10.52
77728,0.36,10.12
77750,-0.10,-3.37
77772,-0.40,-10.12
77795,0.37,10.12
77817,-0.10,-3.37
77839,-0.40,-10.38
77861,0.36,10.12
77884,-0.11,-3.51
77905,-0.42,-10.91
77932,0.25,6.15
77954,-0.44,-12.24
77976,0.14,4.30
77999,0.28,6.81
78020,-0.44,-12.24
78043,0.13,3.90
78065,0.32,7.87
78087,-0.41,-11.44
78109,0.09,2.84
78131,0.34,8.66
78153,-0.41,-11.18
78176,0.05,1.92
78197,0.37,9.85
78220,-0.38,-10.65
78242,-0.00,0.73
78264,0.39,10.38
78286,-0.37,-10.38
78309,-0.02,0.20
78330,0.40,10.65
78353,-0.36,-10.25
78375,-0.03,-0.20
78397,0.40,10.78
78419,-0.35,-10.12
78442,-0.04,-0.33
78465,0.40,10.65
78486,-0.35,-9.99
78509,-0.06,-0.99
78531,0.41,10.91
78557,-0.42,-10.65
78578,0.35,9.72
78601,-0.08,-2.71
78623,-0.43,-11.18
78645,0.35,9.59
78667,-0.03,-1.65
78690,-0.43,-11.57
78711,0.34,9.46
78734,-0.02,-1.12
78756,-0.45,-11.97
78779,0.33,9.19
78800,-0.06,-2.05
78823,-0.46,-12.37
78845,0.31,8.80
78867,0.02,-0.07
78889,-0.46,-12.24
78911,0.27,7.74
78934,0.08,1.39
78956,-0.48,-12.76
78978,0.21,6.02
79000,0.16,3.77
79028,0.18,5.36
79060,0.18,5.22
79083,0.18,4.43
79105,-0.45,-12.24
79127,0.15,4.43
79149,0.28,7.08
79171,-0.42,-11.57
79197,0.41,11.18
79218,-0.18,-5.22
79241,-0.36,-9.06
79262,0.37,10.25
79285,-0.11,-3.51
79307,-0.43,-11.18
79329,0.34,9.59
79351,-0.01,-0.73
79373,-0.45,-12.10
79395,0.27,7.87
79417,0.09,1.65
79439,-0.47,-12.76
79461,0.19,5.36
79483,0.18,4.43
79505,-0.47,-12.76
79527,0.15,4.56
79549,0.28,7.08
79571,-0.43,-11.71
79594,0.07,2.58
79616,0.37,9.72
79637,-0.37,-10.38
79660,-0.03,-0.07
79682,0.40,10.78
79704,-0.33,-9.19
79726,-0.12,-2.58
79748,0.44,11.97
79770,-0.27,-7.61
79806,-0.48,-12.90
79828,0.18,5.22
79850,0.23,5.62
79873,-0.46,-12.63
79894,0.14,4.17
79917,0.30,7.47
79938,-0.43,-11.84
79961,0.06,2.18
79982,0.38,9.99
80005,-0.37,-10.38
80027,-0.03,-0.20
80049,0.41,11.04
80071,-0.33,-9.59
80093,-0.11,-2.31
80115,0.43,11.57
80137,-0.26,-7.74
80159,-0.18,-4.17
80182,0.44,11.84
80203,-0.21,-5.89
80226,-0.24,-6.02
80247,0.42,11.44
80270,-0.20,-5.75
80291,-0.30,-7.61
80314,0.39,10.91
80336,-0.15,-4.70
80358,-0.36,-9.19
80380,0.37,10.12
80402,-0.11,-3.64
80428,0.12,3.90
80450,0.33,8.40
80472,-0.41,-11.31
80494,0.03,1.39
80516,0.40,10.52
80538,-0.36,-10.12
80561,-0.06,-0.99
80582,0.41,10.91
80605,-0.33,-9.33
80626,-0.12,-2.71
80649,0.44,11.71
80671,-0.23,-6.81
80693,-0.19,-4.70
80715,0.43,11.57
80737,-0.23,-6.42
80759,-0.26,-6.68
80781,0.42,11.57
80803,-0.19,-5.62
80826,-0.35,-8.80
80847,0.39,10.91
80870,-0.11,-3.64
80891,-0.42,-10.78
80930,0.28,8.27
80953,-0.06,-2.05
80974,-0.44,-11.57
80997,0.33,9.19
81019,0.01,-0.33
81041,-0.48,-12.63
81067,0.40,10.65
81089,-0.36,-10.25
81111,-0.06,-0.86
81133,0.41,11.04
81155,-0.30,-8.66
81177,-0.12,-2.58
81199,0.44,11.71
81221,-0.23,-6.68
81244,-0.21,-5.22
81265,0.42,11.44
81288,-0.22,-6.28
81309,-0.27,-6.81
81332,0.41,11.31
81354,-0.18,-5.09
81376,-0.35,-8.93
81398,0.37,10.38
81420,-0.13,-3.90
81442,-0.42,-10.91
81464,0.35,9.99
81486,-0.04,-1.52
81509,-0.45,-11.84
81530,0.33,9.19
81553,0.05,0.60
81574,-0.47,-12.63
81597,0.23,6.81
81618,0.13,3.11
81641,-0.48,-13.03
81667,0.41,11.04
81688,-0.27,-7.87
81711,-0.18,-4.30
81732,0.43,11.71
81755,-0.23,-6.42
81777,-0.26,-6.28
81799,0.44,11.97
81821,-0.20,-5.89
81843,-0.32,-8.00
81865,0.38,10.65
81887,-0.14,-4.43
81909,-0.39,-9.99
81932,0.35,9.99
81953,-0.06,-2.05
81976,-0.44,-11.71
81997,0.32,8.93
82020,0.02,-0.07
82041,-0.47,-12.50
82064,0.25,7.21
82085,0.12,2.71
82108,-0.48,-13.03
82130,0.19,5.49
82152,0.21,5.09
82174,-0.46,-12.50
82196,0.15,4.56
82219,0.28,7.08
82240,-0.42,-11.71
82263,0.07,2.58
82288,-0.18,-5.22
82310,-0.34,-8.80
82332,0.37,10.38
82354,-0.10,-3.37
82376,-0.41,-10.65
82399,0.35,9.85
82420,-0.04,-1.65
82443,-0.45,-12.10
82464,0.30,8.53
82487,0.05,0.73
82508,-0.48,-12.76
82531,0.23,6.68
82552,0.15,3.37
82575,-0.47,-12.90
82597,0.18,4.96
82619,0.23,5.89
82640,-0.45,-12.37
82663,0.13,3.90
82685,0.33,8.13
82707,-0.42,-11.44
82729,0.04,1.79
82751,0.39,10.38
82774,-0.36,-10.12
82811,-0.24,-5.75
82834,0.43,11.57
82856,-0.27,-7.74
82878,-0.19,-4.43
82900,0.42,11.44
82926,-0.47,-12.76
82948,0.24,7.08
82970,0.14,3.11
82992,-0.48,-13.03
83014,0.18,5.09
83036,0.22,5.49
83058,-0.44,-12.10
83080,0.13,4.03
83102,0.31,7.87
83124,-0.42,-11.57
83146,0.04,1.65
83168,0.39,10.38
83190,-0.37,-10.38
83213,-0.03,-0.20
83234,0.41,10.91
83257,-0.32,-9.19
83278,-0.12,-2.58
83301,0.43,11.31
83323,-0.27,-7.61
83345,-0.20,-4.70
83367,0.43,11.71
83389,-0.23,-6.42
83411,-0.26,-6.42
83433,0.41,11.44
83456,-0.20,-5.75
83478,-0.32,-8.13
83500,0.39,10.78
83522,-0.14,-4.30
83548,0.16,4.56
83569,0.28,6.94
83592,-0.43,-11.84
83613,0.08,2.71
83636,0.37,9.46
83657,-0.39,-10.78
83680,-0.02,0.20
83701,0.40,10.78
83724,-0.32,-9.19
83746,-0.11,-2.18
83768,0.43,11.44
83790,-0.27,-7.87
83812,-0.18,-4.43
83834,0.43,11.71
83856,-0.24,-6.68
83878,-0.25,-6.28
83901,0.43,11.71
83922,-0.20,-5.62
83945,-0.32,-7.87
83966,0.40,10.91
83989,-0.15,-4.56
84011,-0.39,-9.85
84033,0.36,10.25
84056,-0.07,-2.58
84077,-0.44,-11.57
84100,0.33,9.46
84121,-0.00,-0.73
84147,0.04,1.65
84169,0.40,10.52
84191,-0.38,-10.65
84213,-0.04,-0.33
84236,0.41,10.91
84257,-0.34,-9.72
84280,-0.10,-1.92
84301,0.42,11.31
84324,-0.28,-8.27
84346,-0.16,-3.64
84368,0.43,11.57
84390,-0.24,-6.94
84412,-0.22,-5.36
84434,0.42,11.57
84457,-0.21,-6.02
84478,-0.26,-6.68
84501,0.42,11.71
84523,-0.20,-5.62
84545,-0.33,-8.27
84568,0.39,10.65
84589,-0.15,-4.56
84612,-0.38,-9.59
84633,0.37,10.38
84656,-0.07,-2.45
84695,-0.41,-10.38
84718,0.41,11.31
84740,-0.19,-5.62
84762,-0.33,-8.27
84798,0.10,3.11
84819,0.35,8.93
84842,-0.39,-10.91
84864,0.00,0.73
84886,0.41,10.78
84908,-0.33,-9.59
84930,-0.09,-1.79
84953,0.43,11.44
84974,-0.29,-8.40
84997,-0.17,-4.03
85018,0.44,11.97
85041,-0.24,-6.81
85063,-0.23,-5.89
85085,0.43,11.71
85107,-0.22,-6.28
85129,-0.29,-7.21
85151,0.40,11.31
85174,-0.17,-5.09
85195,-0.36,-9.06
85218,0.39,10.65
85239,-0.10,-3.37
85262,-0.43,-11.04
85284,0.36,10.12
85306,-0.05,-1.92
85328,-0.45,-11.97
85350,0.33,9.46
85372,0.01,-0.46
85398,0.01,0.99
85420,0.42,11.04
85442,-0.36,-10.52
85464,-0.07,-1.26
85486,0.41,11.04
85509,-0.32,-9.19
85530,-0.13,-2.84
85553,0.43,11.57
85574,-0.26,-7.61
85597,-0.20,-4.96
85619,0.45,12.10
85641,-0.23,-6.28
85663,-0.26,-6.68
85685,0.42,11.44
85707,-0.20,-5.89
85730,-0.33,-8.13
85751,0.39,10.91
85774,-0.14,-4.43
85795,-0.39,-10.12
85818,0.38,10.52
85840,-0.11,-3.64
85862,-0.44,-11.31
85884,0.35,9.99
85906,-0.07,-2.31
85928,-0.46,-12.24
85951,0.30,8.66
85972,0.05,0.73
85995,-0.48,-12.63
86021,0.40,10.65
86042,-0.35,-9.85
86065,-0.08,-1.52
86086,0.42,11.18
86109,-0.30,-8.53
86131,-0.15,-3.51
86153,0.43,11.57
86175,-0.25,-7.34
86197,-0.21,-5.22
86219,0.43,11.71
86241,-0.22,-6.15
86263,-0.27,-6.81
86286,0.42,11.44
86307,-0.19,-5.49
86330,-0.32,-8.13
86351,0.38,10.38
86374,-0.14,-4.56
86396,-0.39,-10.12
86418,0.37,10.12
86440,-0.09,-3.11
86463,-0.43,-11.18
86484,0.35,9.99
86507,-0.03,-1.39
86529,-0.45,-12.10
86557,-0.03,-1.39
86590,0.02,0.07
86611,-0.48,-12.76
86637,0.40,10.78
86660,-0.36,-10.12
86681,-0.07,-1.26
86704,0.42,11.31
86726,-0.31,-8.93
86748,-0.14,-3.11
86770,0.43,11.44
86792,-0.25,-7.21
86814,-0.21,-5.09
86837,0.44,11.84
86858,-0.21,-5.89
86881,-0.30,-7.47
86902,0.42,11.57
86925,-0.18,-5.36
86946,-0.35,-9.06
86969,0.38,10.65
86991,-0.11,-3.64
87013,-0.40,-10.38
87035,0.36,10.12
87057,-0.08,-2.84
87079,-0.45,-11.84
87102,0.34,9.46
87123,0.01,-0.33
87146,-0.48,-12.76
87168,0.28,8.00
87190,0.10,2.05
87212,-0.48,-12.90
87234,0.20,5.75
87260,-0.30,-8.53
87281,-0.16,-3.64
87304,0.44,11.97
87326,-0.24,-6.94
87348,-0.23,-5.62
87370,0.43,11.84
87392,-0.22,-6.15
87414,-0.28,-7.08
87436,0.42,11.44
87458,-0.18,-5.36
87481,-0.35,-8.93
87502,0.40,11.04
87525,-0.10,-3.37
87546,-0.41,-10.78
87569,0.35,9.99
87591,-0.05,-2.18
87613,-0.46,-12.24
87635,0.32,8.80
87657,0.03,0.20
87680,-0.48,-12.63
87701,0.24,7.08
87724,0.13,3.11
87745,-0.47,-12.76
87768,0.19,5.49
87790,0.21,5.22
87812,-0.47,-12.90
87834,0.15,4.43
87860,-0.21,-5.89
87881,-0.27,-6.68
87904,0.42,11.44
87925,-0.19,-5.62
87948,-0.32,-8.13
87970,0.39,11.04
87992,-0.13,-4.30
88014,-0.39,-10.12
88036,0.37,10.38
88058,-0.08,-2.98
88081,-0.43,-11.18
88102,0.34,9.72
88125,-0.02,-1.12
88146,-0.45,-12.10
88169,0.30,8.53
88190,0.05,0.60
88213,-0.49,-12.90
88236,0.23,6.81
88257,0.14,3.24
88280,-0.48,-12.90
88301,0.18,5.22
88324,0.22,5.62
88345,-0.46,-12.50
88368,0.14,4.17
88389,0.31,7.74
88412,-0.43,-11.84
88439,0.33,8.40
88472,0.41,11.04
88498,-0.42,-10.65
88520,0.35,9.85
88542,-0.04,-1.39
88564,-0.46,-12.10
88586,0.32,9.06
88608,0.05,0.60
88630,-0.49,-13.03
88652,0.22,6.68
88674,0.14,3.24
88696,-0.49,-13.16
88719,0.18,5.22
88740,0.23,5.49
88763,-0.46,-12.63
88784,0.14,4.17
88807,0.32,8.00
88828,-0.43,-11.84
88851,0.05,2.05
88872,0.39,10.12
88895,-0.38,-10.52
88918,-0.03,-0.07
88939,0.41,10.78
88962,-0.34,-9.85
88983,-0.10,-2.05
89006,0.44,11.71
89028,-0.28,-8.00
89050,-0.19,-4.56
89072,0.44,11.97
89094,-0.23,-6.68
89119,0.23,6.81
89142,0.13,2.98
89163,-0.48,-13.16
89186,0.18,5.22
89207,0.21,5.22
89230,-0.46,-12.63
89252,0.14,4.17
89274,0.30,7.47
89296,-0.42,-11.71
89318,0.07,2.31
89340,0.38,9.85
89362,-0.38,-10.65
89384,-0.04,-0.33
89406,0.41,10.91
89428,-0.33,-9.59
89451,-0.10,-1.92
89473,0.42,11.31
89495,-0.28,-8.13
89517,-0.17,-3.90
89539,0.43,11.57
89562,-0.23,-6.42
89583,-0.23,-5.75
89606,0.41,11.31
89627,-0.21,-6.02
89650,-0.29,-7.34
89672,0.39,10.91
89694,-0.16,-4.83
89716,-0.35,-8.93
89752,0.04,1.79
89774,0.39,10.25
89796,-0.38,-10.52
89819,-0.03,-0.07
89840,0.41,11.04
89863,-0.34,-9.72
89884,-0.10,-2.05
89907,0.42,11.18
89928,-0.29,-8.27
89951,-0.16,-3.77
89973,0.43,11.44
89995,-0.25,-7.21
90017,-0.22,-5.49
90040,0.43,11.71
90061,-0.22,-6.28
90084,-0.27,-6.81
90105,0.41,11.31
90128,-0.18,-5.36
90150,-0.33,-8.40
90172,0.39,10.78
90194,-0.13,-4.30
90216,-0.40,-10.25
90238,0.36,10.12
90261,-0.08,-2.98
90283,-0.43,-11.44
90305,0.34,9.59
90344,0.07,1.12
90365,-0.45,-12.10
90386,0.04,1.79
90407,0.39,10.25
90430,-0.38,-10.52
90452,-0.04,-0.33
90474,0.40,10.78
90497,-0.34,-9.85
90518,-0.11,-2.18
90541,0.43,11.57
90563,-0.28,-8.13
90585,-0.16,-3.90
90607,0.44,11.97
90629,-0.24,-6.94
90651,-0.24,-5.89
90674,0.43,11.71
90695,-0.22,-6.28
90718,-0.30,-7.61
90739,0.41,11.31
90762,-0.17,-5.09
90784,-0.36,-9.06
90806,0.38,10.52
90828,-0.11,-3.64
90850,-0.42,-10.91
90872,0.37,10.25
90895,-0.07,-2.58
90916,-0.45,-11.71
90939,0.35,9.85
90961,-0.01,-0.73
90986,0.04,1.65
91009,0.39,10.25
91031,-0.38,-10.65
91053,-0.03,-0.07
91075,0.41,10.91
91097,-0.35,-10.12
91119,-0.08,-1.39
91142,0.43,11.44
91163,-0.31,-9.06
91186,-0.15,-3.51
91208,0.44,11.97
91230,-0.25,-7.08
91252,-0.20,-5.09
91274,0.43,11.57
91296,-0.23,-6.42
91318,-0.27,-6.68
91340,0.41,11.18
91363,-0.20,-5.75
91384,-0.31,-7.87
91407,0.39,10.91
91428,-0.14,-4.43
91451,-0.38,-9.72
91473,0.36,10.12
91495,-0.09,-3.11
91517,-0.42,-11.18
91540,0.35,9.72
91561,-0.02,-1.12
91587,0.05,2.05
91610,0.37,9.72
91631,-0.38,-10.52
91654,-0.04,-0.20
91675,0.41,11.04
91698,-0.33,-9.46
91720,-0.09,-1.65
91742,0.42,11.18
91764,-0.28,-8.40
91786,-0.16,-3.77
91808,0.43,11.57
91831,-0.25,-7.21
91852,-0.22,-5.36
91875,0.43,11.71
91896,-0.22,-6.15
91919,-0.27,-6.81
91941,0.41,11.31
91963,-0.17,-4.83
91985,-0.33,-8.27
92007,0.39,10.78
92029,-0.13,-4.17
92052,-0.39,-10.12
92073,0.36,10.12
92096,-0.09,-3.11
92119,-0.42,-11.04
92140,0.34,9.59
92163,-0.03,-1.39
92184,-0.45,-11.84
92226,0.40,10.65
92249,-0.42,-11.71
92271,0.05,2.05
92294,0.38,9.99
92315,-0.38,-10.52
92338,-0.04,-0.46
92359,0.40,10.65
92382,-0.33,-9.46
92404,-0.11,-2.18
92426,0.43,11.31
92448,-0.27,-8.00
92470,-0.17,-4.17
92492,0.43,11.57
92514,-0.23,-6.42
92536,-0.23,-5.75
92559,0.42,11.57
92580,-0.22,-6.15
92603,-0.29,-7.21
92624,0.40,11.18
92647,-0.17,-5.22
92669,-0.34,-8.80
92691,0.38,10.65
92713,-0.12,-4.03
92736,-0.41,-10.52
92758,0.35,9.72
92780,-0.07,-2.45
92802,-0.43,-11.44
92827,0.32,8.00
92850,-0.41,-11.31
92872,0.05,1.92
92894,0.38,9.99
92916,-0.38,-10.78
92938,-0.05,-0.60
92960,0.40,10.78
92983,-0.33,-9.46
93004,-0.10,-1.92
93027,0.43,11.44
93048,-0.29,-8.40
93071,-0.16,-3.90
93093,0.43,11.57
93115,-0.26,-7.21
93137,-0.23,-5.62
93159,0.42,11.57
93181,-0.23,-6.28
93204,-0.27,-6.68
93225,0.41,11.18
93248,-0.20,-5.62
93270,-0.33,-8.40
93292,0.39,10.78
93315,-0.15,-4.56
93336,-0.39,-9.99
93359,0.35,9.85
93380,-0.06,-2.18
93403,-0.45,-11.84
93425,0.33,9.46
93450,-0.42,-11.57
93472,0.05,1.92
93495,0.39,10.25
93516,-0.39,-10.78
93539,-0.02,0.07
93560,0.40,10.65
93583,-0.34,-9.85
93605,-0.09,-1.65
93627,0.42,11.04
93649,-0.29,-8.53
93672,-0.16,-3.51
93693,0.43,11.71
93716,-0.25,-7.21
93737,-0.21,-5.22
93760,0.42,11.57
93783,-0.21,-6.02
93804,-0.25,-6.15
93827,0.41,11.44
93848,-0.20,-5.75
93871,-0.31,-7.74
93893,0.39,10.78
93915,-0.16,-5.09
93937,-0.38,-9.85
93959,0.37,10.25
93981,-0.09,-3.11
94004,-0.42,-10.91
94025,0.34,9.59
94147,0.04,0.20
94225,0.17,4.83
94254,-0.48,-12.90
94298,-0.06,-2.18
94320,-0.46,-12.24
94343,0.33,9.19
94364,0.02,-0.33
94387,-0.46,-12.37
94408,0.27,7.61
94431,0.09,1.65
94452,-0.48,-12.76
94475,0.20,5.75
94497,0.15,3.64
94519,-0.47,-12.76
94541,0.18,4.96
94563,0.23,5.62
94585,-0.45,-12.50
94608,0.13,4.03
94629,0.30,7.61
94652,-0.42,-11.57
94673,0.06,2.45
94696,0.37,9.59
94717,-0.38,-10.52
94740,-0.02,0.20
94763,0.41,10.65
94784,-0.34,-9.99
94807,-0.09,-1.79
94828,0.41,10.91
94864,0.10,2.05
94886,-0.48,-12.76
94909,0.19,5.62
94930,0.18,4.17
94953,-0.47,-12.76
94974,0.16,4.56
94997,0.22,5.49
95019,-0.45,-12.50
95041,0.13,4.03
95064,0.31,7.74
95085,-0.42,-11.57
95108,0.07,2.58
95129,0.37,9.59
95152,-0.38,-10.65
95174,-0.01,0.33
95196,0.40,10.65
95218,-0.35,-9.99
95240,-0.08,-1.39
95262,0.40,10.91
95285,-0.31,-8.93
95306,-0.14,-3.11
95329,0.41,11.18
95351,-0.27,-7.61
95373,-0.18,-4.17
95395,0.43,11.57
95417,-0.25,-6.94
95439,-0.23,-5.75
95462,0.42,11.57
95488,-0.48,-12.76
95509,0.21,6.15
95532,0.14,3.24
95553,-0.47,-12.90
95576,0.18,5.09
95598,0.21,5.22
95620,-0.46,-12.50
95642,0.14,4.43
95664,0.27,6.81
95686,-0.43,-11.84
95709,0.10,3.24
95730,0.34,8.80
95753,-0.39,-10.91
95774,0.03,1.39
95797,0.39,10.38
95818,-0.37,-10.52
95841,-0.03,-0.20
95863,0.40,10.78
95885,-0.34,-9.72
95907,-0.09,-1.65
95930,0.42,11.18
95951,-0.31,-8.93
95974,-0.15,-3.37
95996,0.42,11.44
96018,-0.25,-7.34
96040,-0.19,-4.70
96062,0.42,11.31
96084,-0.22,-6.15
96110,0.23,6.55
96132,0.14,3.11
96171,-0.48,-13.16
96193,0.20,5.75
96216,0.17,4.03
96237,-0.48,-12.90
96260,0.17,4.83
96281,0.23,5.62
96304,-0.45,-12.37
96326,0.14,4.17
96348,0.30,7.47
96370,-0.43,-11.84
96393,0.11,3.37
96414,0.31,7.61
96437,-0.42,-11.57
96459,0.09,2.98
96481,0.34,8.66
96503,-0.41,-11.44
96526,0.07,2.45
96547,0.34,8.93
96570,-0.40,-11.04
96592,0.05,2.05
96614,0.36,9.46
96636,-0.40,-11.04
96659,0.03,1.52
96681,0.38,9.99
96703,-0.40,-11.18
96726,0.01,0.86
96748,0.39,10.25
96774,-0.35,-8.80
96795,0.38,10.65
96818,-0.15,-4.70
96840,-0.36,-9.06
96863,0.37,10.38
96884,-0.16,-4.83
96907,-0.34,-8.66
96929,0.39,10.65
96952,-0.15,-4.83
96973,-0.34,-8.80
96996,0.38,10.65
97018,-0.16,-4.96
97040,-0.34,-8.80
97062,0.38,10.65
97085,-0.17,-5.09
97107,-0.34,-8.53
97129,0.39,10.78
97152,-0.16,-4.96
97174,-0.34,-8.53
97197,0.39,10.78
97218,-0.16,-4.56
97241,-0.33,-8.40
97263,0.39,10.65
97286,-0.18,-5.22
97307,-0.31,-7.87
97330,0.39,10.91
97352,-0.18,-5.49
97378,0.18,5.22
97400,0.17,4.17
97422,-0.48,-12.76
97444,0.18,5.22
97467,0.18,4.30
97488,-0.47,-12.90
97511,0.18,5.09
97533,0.20,4.83
97555,-0.48,-13.03
97577,0.16,4.83
97600,0.20,4.96
97623,-0.47,-12.76
97644,0.17,4.83
97667,0.22,5.36
97689,-0.45,-12.37
97711,0.16,4.56
97733,0.23,5.75
97756,-0.45,-12.24
97778,0.16,4.56
97800,0.25,6.15
97822,-0.45,-12.50
97845,0.14,4.30
97866,0.25,6.15
97889,-0.45,-12.37
97911,0.13,4.03
97933,0.30,7.61
97955,-0.42,-11.57
97978,0.09,2.98
97999,0.34,8.80
98025,-0.33,-8.27
98064,0.34,9.59
98086,-0.15,-4.83
98108,-0.36,-9.33
98130,0.36,9.85
98152,-0.08,-2.71
98174,-0.43,-11.31
98197,0.34,9.46
98219,-0.01,-0.86
98241,-0.45,-11.97
98263,0.30,8.53
98285,0.06,0.99
98307,-0.47,-12.76
98329,0.23,6.68
98352,0.14,3.11
98373,-0.47,-12.76
98396,0.18,5.09
98417,0.21,5.09
98440,-0.46,-12.63
98462,0.14,4.17
98484,0.27,6.81
98506,-0.44,-12.10
98528,0.09,2.98
98550,0.35,8.93
98572,-0.39,-10.91
98594,0.02,1.12
98617,0.40,10.52
98638,-0.35,-9.99
98664,0.35,9.72
98686,-0.07,-2.58
98708,-0.44,-11.71
98731,0.33,9.33
98752,-0.00,-0.86
98775,-0.47,-12.50
98797,0.28,8.13
98819,0.07,1.26
98841,-0.47,-12.63
98864,0.23,6.55
98885,0.14,3.24
98908,-0.47,-12.76
98929,0.18,5.22
98952,0.20,4.96
98973,-0.46,-12.76
98996,0.15,4.43
99018,0.28,6.94
99040,-0.43,-11.97
99062,0.09,2.98
99084,0.35,8.93
99106,-0.39,-10.78
99128,0.01,0.99
99150,0.39,10.38
99173,-0.34,-9.85
99194,-0.08,-1.39
99217,0.41,11.04
99238,-0.31,-8.80
99261,-0.13,-2.84
99287,-0.00,-0.60
99309,-0.46,-12.24
99331,0.29,8.40
99353,0.06,0.99
99375,-0.48,-12.90
99397,0.23,6.55
99419,0.13,2.98
99441,-0.47,-12.63
99464,0.18,5.22
99485,0.19,4.70
99508,-0.46,-12.63
99529,0.16,4.43
99552,0.26,6.28
99574,-0.44,-12.10
99596,0.11,3.37
99618,0.33,8.13
99640,-0.43,-11.84
99662,0.03,1.79
99685,0.38,10.12
99706,-0.37,-10.52
99729,-0.02,0.33
99750,0.40,10.65
99773,-0.34,-9.85
99795,-0.09,-1.65
99817,0.40,10.78
99840,-0.30,-8.66
99861,-0.14,-3.37
99884,0.42,11.31
99926,-0.48,-12.76
99959,-0.48,-12.76
99982,0.26,7.61
100003,0.09,1.79
100026,-0.49,-13.29
100047,0.20,6.02
100070,0.14,3.24
100091,-0.48,-13.03
100114,0.19,5.49
100136,0.18,4.43
100158,-0.48,-13.03
100180,0.17,4.83
100203,0.23,5.62
100225,-0.46,-12.63
100247,0.14,4.30
100270,0.27,6.55
100291,-0.44,-12.37
100314,0.12,3.90
100335,0.33,8.53
100358,-0.42,-11.57
100380,0.08,2.58
100402,0.35,9.19
100424,-0.40,-11.18
100447,0.02,1.12
100468,0.38,10.12
100491,-0.38,-10.78
100513,-0.02,0.20
100539,-0.12,-4.03
100560,-0.39,-9.85
100583,0.36,9.99
100605,-0.10,-3.11
100627,-0.41,-10.78
100649,0.35,9.85
100672,-0.06,-2.18
100694,-0.44,-11.57
100716,0.34,9.72
100739,-0.04,-1.65
100760,-0.44,-11.84
100783,0.32,9.06
100805,-0.03,-1.52
100827,-0.45,-12.10
100849,0.31,8.66
100872,0.02,-0.07
100893,-0.47,-12.50
100916,0.28,8.13
100938,0.06,0.99
100960,-0.48,-12.90
100982,0.24,7.08
101005,0.11,2.45
101026,-0.48,-12.90
101049,0.21,6.02
101070,0.15,3.51
101093,-0.48,-12.90
101118,0.41,11.04
101141,-0.29,-8.40
101163,-0.14,-3.24
101185,0.42,11.31
101208,-0.27,-7.61
101229,-0.17,-4.03
101252,0.43,11.71
101274,-0.22,-6.42
101296,-0.21,-5.09
101318,0.42,11.44
101341,-0.23,-6.42
101362,-0.23,-5.62
101385,0.42,11.44
101407,-0.22,-6.02
101429,-0.25,-6.15
101451,0.41,11.18
101474,-0.21,-6.02
101495,-0.27,-6.94
101518,0.41,11.18
101540,-0.20,-5.62
101562,-0.32,-8.00
101584,0.40,11.04
101607,-0.16,-4.96
101628,-0.36,-9.06
101651,0.38,10.65
101673,-0.14,-4.43
101699,0.15,4.30
101721,0.25,6.15
101743,-0.44,-12.37
101766,0.13,4.03
101787,0.29,7.21
101815,0.12,3.77
101849,0.10,3.11
101870,0.34,8.66
101893,-0.41,-11.18
101915,0.03,1.52
101937,0.38,9.85
101959,-0.39,-10.78
101982,-0.02,0.07
102003,0.40,10.65
102026,-0.36,-10.25
102048,-0.05,-0.60
102070,0.40,10.65
102092,-0.33,-9.33
102115,-0.08,-1.52
102136,0.40,10.78
102159,-0.32,-8.93
102181,-0.11,-2.31
102203,0.41,11.04
102225,-0.29,-8.40
102247,-0.14,-3.24
102269,0.42,11.31
102292,-0.27,-7.87
102318,0.30,8.53
102339,0.03,0.07
102362,-0.47,-12.63
102384,0.27,7.74
102406,0.08,1.52
102428,-0.48,-12.76
102451,0.22,6.55
102472,0.12,2.84
102495,-0.47,-12.76
102517,0.19,5.49
102539,0.16,3.90
102561,-0.47,-12.76
102584,0.18,5.09
102605,0.21,5.22
102628,-0.47,-12.76
102649,0.16,4.56
102672,0.24,6.02
102694,-0.46,-12.63
102716,0.14,4.17
102738,0.29,7.21
102761,-0.42,-11.44
102782,0.11,3.37
102805,0.33,8.40
102827,-0.40,-11.18
102849,0.05,1.92
102872,0.37,9.59
102893,-0.39,-10.78
102919,0.38,10.52
102941,-0.15,-4.56
102964,-0.35,-9.06
102985,0.37,10.38
103008,-0.12,-4.03
103030,-0.40,-10.12
103053,0.36,9.99
103074,-0.10,-3.24
103097,-0.41,-10.65
103119,0.34,9.59
103141,-0.06,-2.31
103163,-0.43,-11.31
103186,0.33,9.46
103207,-0.03,-1.39
103230,-0.45,-11.84
103252,0.33,9.33
103274,-0.00,-0.60
103297,-0.46,-12.24
103319,0.30,8.40
103341,0.03,0.07
103363,-0.47,-12.63
103385,0.27,7.74
103407,0.08,1.65
103430,-0.47,-12.63
103451,0.23,6.81
103474,0.13,3.11
103499,-0.11,-2.18
103521,0.41,10.78
103543,-0.31,-8.93
103566,-0.12,-2.71
103588,0.42,11.18
103610,-0.29,-8.27
103632,-0.14,-3.11
103655,0.43,11.57
103676,-0.27,-7.87
103705,0.41,10.91
103738,0.41,11.04
103760,-0.27,-7.74
103782,-0.17,-3.90
103804,0.42,11.44
103827,-0.25,-7.08
103848,-0.21,-5.09
103871,0.43,11.71
103894,-0.24,-6.81
103915,-0.23,-5.89
103938,0.42,11.44
103960,-0.23,-6.28
103982,-0.26,-6.55
104004,0.41,11.18
104027,-0.21,-5.89
104048,-0.29,-7.34
104071,0.40,11.18
104096,-0.48,-12.90
104119,0.20,5.62
104140,0.17,4.17
104163,-0.47,-12.76
104185,0.17,4.96
104207,0.20,4.96
104229,-0.46,-12.63
104252,0.15,4.43
104273,0.22,5.49
104296,-0.45,-12.37
104318,0.15,4.30
104340,0.26,6.42
104363,-0.44,-12.24
104385,0.13,4.03
104407,0.29,7.21
104429,-0.43,-11.97
104452,0.10,3.11
104473,0.33,8.27
104496,-0.42,-11.57
104518,0.08,2.71
104540,0.35,8.93
104562,-0.41,-11.31
104585,0.04,1.79
104606,0.37,9.59
104629,-0.39,-10.78
104651,0.00,0.60
104673,0.38,10.12
104709,0.01,-0.46
104731,-0.45,-12.10
104754,0.29,8.40
104775,0.03,0.20
104798,-0.47,-12.50
104820,0.26,7.47
104842,0.08,1.39
104864,-0.47,-12.63
104887,0.23,6.81
104908,0.11,2.45
104931,-0.47,-12.76
104953,0.21,6.02
104975,0.14,3.24
104997,-0.47,-12.76
105020,0.16,4.70
105041,0.18,4.30
105064,-0.48,-13.03
105086,0.16,4.70
105108,0.19,4.70
105131,-0.48,-13.03
105153,0.16,4.43
105175,0.22,5.62
105197,-0.47,-12.90
105220,0.16,4.43
105241,0.26,6.55
105264,-0.44,-12.10
105286,0.12,3.64
105312,-0.24,-6.68
105333,-0.25,-6.28
105356,0.42,11.31
105378,-0.23,-6.42
105400,-0.27,-6.68
105422,0.41,11.31
105445,-0.22,-6.15
105466,-0.25,-6.15
105489,0.43,11.71
105511,-0.21,-5.75
105533,-0.29,-7.21
105555,0.41,11.31
105578,-0.20,-5.75
105617,-0.33,-8.53
105639,0.41,11.18
105662,-0.23,-6.28
105683,-0.24,-6.02
105706,0.42,11.44
105729,-0.23,-6.28
105750,-0.27,-6.81
105773,0.42,11.57
105795,-0.21,-5.89
105817,-0.30,-7.61
105839,0.40,11.18
105862,-0.20,-5.89
105883,-0.33,-8.53
105909,0.18,4.43
105931,-0.45,-12.24
105954,0.16,4.43
105975,0.21,5.22
105998,-0.45,-12.37
106020,0.15,4.43
106042,0.24,6.02
106064,-0.46,-12.63
106087,0.13,3.77
106108,0.28,6.94
106131,-0.43,-11.84
106153,0.11,3.24
106175,0.32,7.87
106198,-0.41,-11.44
106220,0.09,2.84
106242,0.36,9.33
106264,-0.40,-11.18
106286,0.03,1.52
106308,0.38,9.99
106331,-0.39,-10.78
106352,-0.00,0.60
106375,0.39,10.52
106397,-0.38,-10.65
106419,-0.00,0.60
106441,0.40,10.78
106464,-0.36,-10.25
106486,0.02,0.86
106511,-0.09,-3.24
106533,-0.42,-11.04
106556,0.34,9.59
106577,-0.08,-2.84
106600,-0.42,-11.18
106622,0.36,9.99
106645,-0.05,-2.05
106667,-0.44,-11.57
106689,0.34,9.99
106712,-0.03,-1.52
106733,-0.44,-11.71
106756,0.32,9.06
106778,-0.03,-1.52
106800,-0.47,-12.37
106822,0.32,8.93
106845,0.00,-0.60
106866,-0.46,-12.37
106889,0.30,8.53
106911,0.04,0.46
106933,-0.45,-12.10
106955,0.26,7.47
106978,0.08,1.39
106999,-0.47,-12.50
107022,0.23,6.68
107044,0.10,2.05
107066,-0.48,-13.03
107091,0.40,10.78
107114,-0.33,-9.59
107137,-0.00,0.33
107158,0.41,11.04
107181,-0.30,-8.66
107203,-0.11,-2.45
107225,0.42,11.18
107247,-0.31,-8.93
107270,-0.14,-2.98
107291,0.41,11.04
107314,-0.27,-7.74
107336,-0.15,-3.64
107358,0.42,11.31
107380,-0.26,-7.61
107403,-0.18,-4.17
107424,0.43,11.44
107447,-0.26,-7.34
107469,-0.20,-4.83
107508,0.41,11.18
107531,-0.28,-8.13
107553,-0.14,-2.98
107575,0.42,11.31
107597,-0.25,-7.21
107620,-0.10,-1.65
107641,0.44,11.84
107664,-0.25,-7.08
107689,0.27,7.74
107711,0.05,0.73
107734,-0.49,-13.03
107756,0.24,7.08
107778,0.12,2.58
107800,-0.47,-12.76
107823,0.19,5.62
107844,0.16,3.77
107867,-0.47,-12.76
107889,0.18,5.09
107911,0.18,4.30
107933,-0.48,-13.16
107956,0.15,4.30
107977,0.22,5.36
108000,-0.46,-12.76
108022,0.14,4.03
108044,0.25,6.15
108066,-0.45,-12.50
108089,0.13,4.03
108110,0.27,6.68
108133,-0.45,-12.63
108154,0.11,3.51
108177,0.31,7.87
108199,-0.42,-11.71
108221,0.08,2.84
108243,0.35,8.93
108266,-0.41,-11.44
108292,0.40,11.04
108313,-0.19,-5.49
108336,-0.32,-7.87
108358,0.41,11.57
108380,-0.18,-5.36
108402,-0.34,-8.66
108425,0.38,10.65
108447,-0.18,-5.36
108469,-0.36,-9.33
108491,0.37,10.52
108514,-0.15,-4.70
108535,-0.36,-9.19
108558,0.38,10.52
108580,-0.13,-4.17
108602,-0.37,-9.59
108624,0.38,10.52
108647,-0.12,-3.90
108668,-0.39,-10.25
108691,0.37,10.25
108713,-0.12,-4.03
108736,-0.40,-10.38
108758,0.36,10.12
108780,-0.12,-4.03
108803,-0.41,-10.52
108825,0.37,10.25
108847,-0.12,-3.90
108872,0.15,4.43
108895,0.27,6.81
108916,-0.44,-12.24
108939,0.12,3.51
108961,0.30,7.47
108983,-0.42,-11.71
109005,0.10,2.98
109028,0.35,8.93
109049,-0.40,-11.31
109072,0.05,1.92
109094,0.37,9.72
109116,-0.41,-11.44
109138,0.03,1.12
109161,0.39,10.25
109182,-0.38,-10.65
109205,-0.01,0.46
109228,0.39,10.38
109249,-0.38,-10.78
109272,-0.02,0.20
109294,0.40,10.65
109316,-0.35,-9.99
109338,-0.05,-0.60
109361,0.41,11.04
109400,-0.27,-7.87
109422,-0.05,-0.60
109444,0.40,10.65
109480,0.03,0.07
109502,-0.48,-12.76
109524,0.27,7.74
109546,0.07,1.12
109569,-0.47,-12.63
109591,0.23,6.55
109613,0.11,2.18
109635,-0.47,-12.63
109658,0.21,6.02
109679,0.14,3.11
109702,-0.48,-12.90
109724,0.17,5.09
109746,0.17,4.03
109768,-0.48,-13.03
109791,0.16,4.70
109812,0.21,5.22
109835,-0.46,-12.76
109857,0.16,4.56
109879,0.22,5.49
109901,-0.46,-12.63
109924,0.15,4.30
109945,0.25,6.28
109968,-0.45,-12.50
109990,0.13,3.90
110012,0.29,7.34
110034,-0.43,-11.71
110057,0.11,3.64
110083,-0.22,-6.15
110104,-0.28,-6.94
110127,0.41,11.18
110149,-0.21,-5.89
110171,-0.28,-7.08
110193,0.41,11.44
110216,-0.19,-5.49
110238,-0.29,-7.34
110260,0.40,11.18
110282,-0.20,-5.62
110305,-0.31,-7.87
110326,0.40,11.04
110349,-0.18,-5.36
110371,-0.33,-8.13
110393,0.39,10.78
110415,-0.17,-5.22
110438,-0.34,-8.66
110459,0.39,10.65
110482,-0.16,-4.83
110504,-0.35,-9.06
110527,0.38,10.65
110548,-0.14,-4.43
110571,-0.37,-9.46
110594,0.37,10.25
110615,-0.13,-4.17
110638,-0.38,-9.72
110663,0.23,5.75
110686,-0.45,-12.37
110707,0.15,4.56
110730,0.26,6.55
110752,-0.44,-12.10
110774,0.13,4.03
110796,0.30,7.34
110819,-0.42,-11.57
110840,0.11,3.37
110863,0.32,8.13
110885,-0.42,-11.57
110907,0.07,2.58
110929,0.36,9.33
110952,-0.40,-11.18
110973,0.04,1.65
110996,0.37,9.72
111019,-0.38,-10.52
111040,0.01,0.73
111063,0.39,10.38
111085,-0.38,-10.65
111108,-0.02,0.07
111129,0.39,10.38
111152,-0.37,-10.38
111174,-0.02,0.07
111196,0.40,10.65
111218,-0.36,-10.12
111241,-0.03,-0.20
111283,-0.05,-1.92
111305,-0.34,-8.66
111328,0.38,10.38
111349,-0.15,-4.83
111372,-0.36,-9.33
111394,0.38,10.52
111417,-0.13,-4.30
111438,-0.38,-9.72
111461,0.37,10.25
111483,-0.11,-3.64
111505,-0.39,-9.99
111527,0.35,9.85
111550,-0.08,-2.98
111571,-0.42,-11.04
111594,0.35,9.99
111617,-0.06,-2.31
111638,-0.44,-11.57
111661,0.34,9.59
111683,-0.04,-1.65
111705,-0.44,-11.57
111727,0.33,9.33
111750,-0.04,-1.52
111772,-0.44,-11.84
111794,0.32,9.06
111816,-0.02,-1.12
111839,-0.46,-12.24
111864,0.33,8.53
111886,-0.42,-11.44
111908,0.07,2.45
111931,0.35,8.80
111952,-0.40,-11.04
111975,0.03,1.39
111997,0.37,9.85
112019,-0.38,-10.52
112041,-0.01,0.46
112064,0.40,10.65
112086,-0.37,-10.38
112108,-0.03,-0.07
112131,0.39,10.38
112153,-0.37,-10.52
112175,-0.02,-0.07
112197,0.39,10.38
112220,-0.37,-10.52
112241,-0.02,-0.07
112264,0.39,10.38
112286,-0.36,-10.25
112309,-0.03,-0.20
112330,0.40,10.65
112353,-0.36,-10.12
112375,-0.03,-0.20
112397,0.39,10.38
112419,-0.37,-10.38
112445,0.37,10.38
112467,-0.13,-4.17
112490,-0.39,-9.99
112512,0.36,9.85
112534,-0.10,-3.24
112557,-0.40,-10.52
112579,0.37,10.12
112601,-0.10,-3.51
112623,-0.41,-10.38
112646,0.36,9.99
112667,-0.10,-3.11
112690,-0.42,-10.78
112712,0.35,9.85
112734,-0.08,-2.84
112756,-0.42,-11.04
112779,0.34,9.72
112801,-0.07,-2.31
112823,-0.43,-11.18
112845,0.35,9.72
112868,-0.06,-2.18
112889,-0.43,-11.31
112912,0.35,9.72
112934,-0.05,-1.92
112956,-0.44,-11.57
112978,0.33,9.33
113001,-0.04,-1.79
113027,0.09,3.11
113048,0.34,8.66
113071,-0.41,-11.31
113093,0.05,1.92
113115,0.36,9.46
113137,-0.38,-10.65
113176,-0.13,-2.98
113199,0.38,9.85
113220,-0.37,-10.52
113243,-0.02,0.07
113265,0.39,10.52
113287,-0.37,-10.52
113309,-0.02,0.07
113332,0.39,10.52
113354,-0.36,-10.12
113376,-0.03,-0.20
113398,0.39,10.38
113421,-0.36,-10.12
113442,-0.03,-0.20
113465,0.40,10.65
113487,-0.36,-10.12
113510,-0.04,-0.33
113531,0.40,10.65
113554,-0.36,-10.25
113576,-0.03,-0.33
113598,0.39,10.25
113720,-0.32,-9.19
113798,0.38,10.38
113820,-0.28,-8.00
113843,-0.18,-4.43
113864,0.41,11.18
113887,-0.27,-7.61
113909,-0.19,-4.56
113931,0.42,11.44
113953,-0.26,-7.34
113976,-0.18,-4.30
113998,0.42,11.18
114020,-0.26,-7.34
114042,-0.18,-4.17
114065,0.42,11.44
114086,-0.25,-7.21
114109,-0.18,-4.30
114131,0.43,11.57
114154,-0.26,-7.34
114176,-0.19,-4.56
114198,0.42,11.44
114221,-0.26,-7.21
114242,-0.19,-4.56
114265,0.42,11.31
114287,-0.25,-6.94
114310,-0.18,-4.30
114331,0.42,11.31
114368,0.15,3.64
114390,-0.48,-13.03
114412,0.20,5.49
114435,0.18,4.30
114456,-0.48,-13.03
114479,0.19,5.22
114501,0.19,4.70
114523,-0.47,-12.63
114545,0.17,4.83
114568,0.20,4.96
114589,-0.46,-12.63
114612,0.17,4.83
114634,0.23,5.62
114656,-0.45,-12.50
114678,0.16,4.70
114701,0.25,6.15
114722,-0.45,-12.37
114745,0.15,4.30
114767,0.26,6.55
114789,-0.45,-12.50
114811,0.13,4.03
114834,0.29,7.08
114855,-0.43,-11.84
114878,0.12,3.77
114900,0.30,7.47
114922,-0.42,-11.71
114945,0.11,3.51
114970,-0.21,-5.75
114993,-0.28,-6.94
115015,0.42,11.44
115037,-0.20,-5.75
115059,-0.27,-6.81
115082,0.41,11.31
115104,-0.21,-6.02
115126,-0.29,-7.34
115148,0.41,11.31
115171,-0.21,-5.89
115192,-0.30,-7.61
115235,0.18,4.30
115258,-0.47,-12.63
115280,0.24,7.08
115302,0.09,1.65
115324,-0.47,-12.76
115347,0.23,6.68
115368,0.11,2.45
115391,-0.48,-13.03
115414,0.21,6.15
115435,0.13,3.11
115458,-0.47,-12.76
115480,0.20,5.89
115502,0.16,3.77
115524,-0.48,-13.16
115547,0.19,5.36
115568,0.18,4.43
115594,-0.15,-3.37
115616,0.42,11.44
115639,-0.27,-7.87
115660,-0.16,-3.64
115683,0.42,11.31
115705,-0.27,-7.87
115727,-0.15,-3.64
115749,0.42,11.31
115772,-0.27,-7.74
115794,-0.16,-3.90
115816,0.42,11.44
115838,-0.27,-7.74
115861,-0.17,-4.03
115883,0.43,11.57
115905,-0.24,-6.94
115928,-0.17,-4.03
115950,0.42,11.31
115972,-0.26,-7.47
115994,-0.17,-3.90
116017,0.43,11.44
116038,-0.26,-7.34
116061,-0.18,-4.30
116083,0.43,11.57
116106,-0.26,-7.47
116127,-0.18,-4.30
116150,0.42,11.31
116175,-0.45,-11.97
116198,0.29,8.40
116219,0.03,0.07
116242,-0.47,-12.37
116264,0.27,7.87
116286,0.06,0.99
116308,-0.48,-12.63
116331,0.25,7.34
116353,0.10,2.05
116375,-0.47,-12.63
116398,0.22,6.55
116419,0.11,2.45
116442,-0.48,-12.90
116464,0.22,6.28
116487,0.13,2.71
116508,-0.48,-13.03
116531,0.19,5.36
116553,0.16,3.77
116575,-0.47,-12.76
116597,0.20,5.62
116620,0.16,3.90
116641,-0.47,-12.76
116664,0.18,5.22
116686,0.18,4.56
116708,-0.47,-12.90
116730,0.17,4.96
116753,0.20,4.96
116779,-0.17,-4.17
116800,0.42,11.18
116823,-0.24,-6.94
116845,-0.18,-4.17
116868,0.43,11.57
116889,-0.25,-7.34
116912,-0.18,-4.30
116934,0.44,11.84
116956,-0.25,-7.21
116978,-0.20,-4.70
117001,0.43,11.44
117023,-0.25,-7.08
117045,-0.20,-4.83
117067,0.42,11.31
117090,-0.24,-6.68
117129,-0.21,-5.09
117151,0.40,10.65
117174,-0.33,-9.46
117196,-0.09,-1.65
117218,0.41,10.91
117240,-0.35,-9.85
117263,-0.08,-1.39
117284,0.41,11.04
117307,-0.33,-9.46
117329,-0.06,-0.99
117352,0.39,10.52
117378,-0.36,-9.19
117400,0.38,10.65
117423,-0.17,-5.09
117444,-0.32,-8.13
117467,0.40,11.04
117489,-0.21,-5.89
117512,-0.27,-6.81
117534,0.43,11.57
117557,-0.23,-6.42
117578,-0.21,-5.22
117601,0.42,11.57
117623,-0.26,-7.34
117646,-0.15,-3.64
117668,0.41,11.04
117691,-0.31,-8.80
117713,-0.09,-1.79
117735,0.41,10.78
117757,-0.35,-9.99
117780,-0.04,-0.33
117803,0.40,10.52
117825,-0.39,-10.91
117848,0.03,1.52
117869,0.35,9.19
117892,-0.41,-11.31
117914,0.09,2.98
117937,0.33,8.53
117962,-0.27,-6.81
117985,0.41,11.18
118007,-0.24,-6.68
118029,-0.22,-5.36
118051,0.42,11.44
118074,-0.25,-7.21
118096,-0.15,-3.64
118119,0.42,11.18
118141,-0.31,-8.80
118163,-0.09,-1.79
118185,0.41,10.78
118208,-0.35,-9.99
118231,-0.04,-0.33
118253,0.40,10.65
118276,-0.40,-11.18
118298,0.02,1.26
118320,0.35,9.06
118342,-0.42,-11.44
118365,0.08,2.98
118387,0.33,8.40
118409,-0.43,-11.84
118431,0.12,3.90
118454,0.29,7.21
118476,-0.44,-12.10
118499,0.14,4.30
118520,0.23,5.75
118543,-0.47,-12.90
118563,-0.19,-4.70
118586,0.42,11.31
118608,-0.28,-8.00
118630,-0.14,-3.24
118652,0.42,11.18
118675,-0.31,-8.80
118697,-0.08,-1.39
118720,0.41,10.91
118743,-0.37,-10.38
118764,-0.00,0.60
118787,0.38,9.99
118809,-0.40,-11.18
118832,0.04,1.65
118854,0.35,8.93
118876,-0.39,-10.91
118898,0.05,2.05
118921,0.36,9.33
118942,-0.39,-11.04
118965,0.05,1.92
118987,0.37,9.72
119015,0.07,2.58
119049,0.04,1.92
119070,0.36,9.46
119093,-0.39,-10.91
119115,0.02,1.12
119137,0.37,9.85
119173,-0.01,-0.86
119195,-0.45,-11.84
119218,0.32,9.06
119239,0.01,-0.46
119262,-0.46,-12.37
119284,0.30,8.40
119306,0.02,-0.07
119328,-0.46,-12.24
119351,0.29,8.27
119373,0.04,0.46
119395,-0.46,-12.37
119417,0.28,8.13
119440,0.05,0.46
119461,-0.47,-12.63
119484,0.24,7.08
119506,0.08,1.39
119528,-0.48,-12.76
119550,0.24,7.08
119573,0.11,2.18
119595,-0.48,-12.76
119617,0.23,6.68
119640,0.12,2.71
119661,-0.47,-12.76
119684,0.21,6.15
119706,0.12,2.84
119728,-0.47,-12.63
119750,0.20,5.75
119776,-0.33,-9.46
119798,-0.09,-1.79
119821,0.41,10.91
119842,-0.33,-9.46
119865,-0.09,-1.79
119887,0.40,10.78
119910,-0.33,-9.33
119931,-0.08,-1.52
119954,0.41,11.04
119976,-0.33,-9.59
119999,-0.09,-1.65
120020,0.42,11.04
120043,-0.33,-9.46
120066,-0.07,-1.39
120087,0.40,10.52
120110,-0.34,-9.72
120132,-0.07,-1.26
120155,0.40,10.78
120176,-0.34,-9.85
120199,-0.07,-1.26
120221,0.41,11.04
120243,-0.34,-9.72
120265,-0.06,-1.12
120288,0.40,10.78
120310,-0.34,-9.72
120332,-0.07,-1.39
120357,-0.11,-3.37
120380,-0.41,-10.65
120402,0.37,10.25
120425,-0.11,-3.64
120446,-0.39,-9.99
120469,0.36,9.99
120492,-0.12,-3.90
120514,-0.40,-10.52
120536,0.36,9.99
120558,-0.11,-3.51
120581,-0.41,-10.52
120603,0.36,9.99
120625,-0.10,-3.37
120647,-0.40,-10.25
120670,0.36,10.12
120691,-0.13,-4.17
120714,-0.38,-9.72
120736,0.37,10.38
120759,-0.12,-4.03
120780,-0.38,-9.72
120803,0.36,9.99
120825,-0.11,-3.64
120847,-0.39,-9.99
120869,0.36,9.99
120892,-0.08,-2.98
120929,-0.44,-11.97
120954,0.42,11.31
120977,-0.29,-8.40
120999,-0.14,-3.24
121021,0.42,11.18
121043,-0.29,-8.40
121066,-0.15,-3.37
121088,0.42,11.18
121110,-0.26,-7.61
121133,-0.15,-3.24
121155,0.41,11.18
121177,-0.28,-8.13
121199,-0.14,-3.11
121222,0.43,11.57
121244,-0.28,-8.00
121266,-0.14,-3.24
121288,0.42,11.18
121311,-0.28,-8.27
121332,-0.14,-3.37
121355,0.43,11.44
121377,-0.29,-8.40
121400,-0.15,-3.37
121421,0.42,11.18
121444,-0.28,-8.27
121466,-0.13,-2.98
121488,0.42,11.18
121510,-0.29,-8.53
121536,0.33,9.19
121559,-0.02,-1.39
121581,-0.45,-12.10
121603,0.33,9.06
121625,-0.01,-0.99
121648,-0.45,-11.97
121670,0.33,9.06
121692,-0.01,-0.86
121714,-0.46,-12.24
121737,0.33,9.19
121758,-0.00,-0.60
121781,-0.46,-12.24
121803,0.32,9.06
121825,-0.00,-0.60
121847,-0.45,-11.97
121870,0.31,8.80
121892,0.01,-0.33
121914,-0.46,-12.24
121936,0.31,8.66
121959,0.02,-0.07
121980,-0.46,-12.37
122003,0.29,8.40
122025,0.03,0.20
122047,-0.46,-12.37
122070,0.28,8.13
122092,0.05,0.73
122118,-0.02,0.20
122139,0.39,10.38
122162,-0.38,-10.65
122184,-0.02,0.07
122207,0.39,10.52
122228,-0.38,-10.65
122251,-0.01,0.33
122273,0.39,10.38
122296,-0.37,-10.52
122317,-0.01,0.46
122340,0.38,10.12
122362,-0.38,-10.78
122385,-0.00,0.60
122406,0.39,10.38
122429,-0.37,-10.52
122451,0.01,0.99
122473,0.40,10.38
122496,-0.39,-10.78
122518,-0.00,0.60
122540,0.38,10.12
122562,-0.38,-10.78
122585,0.01,0.86
122607,0.40,10.38
122629,-0.39,-10.78
122651,-0.00,0.73
122674,0.39,10.38
122696,-0.37,-10.65
122722,0.39,10.65
122743,-0.16,-4.96
122766,-0.32,-8.13
122795,-0.29,-8.27
122829,-0.39,-10.65
122852,-0.02,0.07
122873,0.39,10.25
122896,-0.39,-10.78
122918,-0.01,0.33
122940,0.39,10.25
122962,-0.37,-10.52
122985,-0.01,0.46
123008,0.38,10.12
123029,-0.38,-10.78
123052,-0.00,0.60
123074,0.40,10.52
123096,-0.38,-10.65
123118,0.00,0.60
123141,0.39,10.38
123163,-0.37,-10.52
123185,-0.01,0.46
123207,0.39,10.38
123230,-0.38,-10.65
123252,-0.00,0.46
123274,0.38,10.25
123296,-0.39,-10.78
123322,0.38,10.65
123344,-0.18,-5.22
123367,-0.32,-8.13
123388,0.39,10.78
123411,-0.19,-5.49
123433,-0.31,-7.87
123456,0.41,11.31
123478,-0.19,-5.36
123500,-0.30,-7.47
123523,0.41,11.44
123545,-0.20,-5.62
123567,-0.28,-6.81
123589,0.40,11.18
123612,-0.21,-6.02
123634,-0.27,-6.81
123656,0.42,11.57
123678,-0.22,-6.15
123701,-0.26,-6.42
123723,0.42,11.44
123745,-0.20,-5.62
123767,-0.24,-5.89
123790,0.43,11.71
123812,-0.23,-6.55
123834,-0.23,-5.62
123856,0.43,11.84
123879,-0.23,-6.42
123915,-0.48,-12.90
123937,0.19,5.49
123960,0.17,4.03
123981,-0.47,-12.90
124004,0.18,5.22
124026,0.18,4.17
124048,-0.48,-13.03
124070,0.19,5.36
124093,0.14,2.98
124114,-0.48,-12.90
124137,0.18,5.22
124160,0.17,4.03
124182,-0.47,-12.76
124204,0.19,5.36
124226,0.18,4.17
124249,-0.48,-12.90
124271,0.19,5.36
124293,0.17,3.90
124315,-0.48,-13.03
124338,0.19,5.36
124359,0.16,3.90
124382,-0.48,-12.90
124404,0.19,5.22
124427,0.17,4.30
124448,-0.47,-12.90
124471,0.18,5.22
124496,-0.30,-8.80
124519,-0.12,-2.71
124540,0.40,10.78
124563,-0.32,-9.06
124585,-0.10,-2.05
124608,0.42,11.18
124630,-0.31,-9.06
124652,-0.10,-1.92
124675,0.41,11.04
124711,-0.03,-1.39
124734,-0.35,-8.93
124756,0.37,10.38
124779,-0.17,-5.09
124801,-0.33,-8.40
124823,0.38,10.52
124846,-0.17,-5.22
124867,-0.32,-8.13
124890,0.40,11.04
124912,-0.18,-5.36
124935,-0.32,-8.00
124956,0.39,10.91
124979,-0.19,-5.75
125001,-0.31,-7.74
125024,0.40,11.18
125045,-0.19,-5.62
125068,-0.29,-7.34
125093,0.14,3.11
125116,-0.48,-12.90
125138,0.20,5.89
125160,0.14,3.24
125182,-0.48,-12.90
125205,0.20,5.89
125227,0.15,3.51
125249,-0.48,-12.76
125272,0.20,5.75
125294,0.15,3.64
125316,-0.47,-12.76
125338,0.20,5.62
125361,0.15,3.51
125382,-0.47,-12.63
125405,0.19,5.62
125427,0.14,3.37
125449,-0.48,-12.90
125471,0.20,5.89
125494,0.15,3.64
125516,-0.48,-13.03
125538,0.19,5.75
125560,0.16,3.77
125583,-0.47,-12.63
125605,0.20,5.62
125627,0.15,3.51
125649,-0.48,-12.90
125672,0.19,5.49
125698,-0.32,-9.19
125719,-0.09,-1.92
125742,0.41,10.91
125764,-0.33,-9.59
125787,-0.08,-1.26
125808,0.40,10.65
125831,-0.34,-9.72
125853,-0.05,-0.60
125876,0.40,10.78
125897,-0.37,-10.38
125920,-0.03,-0.07
125942,0.39,10.38
125965,-0.39,-11.04
125987,0.01,0.73
126009,0.38,10.12
126031,-0.38,-10.78
126054,0.03,1.39
126075,0.37,9.59
126098,-0.39,-10.78
126120,0.02,1.39
126142,0.39,10.12
126164,-0.40,-11.04
126187,0.04,1.65
126210,0.38,9.85
126231,-0.41,-11.31
126254,0.04,1.79
126276,0.35,9.19
126302,-0.31,-7.87
126324,0.39,10.91
126346,-0.18,-5.36
126368,-0.30,-7.47
126391,0.41,11.18
126413,-0.20,-5.75
126435,-0.28,-7.08
126457,0.41,11.31
126480,-0.21,-5.89
126501,-0.28,-6.94
126524,0.41,11.31
126546,-0.22,-6.28
126569,-0.26,-6.55
126607,0.38,10.52
126630,-0.24,-6.68
126652,-0.24,-5.89
126674,0.43,11.71
126697,-0.23,-6.55
126718,-0.22,-5.49
126741,0.42,11.44
126764,-0.24,-6.81
126786,-0.20,-4.96
126808,0.42,11.44
126830,-0.25,-7.21
126853,-0.18,-4.30
126875,0.41,11.04
126901,-0.46,-12.24
126923,0.32,8.93
126945,0.00,-0.60
126967,-0.46,-12.10
126990,0.31,8.66
127011,-0.01,-0.99
127034,-0.45,-11.97
127056,0.32,9.06
127078,-0.00,-0.60
127100,-0.44,-11.71
127123,0.33,9.33
127145,-0.02,-1.26
127167,-0.44,-11.71
127190,0.33,9.46
127212,-0.04,-1.65
127235,-0.43,-11.57
127256,0.34,9.59
127279,-0.05,-2.05
127301,-0.44,-11.44
127324,0.34,9.46
127345,-0.08,-2.84
127368,-0.43,-11.18
127390,0.35,9.85
127412,-0.08,-2.84
127434,-0.41,-10.78
127457,0.37,10.25
127482,-0.46,-12.63
127505,0.16,4.70
127527,0.22,5.49
127549,-0.46,-12.63
127571,0.16,4.70
127594,0.23,5.62
127616,-0.46,-12.63
127638,0.16,4.70
127661,0.21,4.96
127682,-0.46,-12.63
127705,0.17,4.70
127727,0.21,5.09
127750,-0.47,-12.76
127771,0.17,4.70
127794,0.21,5.09
127816,-0.47,-12.90
127839,0.17,4.83
127860,0.21,5.09
127883,-0.48,-12.90
127905,0.17,4.96
127927,0.19,4.70
127949,-0.47,-12.76
127972,0.18,5.22
127993,0.20,4.96
128016,-0.46,-12.37
128038,0.18,4.96
128061,0.20,4.83
128087,-0.16,-3.64
128108,0.41,11.04
128131,-0.28,-8.13
128153,-0.15,-3.37
128176,0.42,11.31
128197,-0.30,-8.66
128220,-0.12,-2.71
128242,0.42,11.18
128264,-0.32,-9.06
128286,-0.10,-2.05
128309,0.41,10.91
128331,-0.32,-9.19
128353,-0.08,-1.52
128375,0.40,10.65
128398,-0.34,-9.72
128420,-0.06,-0.99
128442,0.41,10.78
128464,-0.34,-9.85
128503,-0.12,-2.58
128526,0.36,9.46
128548,-0.40,-11.04
128571,0.02,1.26
128592,0.37,9.72
128615,-0.39,-10.91
128637,0.02,1.26
128659,0.39,10.12
128696,-0.04,-1.65
128717,-0.42,-11.18
128740,0.35,9.72
128762,-0.07,-2.45
128785,-0.41,-10.65
128806,0.37,10.25
128829,-0.12,-3.77
128851,-0.38,-9.59
128874,0.37,10.25
128896,-0.15,-4.70
128918,-0.35,-8.93
128941,0.39,10.91
128963,-0.17,-4.96
128985,-0.33,-8.13
129007,0.40,11.18
129030,-0.19,-5.49
129052,-0.30,-7.47
129075,0.40,11.18
129096,-0.20,-5.75
129119,-0.27,-6.81
129141,0.41,11.31
129164,-0.22,-6.02
129185,-0.25,-6.28
129208,0.43,11.84
129230,-0.22,-6.28
129253,-0.22,-5.22
129278,0.04,0.46
129300,-0.46,-12.37
129323,0.28,8.00
129345,0.03,0.07
129367,-0.47,-12.50
129389,0.28,7.87
129412,0.05,0.60
129434,-0.47,-12.63
129456,0.28,8.13
129478,0.05,0.60
129501,-0.46,-12.37
129523,0.28,8.13
129545,0.04,0.33
129567,-0.46,-12.24
129590,0.30,8.53
129611,0.04,0.33
129634,-0.47,-12.50
129656,0.29,8.27
129678,0.01,-0.60
129700,-0.46,-12.37
129723,0.29,8.27
129745,0.01,-0.33
129767,-0.46,-12.37
129789,0.32,8.93
129812,0.01,-0.33
129833,-0.46,-12.24
129856,0.33,9.19
129882,-0.43,-11.84
129904,0.09,2.98
129927,0.32,8.00
129948,-0.41,-11.44
129971,0.11,3.51
129993,0.32,8.00
130016,-0.42,-11.71
130038,0.11,3.37
130060,0.30,7.61
130082,-0.44,-12.10
130105,0.11,3.64
130126,0.30,7.61
130149,-0.43,-11.71
130171,0.12,3.77
130194,0.28,7.08
130215,-0.43,-11.97
130238,0.13,4.03
130260,0.28,6.94
130282,-0.45,-12.37
130305,0.13,4.03
130327,0.27,6.81
130350,-0.45,-12.37
130377,0.20,4.83
130427,0.12,2.58
130450,-0.49,-13.29
130472,0.18,5.22
130494,0.15,3.64
130520,-0.11,-2.31
130542,0.42,11.18
130565,-0.33,-9.19
130587,-0.08,-1.52
130609,0.40,10.78
130631,-0.34,-9.85
130654,-0.06,-0.99
130676,0.40,10.65
130698,-0.37,-10.25
130720,-0.04,-0.20
130743,0.39,10.38
130765,-0.38,-10.52
130788,0.02,0.99
130809,0.38,10.12
130832,-0.40,-11.04
130854,0.03,1.52
130876,0.38,9.72
130898,-0.40,-11.04
130921,0.03,1.52
130944,0.36,9.33
130965,-0.41,-11.31
130988,0.04,1.92
131010,0.36,9.46
131032,-0.39,-11.04
131054,0.06,2.31
131077,0.36,9.33
131102,-0.32,-8.13
131125,0.39,10.91
131146,-0.20,-5.75
131169,-0.30,-7.47
131191,0.41,11.18
131214,-0.21,-5.75
131235,-0.28,-6.94
131258,0.41,11.44
131280,-0.21,-6.02
131303,-0.25,-6.28
131324,0.42,11.44
131347,-0.23,-6.28
131369,-0.23,-5.75
131392,0.43,11.57
131414,-0.23,-6.55
131436,-0.22,-5.36
131459,0.43,11.57
131481,-0.22,-6.42
131503,-0.19,-4.70
131525,0.42,11.31
131548,-0.26,-7.47
131570,-0.16,-3.77
131592,0.43,11.44
131614,-0.28,-8.13
131637,-0.14,-3.11
131659,0.42,11.04
131685,-0.44,-11.71
131707,0.34,9.46
131729,-0.06,-2.18
131751,-0.43,-11.04
131774,0.35,9.85
131796,-0.10,-3.11
131818,-0.41,-10.65
131841,0.36,10.12
131863,-0.11,-3.77
131886,-0.38,-9.72
131908,0.38,10.52
131930,-0.15,-4.83
131952,-0.35,-8.93
131975,0.38,10.52
131997,-0.17,-5.22
132019,-0.31,-7.74
132041,0.40,11.04
132064,-0.20,-5.75
132086,-0.30,-7.61
132108,0.41,11.31
132130,-0.20,-5.75
132153,-0.27,-6.81
132175,0.41,11.31
132197,-0.23,-6.28
132219,-0.25,-6.28
132242,0.42,11.57
132268,-0.47,-12.63
132306,0.21,6.15
132329,-0.02,-1.12
132352,-0.44,-11.71
132374,0.33,9.33
132396,-0.03,-1.52
132418,-0.45,-11.97
132441,0.33,9.19
132463,-0.05,-1.92
132485,-0.43,-11.31
132507,0.34,9.59
132530,-0.07,-2.45
132552,-0.42,-11.18
132575,0.35,9.85
132596,-0.11,-3.37
132619,-0.42,-10.78
132641,0.37,10.12
132664,-0.12,-3.90
132685,-0.38,-9.46
132708,0.37,10.52
132730,-0.14,-4.30
132753,-0.35,-8.80
132774,0.38,10.52
132797,-0.17,-5.09
132819,-0.33,-8.40
132842,0.39,10.91
132962,0.09,1.52
133040,0.16,4.70
133062,0.13,3.24
133084,-0.48,-13.16
133106,0.19,5.62
133129,0.14,3.37
133151,-0.48,-13.16
133174,0.20,5.89
133195,0.07,0.86
133218,-0.48,-12.90
133240,0.20,5.89
133262,0.12,2.58
133284,-0.48,-12.90
133307,0.22,6.42
133329,0.13,2.84
133351,-0.48,-12.76
133373,0.22,6.55
133396,0.11,2.18
133417,-0.47,-12.63
133440,0.23,6.68
133463,0.09,1.65
133485,-0.47,-12.76
133508,0.24,6.94
133529,0.09,1.79
133552,-0.47,-12.50
133574,0.25,7.34
133596,0.08,1.52
133632,-0.26,-7.47
133654,-0.16,-3.64
133677,0.43,11.57
133699,-0.28,-8.27
133722,-0.12,-2.71
133743,0.41,10.91
133766,-0.32,-9.19
133788,-0.09,-1.65
133811,0.40,10.78
133832,-0.35,-10.12
133855,-0.04,-0.46
133877,0.40,10.65
133900,-0.37,-10.38
133922,-0.00,0.60
133944,0.38,10.12
133966,-0.40,-11.04
133989,0.04,1.79
134011,0.37,9.46
134033,-0.41,-11.18
134055,0.04,1.92
134078,0.36,9.46
134100,-0.40,-11.31
134123,0.06,2.31
134145,0.35,8.93
134167,-0.41,-11.44
134190,0.08,2.71
134211,0.33,8.27
134238,-0.28,-7.08
134259,0.41,11.44
134282,-0.22,-6.02
134304,-0.27,-6.68
134327,0.42,11.31
134366,-0.22,-6.15
134388,-0.13,-2.98
134411,0.41,11.04
134433,-0.31,-9.06
134455,-0.11,-2.31
134477,0.41,11.04
134500,-0.32,-9.19
134522,-0.09,-1.92
134544,0.40,10.78
134566,-0.33,-9.59
134589,-0.07,-1.12
134611,0.40,10.65
134633,-0.36,-10.12
134656,-0.04,-0.46
134678,0.39,10.52
134701,-0.38,-10.65
134723,0.00,0.60
134745,0.39,10.25
134767,-0.38,-10.78
134790,0.02,1.26
134812,0.37,9.59
134838,-0.33,-8.53
134859,0.38,10.65
134882,-0.18,-5.36
134904,-0.32,-7.87
134927,0.40,11.31
134948,-0.19,-5.62
134971,-0.30,-7.61
134993,0.41,11.18
135016,-0.21,-5.89
135037,-0.28,-7.08
135060,0.42,11.44
135083,-0.22,-6.15
135105,-0.25,-6.28
135128,0.42,11.57
135149,-0.23,-6.42
135172,-0.22,-5.62
135194,0.42,11.31
135217,-0.23,-6.55
135238,-0.20,-4.96
135261,0.43,11.71
135283,-0.25,-7.21
135306,-0.20,-4.70
135327,0.42,11.44
135350,-0.26,-7.47
135372,-0.16,-3.64
135395,0.42,11.31
135420,-0.45,-11.84
135443,0.33,9.19
135464,-0.03,-1.39
135487,-0.45,-11.97
135510,0.34,9.59
135532,-0.07,-2.45
135554,-0.43,-11.18
135576,0.36,9.85
135599,-0.08,-2.58
135621,-0.41,-10.52
135644,0.37,10.25
135665,-0.13,-4.30
135688,-0.37,-9.46
135710,0.38,10.52
135733,-0.15,-4.70
135755,-0.35,-8.66
135777,0.38,10.65
135799,-0.17,-5.22
135822,-0.32,-8.00
135844,0.40,11.18
135866,-0.20,-5.75
135888,-0.30,-7.61
135911,0.41,11.31
135933,-0.20,-5.75
135955,-0.27,-6.81
135977,0.41,11.31
136003,-0.47,-12.63
136026,0.23,6.68
136048,0.10,1.92
136070,-0.48,-12.90
136092,0.25,7.21
136115,0.10,1.92
136137,-0.47,-12.63
136160,0.24,7.08
136181,0.08,1.52
136204,-0.47,-12.50
136226,0.24,7.08
136264,0.18,4.56
136287,-0.48,-12.76
136309,0.26,7.47
136332,0.06,0.86
136354,-0.47,-12.63
136376,0.27,7.74
136398,0.06,0.99
136421,-0.46,-12.24
136443,0.29,8.27
136466,-0.01,-0.99
136487,-0.46,-12.24
136510,0.33,9.46
136532,-0.05,-2.05
136555,-0.44,-11.57
136578,0.35,9.85
136600,-0.12,-3.90
136626,0.17,4.83
136648,0.18,4.43
136670,-0.47,-12.90
136693,0.21,6.02
136715,0.11,2.58
136737,-0.47,-12.50
136760,0.26,7.61
136782,0.05,0.73
136805,-0.47,-12.37
136827,0.32,8.93
136849,-0.03,-1.39
136871,-0.44,-11.57
136894,0.36,9.99
136916,-0.11,-3.64
136939,-0.38,-9.72
136962,0.38,10.52
136984,-0.18,-5.36
137007,-0.28,-7.21
137028,0.41,11.31
137051,-0.22,-6.28
137073,-0.21,-5.09
137096,0.42,11.44
137118,-0.26,-7.61
137141,-0.13,-2.84
137163,0.41,10.91
137186,-0.35,-10.25
137211,0.39,10.78
137234,-0.17,-5.09
137256,-0.30,-7.47
137279,0.41,11.31
137302,-0.22,-6.28
137324,-0.21,-5.22
137347,0.42,11.31
137368,-0.27,-7.74
137391,-0.13,-2.84
137413,0.41,11.04
137436,-0.34,-9.72
137458,-0.04,-0.46
137481,0.39,10.25
137503,-0.40,-11.04
137526,0.07,2.58
137547,0.33,8.27
137570,-0.44,-12.10
137592,0.13,3.90
137615,0.26,6.42
137637,-0.45,-12.50
137660,0.17,4.83
137682,0.18,4.30
137704,-0.47,-12.76
137726,0.20,5.89
137749,0.11,2.45
137772,-0.49,-13.03
137797,0.39,10.12
137820,-0.40,-10.91
137842,0.06,2.18
137865,0.33,8.40
137887,-0.43,-11.71
137910,0.13,3.90
137931,0.26,6.42
137954,-0.47,-12.76
137976,0.17,4.70
137999,0.19,4.56
138021,-0.47,-12.63
138044,0.18,4.96
138065,0.18,4.30
138088,-0.48,-13.03
138110,0.19,5.62
138133,0.16,3.77
138172,-0.48,-13.03
138194,0.23,6.81
138216,0.08,1.52
138238,-0.48,-12.63
138261,0.25,7.21
138284,0.08,1.52
138305,-0.47,-12.63
138328,0.25,7.21
138350,0.07,1.12
138373,-0.47,-12.63
138394,0.25,7.34
138430,0.42,11.04
138452,-0.27,-8.13
138475,-0.13,-2.98
138498,0.41,11.04
138520,-0.32,-9.19
138542,-0.09,-1.79
138564,0.41,10.91
138587,-0.34,-9.72
138609,-0.05,-0.86
138631,0.39,10.38
138653,-0.37,-10.52
138676,-0.01,0.46
138698,0.38,10.12
138721,-0.40,-11.18
138743,0.03,1.65
138765,0.36,9.46
138787,-0.40,-11.18
138810,0.06,2.18
138831,0.35,9.06
138854,-0.40,-11.18
138876,0.07,2.58
138899,0.33,8.53
138920,-0.41,-11.31
138943,0.10,3.24
138966,0.33,8.27
138988,-0.43,-11.84
139011,0.11,3.37
139036,-0.23,-6.28
139058,-0.24,-6.02
139080,0.42,11.31
139103,-0.22,-6.15
139125,-0.21,-4.96
139147,0.42,11.44
139169,-0.25,-7.21
139192,-0.18,-4.30
139214,0.42,11.31
139237,-0.28,-7.87
139258,-0.15,-3.37
139281,0.42,11.31
139303,-0.30,-8.66
139326,-0.11,-2.31
139347,0.41,10.91
139370,-0.32,-9.33
139393,-0.08,-1.39
139415,0.40,10.65
139438,-0.36,-10.25
139460,-0.02,0.07
139482,0.39,10.38
139504,-0.38,-10.65
139527,0.02,1.12
139549,0.37,9.85
139571,-0.39,-10.91
139593,0.04,1.65
139619,-0.18,-5.22
139641,-0.32,-8.00
139664,0.41,11.18
139685,-0.21,-5.89
139708,-0.28,-6.94
139730,0.42,11.44
139753,-0.22,-6.15
139776,-0.24,-6.02
139797,0.43,11.44
139820,-0.24,-6.68
139842,-0.21,-5.22
139865,0.42,11.44
139887,-0.25,-7.21
139909,-0.18,-4.17
139931,0.42,11.31
139954,-0.28,-8.00
139976,-0.14,-3.24
139998,0.41,11.04
140020,-0.31,-8.80
140049,0.40,10.65
140082,0.43,11.57
140103,-0.25,-7.21
140126,-0.17,-4.03
140148,0.42,11.18
140171,-0.28,-8.13
140192,-0.13,-2.84
140219,-0.04,-1.65
140240,-0.44,-11.57
140263,0.34,9.59
140285,-0.06,-2.18
140308,-0.42,-11.04
140329,0.36,9.99
140352,-0.09,-3.11
140375,-0.39,-10.12
140397,0.37,10.25
140420,-0.14,-4.56
140441,-0.35,-8.93
140464,0.38,10.65
140486,-0.17,-5.09
140509,-0.33,-8.27
140530,0.40,11.04
140553,-0.20,-5.62
140575,-0.29,-7.34
140598,0.41,11.31
140620,-0.22,-6.02
140642,-0.25,-6.15
140664,0.41,11.31
140687,-0.23,-6.55
140709,-0.22,-5.49
140731,0.43,11.57
140753,-0.25,-7.08
140776,-0.20,-4.83
140802,0.03,0.20
140824,-0.46,-12.24
140847,0.30,8.53
140868,0.01,-0.33
140891,-0.45,-12.10
140913,0.32,8.93
140936,-0.01,-0.99
140957,-0.45,-11.84
140980,0.33,9.33
141002,-0.05,-1.92
141025,-0.43,-11.31
141047,0.35,9.59
141069,-0.08,-2.71
141091,-0.41,-10.65
141114,0.37,10.25
141136,-0.13,-4.17
141158,-0.36,-9.19
141180,0.39,10.78
141203,-0.17,-5.09
141225,-0.34,-8.53
141248,0.40,11.04
141270,-0.20,-5.75
141292,-0.30,-7.61
141315,0.41,11.44
141337,-0.21,-5.89
141359,-0.26,-6.42
141385,0.10,2.05
141407,-0.48,-13.03
141429,0.24,7.08
141452,0.09,1.79
141473,-0.47,-12.63
141496,0.25,7.34
141518,0.07,1.12
141541,-0.46,-12.37
141563,0.28,8.00
141585,0.04,0.20
141607,-0.47,-12.63
141630,0.28,8.13
141651,-0.05,-1.65
141674,-0.46,-12.24
141697,0.31,8.66
141719,-0.00,-0.60
141742,-0.44,-11.84
141763,0.34,9.59
141786,-0.04,-1.65
141808,-0.42,-11.04
141831,0.35,9.72
141852,-0.09,-3.11
141875,-0.41,-10.65
141897,0.36,9.99
141920,-0.12,-3.90
141948,0.42,11.57
141982,0.42,11.31
142002,0.05,0.60
142024,-0.48,-12.76
142047,0.28,8.00
142068,0.04,0.46
142091,-0.45,-12.10
142113,0.30,8.53
142136,0.03,-0.07
142157,-0.45,-11.97
142180,0.30,8.66
142202,-0.00,-0.60
142225,-0.46,-12.37
142247,0.33,9.06
142269,-0.08,-2.45
142291,-0.45,-11.84
142314,0.34,9.72
142337,-0.06,-2.05
142358,-0.42,-10.91
142381,0.37,10.25
142403,-0.13,-4.03
142426,-0.38,-9.85
142447,0.37,10.25
142470,-0.16,-4.83
142492,-0.34,-8.80
142515,0.39,10.91
142537,-0.18,-5.22
142559,-0.30,-7.61
142585,0.14,3.11
142607,-0.48,-12.90
142629,0.22,6.42
142652,0.11,2.18
142674,-0.48,-12.76
142697,0.25,7.08
142718,0.07,1.26
142741,-0.47,-12.50
142764,0.28,8.00
142786,0.04,0.46
142808,-0.46,-12.37
142830,0.31,8.80
142853,0.01,-0.60
142875,-0.45,-11.97
142897,0.33,9.33
142919,-0.03,-1.52
142942,-0.45,-11.84
142964,0.35,9.85
142987,-0.09,-3.11
143008,-0.40,-10.38
143031,0.36,10.25
143053,-0.15,-4.56
143076,-0.33,-8.40
143098,0.39,10.78
143120,-0.20,-5.62
143142,-0.29,-7.34
143179,0.15,4.43
143201,0.24,5.75
143223,-0.46,-12.63
143246,0.15,4.43
143268,0.19,4.56
143290,-0.48,-13.03
143312,0.18,5.09
143335,0.14,2.98
143357,-0.48,-13.03
143380,0.18,5.36
143401,0.14,3.37
143424,-0.47,-12.76
143447,0.23,6.68
143469,0.12,2.58
143491,-0.47,-12.50
143513,0.24,7.08
143536,0.06,0.73
143558,-0.48,-12.90
143580,0.26,7.61
143602,0.04,0.33
143625,-0.46,-12.24
143647,0.30,8.53
143670,0.00,-0.60
143691,-0.46,-11.97
143714,0.34,9.46
143736,-0.04,-1.79
143759,-0.43,-11.44
143784,0.26,6.42
143807,-0.45,-12.50
143828,0.15,4.43
143867,0.28,7.08
143891,-0.48,-13.03
143912,0.19,5.49
143935,0.14,3.37
143958,-0.48,-13.03
143980,0.21,6.02
144002,0.12,2.84
144024,-0.47,-12.76
144047,0.23,6.81
144069,0.10,2.05
144091,-0.48,-12.90
144113,0.25,7.21
144136,-0.00,-0.73
144158,-0.47,-12.50
144181,0.28,8.00
144202,0.03,0.20
144225,-0.46,-12.37
144247,0.32,8.80
144270,-0.01,-0.86
144291,-0.44,-11.71
144314,0.33,9.19
144336,-0.06,-2.31
144359,-0.43,-11.18
144381,0.36,9.85
144401,0.28,6.94
144423,-0.44,-12.10
144446,0.14,4.17
144467,0.25,6.15
144490,-0.47,-12.90
144513,0.16,4.56
144535,0.21,5.22
144557,-0.47,-12.76
144579,0.17,4.96
144602,0.18,4.30
144624,-0.47,-12.90
144647,0.19,5.49
144668,0.15,3.64
144691,-0.48,-12.90
144713,0.20,5.89
144736,0.12,2.71
144757,-0.47,-12.76
144780,0.23,6.68
144802,0.07,1.12
144825,-0.48,-12.76
144846,0.26,7.61
144869,0.05,0.73
144891,-0.46,-12.37
144914,0.29,8.40
144936,0.01,-0.33
144958,-0.45,-12.10
144984,0.32,8.00
145006,-0.43,-11.84
145029,0.12,3.77
145051,0.30,7.34
145073,-0.44,-12.24
145095,0.14,4.03
145118,0.26,6.55
145140,-0.45,-12.37
145163,0.16,4.43
145184,0.22,5.36
145207,-0.47,-12.76
145229,0.17,4.83
145252,0.19,4.83
145273,-0.48,-13.03
145296,0.19,5.36
145318,0.17,4.03
145341,-0.48,-12.90
145363,0.19,5.62
145385,0.13,2.98
145408,-0.48,-13.03
145430,0.23,6.68
145453,0.10,2.05
145474,-0.47,-12.50
145497,0.25,7.47
145519,0.07,1.26
145542,-0.47,-12.50
145563,0.27,7.87
145589,-0.40,-11.18
145611,0.06,2.18
145634,0.34,8.80
145656,-0.42,-11.44
145679,0.09,3.11
145700,0.32,8.00
145723,-0.43,-11.71
145752,0.23,5.49
145783,0.37,9.85
145806,-0.39,-10.78
145828,0.03,1.39
145850,0.36,9.46
145872,-0.41,-11.18
145895,0.06,2.18
145917,0.34,8.80
145939,-0.41,-11.44
145961,0.08,2.84
145984,0.33,8.40
146007,-0.42,-11.71
146029,0.11,3.51
146051,0.30,7.34
146073,-0.44,-12.10
146096,0.13,3.90
146117,0.27,6.68
146140,-0.45,-12.50
146162,0.15,4.43
146185,0.25,6.15
146210,-0.21,-4.96
146233,0.44,11.71
146254,-0.28,-7.87
146277,-0.15,-3.37
146299,0.42,11.31
146322,-0.32,-9.19
146344,-0.10,-1.92
146366,0.42,11.18
146388,-0.37,-10.25
146411,-0.01,0.20
146434,0.39,10.25
146456,-0.39,-11.04
146479,0.04,1.79
146500,0.36,9.19
146523,-0.42,-11.57
146545,0.08,2.71
146568,0.33,8.27
146589,-0.43,-11.97
146612,0.11,3.51
146634,0.30,7.34
146657,-0.44,-12.10
146679,0.14,4.17
146701,0.25,6.28
146723,-0.46,-12.63
146746,0.16,4.70
146768,0.22,5.49
146790,-0.48,-12.90
146816,0.43,11.57
146838,-0.32,-9.06
146861,-0.11,-2.45
146883,0.41,10.91
146906,-0.34,-9.85
146927,-0.05,-0.73
146950,0.40,10.65
146972,-0.38,-10.78
146995,0.01,0.86
147017,0.38,10.12
147039,-0.41,-11.44
147061,0.06,2.31
147084,0.35,9.06
147106,-0.41,-11.31
147129,0.09,2.98
147150,0.32,7.87
147173,-0.44,-11.97
147195,0.11,3.51
147218,0.28,7.08
147239,-0.45,-12.63
147262,0.12,3.51
147284,0.26,6.42
147307,-0.47,-12.76
147329,0.13,3.64
147351,0.22,5.36
147374,-0.47,-12.90
147399,0.42,11.31
147422,-0.30,-8.53
147444,-0.03,-0.33
147467,0.42,11.31
147488,-0.34,-9.85
147511,0.01,0.60
147533,0.41,10.91
147556,-0.38,-10.65
147578,0.02,1.26
147600,0.40,10.52
147622,-0.40,-11.04
147651,0.24,5.89
147685,0.17,4.03
147707,-0.49,-13.29
147730,0.19,5.49
147751,0.15,3.37
147774,-0.48,-12.90
147796,0.20,6.15
147819,0.12,2.71
147841,-0.48,-13.03
147863,0.23,6.68
147886,0.08,1.52
147908,-0.49,-13.03
147930,0.26,7.47
147952,0.04,0.46
147975,-0.49,-13.03
147997,0.29,8.27
148033,0.41,11.04
148056,-0.36,-10.38
148078,-0.05,-0.86
148100,0.38,10.12
148122,-0.40,-11.18
148145,0.03,1.39
148167,0.36,9.33
148190,-0.43,-11.97
148211,0.08,2.71
148234,0.33,8.40
148256,-0.43,-11.97
148279,0.12,3.64
148300,0.30,7.61
148323,-0.44,-12.24
148345,0.15,4.43
148368,0.26,6.42
148390,-0.49,-13.29
148412,0.15,4.43
148434,0.22,5.36
148457,-0.50,-13.56
148480,0.17,4.96
148502,0.19,4.56
148524,-0.48,-13.03
148546,0.20,6.02
148569,0.15,3.51
148591,-0.49,-13.16
148613,0.22,6.55
148639,-0.38,-10.65
148661,-0.01,0.46
148683,0.39,10.12
148706,-0.40,-11.31
148728,0.07,2.45
148751,0.34,8.53
148772,-0.44,-11.97
148795,0.11,3.51
148817,0.31,7.61
148840,-0.45,-12.37
148862,0.14,4.17
148884,0.26,6.55
148907,-0.47,-12.90
148929,0.16,4.56
148952,0.22,5.49
148973,-0.49,-13.16
148996,0.18,5.09
149018,0.19,4.56
149041,-0.49,-13.29
149063,0.19,5.62
149085,0.15,3.51
149107,-0.49,-13.29
149130,0.22,6.55
149152,0.11,2.31
149174,-0.49,-13.03
149196,0.25,7.47
149219,0.06,0.99
149244,0.04,1.39
149267,0.40,10.52
149288,-0.40,-11.31
149311,0.03,1.65
149334,0.37,9.46
149356,-0.42,-11.71
149379,0.08,2.84
149400,0.34,8.53
149423,-0.44,-11.97
149445,0.11,3.64
149468,0.30,7.61
149489,-0.45,-12.37
149512,0.14,4.17
149534,0.27,6.68
149573,-0.46,-12.63
149596,0.19,5.36
149618,0.17,3.90
149641,-0.51,-13.56
149663,0.20,5.89
149685,0.13,2.98
149707,-0.49,-13.16
149730,0.24,6.94
149752,0.10,2.05
149774,-0.50,-13.43
149796,0.26,7.74
149819,0.07,1.12
149841,-0.48,-12.90
149867,0.38,9.85
149890,-0.42,-11.71
149911,0.07,2.31
149934,0.34,8.66
149956,-0.44,-12.10
149979,0.10,3.24
150000,0.31,7.74
150023,-0.45,-12.63
150045,0.13,4.03
150068,0.28,6.94
150089,-0.46,-12.63
150112,0.16,4.70
150134,0.24,6.02
150157,-0.47,-12.76
150179,0.18,5.09
150201,0.21,5.09
150223,-0.49,-13.29
150246,0.19,5.36
150268,0.17,4.17
150290,-0.50,-13.56
150312,0.21,6.02
150335,0.14,3.37
150358,-0.48,-12.90
150380,0.24,6.94
150402,0.10,1.92
150424,-0.49,-13.16
150450,0.39,10.38
150472,-0.41,-11.44
150495,0.06,2.18
150517,0.36,9.33
150539,-0.43,-11.84
150561,0.10,2.98
150584,0.32,8.00
150606,-0.43,-11.97
150629,0.13,3.77
150650,0.28,6.81
150673,-0.47,-12.76
150695,0.15,4.43
150718,0.24,6.02
150739,-0.48,-13.03
150762,0.14,4.03
150785,0.21,5.22
150807,-0.48,-13.29
150830,0.15,4.56
150851,0.18,4.17
150874,-0.48,-13.03
150896,0.21,6.15
150919,0.14,3.11
150940,-0.51,-13.56
150963,0.22,6.68
150985,0.10,1.92
151008,-0.49,-13.16
151030,0.29,8.27
151056,-0.40,-11.18
151078,0.04,1.79
151100,0.37,9.46
151122,-0.43,-11.84
151145,0.07,2.58
151168,0.32,8.00
151189,-0.45,-12.37
151212,0.11,3.51
151234,0.29,7.21
151257,-0.45,-12.50
151279,0.15,4.30
151301,0.25,6.28
151323,-0.47,-12.90
151346,0.17,4.83
151368,0.22,5.36
151390,-0.48,-12.90
151412,0.17,4.96
151435,0.19,4.70
151473,-0.43,-11.84
151495,0.15,4.43
151518,0.23,5.62
151540,-0.48,-13.16
151563,0.17,4.83
151585,0.18,4.30
151607,-0.50,-13.56
151629,0.19,5.62
151652,0.15,3.37
151677,-0.09,-1.52
151700,0.41,11.04
151721,-0.36,-10.25
151744,-0.02,0.20
151767,0.39,10.12
151789,-0.40,-11.04
151812,0.04,1.65
151834,0.36,9.33
151856,-0.43,-11.84
151878,0.07,2.58
151901,0.34,8.53
151923,-0.44,-12.10
151945,0.11,3.24
151967,0.30,7.34
151990,-0.45,-12.37
152012,0.15,4.56
152035,0.26,6.42
152056,-0.47,-13.03
152079,0.14,4.17
152101,0.22,5.49
152124,-0.48,-12.90
152146,0.19,5.36
152168,0.18,4.30
152190,-0.49,-13.29
152213,0.20,5.89
152236,0.15,3.64
152257,-0.50,-13.29
152379,0.12,3.64
152457,-0.52,-14.09
152479,0.13,3.90
152502,0.17,3.90
152524,-0.49,-13.29
152547,0.20,5.89
152568,0.13,2.98
152591,-0.49,-13.03
152613,0.23,6.81
152636,0.09,1.79
152657,-0.50,-13.16
152680,0.27,7.87
152702,0.06,0.99
152725,-0.48,-12.76
152748,0.31,8.80
152769,0.01,-0.46
152792,-0.48,-12.76
152814,0.33,9.33
152837,-0.04,-1.65
152858,-0.44,-11.44
152881,0.37,10.38
152903,-0.12,-3.90
152926,-0.38,-9.85
152948,0.39,10.78
152971,-0.18,-5.49
152993,-0.33,-8.53
153015,0.41,11.44
153043,-0.27,-6.68
153066,0.44,11.84
153088,-0.22,-6.28
153110,-0.21,-5.09
153133,0.43,11.84
153155,-0.26,-7.74
153178,-0.14,-2.84
153200,0.43,11.44
153222,-0.32,-9.33
153244,-0.05,-0.46
153267,0.41,11.04
153289,-0.37,-10.38
153312,0.00,0.73
153334,0.38,9.85
153356,-0.42,-11.71
153378,0.05,1.65
153401,0.36,9.33
153423,-0.44,-12.24
153446,0.10,3.11
153467,0.31,7.87
153490,-0.45,-12.50
153522,-0.23,-6.55
153555,-0.26,-7.47
153577,-0.16,-3.51
153600,0.43,11.57
153622,-0.32,-9.19
153648,0.34,9.59
153670,-0.07,-2.45
153693,-0.42,-11.04
153715,0.38,10.65
153737,-0.14,-4.30
153759,-0.34,-8.80
153782,0.38,10.65
153804,-0.19,-5.62
153827,-0.30,-7.61
153848,0.41,11.31
153871,-0.21,-5.89
153893,-0.24,-6.02
153916,0.44,11.84
153938,-0.24,-6.68
153961,-0.20,-4.70
153982,0.44,11.71
154005,-0.29,-8.53
154028,-0.12,-2.58
154050,0.42,11.31
154073,-0.33,-9.33
154095,0.02,0.86
154117,0.40,10.65
154139,-0.35,-9.85
154162,-0.01,0.20
154184,0.37,9.72
154206,-0.41,-11.31
154232,0.40,11.04
154254,-0.20,-5.62
154276,-0.27,-6.68
154299,0.43,11.71
154321,-0.22,-6.15
154344,-0.23,-5.75
154366,0.43,11.71
154388,-0.24,-6.94
154411,-0.16,-3.77
154433,0.42,11.31
154456,-0.29,-8.53
154478,-0.04,-0.33
154501,0.40,10.78
154522,-0.35,-9.99
154545,-0.05,-0.60
154567,0.38,10.12
154590,-0.39,-10.78
154612,0.03,1.52
154634,0.35,9.19
154656,-0.42,-11.57
154679,0.07,2.45
154701,0.32,8.13
154724,-0.43,-11.97
154746,0.11,3.24
154768,0.28,7.21
154790,-0.44,-12.24
154816,0.42,11.44
154839,-0.25,-7.21
154861,-0.16,-3.77
154884,0.41,11.18
154906,-0.31,-8.93
154928,-0.08,-1.12
154950,0.41,10.91
154973,-0.35,-9.99
154995,-0.00,0.60
155018,0.39,10.38
155039,-0.39,-10.91
155062,0.05,2.05
155084,0.35,9.06
155107,-0.43,-11.84
155129,0.07,2.58
155151,0.31,7.87
155173,-0.43,-11.71
155196,0.12,3.90
155218,0.27,6.81
155241,-0.44,-12.10
155262,0.15,4.43
155285,0.23,5.62
155308,-0.46,-12.63
155330,0.15,4.56
155353,0.19,4.70
155374,-0.48,-13.03
155397,0.18,5.36
155440,-0.29,-8.40
155462,-0.01,0.20
155485,0.36,9.59
155506,-0.40,-11.04
155529,0.08,2.71
155551,0.33,8.40
155574,-0.41,-11.44
155596,0.11,3.24
155618,0.30,7.61
155640,-0.45,-12.24
155663,0.13,3.90
155685,0.20,4.70
155708,-0.49,-13.16
155730,0.19,5.62
155753,0.11,2.71
155776,-0.49,-13.03
155798,0.27,7.74
155821,0.02,-0.20
155842,-0.46,-12.24
155865,0.35,9.72
155887,-0.11,-3.77
155910,-0.37,-9.46
155932,0.39,10.91
155955,-0.21,-5.89
155977,-0.25,-6.28
156000,0.42,11.18
156022,-0.25,-7.21
156048,0.33,9.19
156070,-0.07,-2.45
156093,-0.41,-10.65
156115,0.37,10.38
156138,-0.20,-5.75
156161,-0.28,-6.94
156183,0.41,11.31
156206,-0.24,-6.68
156228,-0.13,-2.71
156251,0.43,11.44
156273,-0.33,-9.59
156296,-0.04,-0.46
156318,0.36,9.59
156341,-0.42,-11.71
156363,0.08,2.84
156385,0.27,6.81
156407,-0.46,-12.76
156430,0.14,4.17
156452,0.19,4.70
156475,-0.47,-12.76
156497,0.20,6.02
156520,0.09,1.65
156542,-0.46,-12.50
156565,0.27,7.74
156588,-0.00,-0.73
156609,-0.44,-11.57
156636,0.25,6.28
156658,-0.47,-12.76
156681,0.18,5.09
156703,0.15,3.51
156726,-0.48,-13.03
156748,0.25,7.34
156770,0.04,0.46
156792,-0.48,-12.76
156815,0.33,9.33
156837,-0.07,-2.58
156860,-0.41,-10.52
156882,0.39,10.91
156905,-0.18,-5.22
156928,-0.28,-6.81
156950,0.43,11.57
156973,-0.22,-6.15
156995,-0.18,-4.30
157018,0.42,11.18
157040,-0.33,-9.59
157063,-0.04,-0.46
157085,0.39,10.12
157108,-0.41,-11.31
157130,0.11,3.51
157153,0.28,6.94
157174,-0.45,-12.37
157197,0.15,4.43
157222,-0.26,-7.61
157245,-0.13,-2.98
157267,0.41,11.18
157290,-0.33,-9.59
157313,-0.09,-1.79
157350,0.40,11.04
157373,-0.26,-7.47
157395,-0.16,-3.77
157418,0.42,11.18
157440,-0.29,-8.53
157462,-0.11,-2.18
157485,0.41,11.04
157507,-0.35,-9.85
157530,-0.06,-0.86
157551,0.38,10.25
157574,-0.38,-10.65
157596,0.06,1.92
157619,0.37,9.72
157641,-0.39,-10.91
157664,0.07,2.45
157685,0.35,9.06
157708,-0.43,-11.84
157730,0.09,2.98
157753,0.31,7.74
157774,-0.44,-11.97
157797,0.11,3.51
157819,0.27,6.68
157855,-0.17,-5.09
157878,-0.32,-8.00
157900,0.40,11.18
157923,-0.21,-6.02
157944,-0.27,-6.68
157967,0.42,11.31
157989,-0.23,-6.42
158012,-0.20,-4.83
158034,0.43,11.57
158057,-0.27,-7.74
158080,-0.05,-0.60
158101,0.42,11.18
158124,-0.32,-9.19
158146,-0.06,-0.99
158169,0.39,10.52
158191,-0.40,-11.18
158214,0.02,1.12
158235,0.36,9.33
158258,-0.43,-11.71
158280,0.08,2.84
158303,0.33,8.27
158325,-0.41,-11.44
158348,0.13,4.03
158369,0.27,6.81
158392,-0.44,-11.97
158414,0.14,4.03
158440,-0.25,-7.21
158462,-0.10,-1.92
158485,0.42,11.44
158508,-0.30,-8.66
158529,-0.10,-1.92
158552,0.40,10.78
158574,-0.36,-10.38
158597,-0.03,0.07
158619,0.37,9.99
158642,-0.39,-11.04
158664,0.07,2.18
158686,0.36,9.19
158708,-0.41,-11.31
158731,0.08,2.84
158753,0.32,8.00
158775,-0.44,-12.10
158797,0.10,3.11
158820,0.27,6.81
158842,-0.44,-12.10
158865,0.15,4.30
158886,0.23,5.62
158909,-0.46,-12.63
158931,0.17,4.96
158954,0.19,4.83
158977,-0.47,-12.76
158999,0.18,5.09
159021,0.14,3.37
159046,-0.06,-0.73
159069,0.41,10.91
159091,-0.36,-10.12
159114,0.00,0.73
159136,0.38,9.99
159159,-0.39,-10.91
159180,0.06,2.18
159203,0.34,8.80
159232,0.19,5.36
159265,0.18,5.36
159288,0.14,3.24
159310,-0.48,-13.03
159333,0.22,6.42
159354,0.10,1.92
159377,-0.47,-12.50
159399,0.26,7.34
159422,0.06,0.86
159443,-0.46,-12.24
159466,0.29,8.40
159489,0.01,-0.33
159511,-0.46,-12.24
159534,0.32,8.93
159555,-0.02,-1.26
159578,-0.43,-11.44
159600,0.36,10.12
159623,-0.11,-3.51
159645,-0.38,-9.46
159666,0.15,4.43
159687,0.22,5.49
159710,-0.46,-12.63
159732,0.17,4.70
159755,0.19,4.70
159776,-0.48,-12.90
159799,0.19,5.36
159821,0.16,3.64
159844,-0.48,-12.90
159866,0.21,6.02
159888,0.11,2.31
159910,-0.47,-12.50
159933,0.23,6.81
159955,0.06,0.99
159978,-0.46,-12.37
160001,0.30,8.53
160022,0.02,-0.07
160045,-0.46,-12.24
160067,0.33,9.46
160090,-0.02,-1.26
160112,-0.43,-11.31
160135,0.37,10.25
160156,-0.11,-3.64
160179,-0.39,-9.85
160201,0.36,10.25
160224,-0.17,-5.22
160249,0.19,5.22
160272,0.18,4.17
160294,-0.48,-12.76
160317,0.19,5.49
160338,0.13,2.98
160361,-0.47,-12.76
160384,0.23,6.68
160406,0.08,1.39
160428,-0.47,-12.63
160450,0.27,7.61
160473,0.02,-0.07
160495,-0.46,-12.37
160518,0.32,8.80
160540,-0.03,-1.26
160562,-0.45,-11.84
160584,0.35,9.85
160607,-0.09,-3.24
160629,-0.41,-10.65
160652,0.38,10.38
160674,-0.16,-4.96
160697,-0.32,-8.13
160718,0.42,11.71
160741,-0.21,-5.75
160763,-0.27,-6.81
160786,0.41,11.31
160808,-0.23,-6.42
160831,-0.17,-3.64
160850,0.25,7.47
160873,0.05,0.60
160896,-0.46,-12.24
160918,0.31,8.80
160940,0.00,-0.60
160962,-0.45,-11.97
160985,0.32,9.19
161007,-0.05,-1.92
161030,-0.44,-11.57
161052,0.35,9.72
161074,-0.11,-3.77
161096,-0.38,-9.72
161119,0.38,10.38
161147,-0.29,-7.08
161180,-0.26,-6.42
161203,0.43,11.57
161225,-0.22,-6.28
161248,-0.22,-5.49
161270,0.43,11.57
161293,-0.24,-6.81
161314,-0.16,-3.64
161337,0.41,10.91
161359,-0.30,-8.80
161382,-0.04,-0.46
161404,0.41,10.91
161427,-0.34,-9.72
161453,0.38,10.52
161475,-0.13,-4.17
161498,-0.35,-9.06
161519,0.39,10.78
161542,-0.19,-5.36
161564,-0.29,-7.21
161587,0.41,11.31
161609,-0.21,-5.89
161632,-0.24,-6.02
161653,0.43,11.71
161676,-0.23,-6.42
161698,-0.16,-3.51
161721,0.43,11.57
161743,-0.27,-7.87
161766,-0.12,-2.71
161787,0.40,10.91
161810,-0.33,-9.72
161832,-0.06,-0.99
161855,0.39,10.25
161878,-0.38,-10.65
161900,0.05,1.65
161923,0.36,9.46
161944,-0.40,-11.18
161967,0.07,2.31
161989,0.33,8.40
162012,-0.44,-11.97
162037,0.43,11.57
162060,-0.22,-6.02
162082,-0.20,-4.83
162105,0.43,11.57
162126,-0.26,-7.74
162149,-0.13,-2.84
162171,0.41,11.04
162194,-0.34,-9.72
162216,-0.07,-1.26
162239,0.39,10.52
162262,-0.37,-10.52
162284,0.06,2.18
162306,0.36,9.33
162328,-0.40,-11.04
162351,0.09,2.58
162373,0.32,8.13
162396,-0.42,-11.71
162418,0.12,3.77
162440,0.26,6.55
162462,-0.45,-12.50
162485,0.15,4.03
162507,0.23,5.62
162530,-0.46,-12.37
162552,0.18,5.22
162574,0.18,4.43
162596,-0.48,-13.16
162632,-0.18,-3.90
162655,0.43,11.57
162677,-0.25,-7.34
162700,-0.14,-3.37
162722,0.40,10.65
162745,-0.33,-9.46
162767,-0.08,-1.39
162789,0.39,10.52
162811,-0.37,-10.38
162834,0.01,0.99
162856,0.39,10.25
162879,-0.39,-11.04
162902,0.07,2.45
162924,0.32,8.13
162946,-0.43,-11.84
162968,0.11,3.51
162991,0.28,6.94
163013,-0.47,-12.76
163036,0.14,3.90
163073,0.41,11.04
163095,-0.33,-9.59
163118,-0.02,0.07
163140,0.40,10.91
163162,-0.35,-10.12
163184,0.05,1.52
163207,0.38,9.99
163229,-0.39,-10.78
163255,0.40,11.04
163277,-0.21,-5.89
163300,-0.29,-7.21
163322,0.42,11.44
163345,-0.22,-6.02
163366,-0.22,-5.36
163389,0.43,11.44
163411,-0.24,-6.94
163434,-0.16,-3.90
163457,0.42,11.18
163479,-0.31,-8.93
163502,-0.07,-1.26
163523,0.40,10.91
163546,-0.34,-9.72
163568,0.02,1.12
163591,0.40,10.65
163613,-0.37,-10.52
163636,0.06,2.05
163657,0.36,9.33
163680,-0.42,-11.71
163702,0.08,2.84
163725,0.32,8.00
163747,-0.45,-12.37
163770,0.12,3.51
163791,0.27,6.68
163814,-0.44,-12.10
163840,0.44,11.71
163862,-0.26,-7.47
163885,-0.16,-3.64
163907,0.41,10.91
163930,-0.32,-9.06
163952,-0.08,-1.39
163974,0.38,10.25
163996,-0.38,-10.65
164019,0.01,0.86
164041,0.38,9.99
164064,-0.40,-10.91
164086,0.08,2.58
164108,0.35,8.93
164130,-0.41,-11.44
164153,0.11,3.37
164175,0.29,7.21
164198,-0.45,-12.37
164220,0.13,3.90
164242,0.24,5.89
164264,-0.46,-12.63
164287,0.16,4.43
164310,0.20,5.09
164332,-0.46,-12.50
164355,0.18,5.22
164376,0.15,3.64
164399,-0.49,-13.16
164421,0.20,5.89
164447,-0.36,-10.12
164469,0.00,0.73
164492,0.39,10.38
164514,-0.38,-10.65
164537,0.04,1.79
164558,0.35,8.93
164581,-0.42,-11.71
164603,0.09,2.98
164626,0.31,7.74
164648,-0.44,-12.10
164670,0.11,3.51
164692,0.27,6.68
164715,-0.44,-12.10
164738,0.16,4.70
164760,0.21,5.22
164782,-0.47,-12.90
164804,0.17,4.70
164827,0.16,3.90
164849,-0.47,-12.76
164872,0.18,5.49
164894,0.14,3.11
164916,-0.47,-12.50
164938,0.23,6.81
164979,-0.14,-4.30
165002,-0.28,-6.94
165024,0.41,11.18
165047,-0.22,-6.15
165072,0.27,7.87
165095,0.05,0.60
165116,-0.44,-11.71
165139,0.30,8.53
165161,-0.01,-0.99
165184,-0.46,-12.37
165207,0.33,9.06
165228,-0.07,-2.58
165251,-0.42,-11.04
165273,0.37,10.38
165296,-0.13,-4.17
165318,-0.35,-8.80
165341,0.40,10.91
165363,-0.19,-5.49
165386,-0.28,-7.08
165407,0.41,11.18
165430,-0.22,-6.02
165452,-0.23,-5.62
165475,0.42,11.44
165497,-0.25,-7.08
165520,-0.17,-4.03
165541,0.42,11.18
165564,-0.29,-8.40
165586,-0.08,-1.39
165609,0.42,11.18
165632,-0.34,-9.85
165657,0.38,10.52
165680,-0.16,-4.96
165702,-0.34,-8.80
165725,0.38,10.52
165746,-0.21,-5.89
165769,-0.26,-6.42
165791,0.42,11.44
165814,-0.21,-5.89
165836,-0.20,-4.83
165859,0.42,11.44
165881,-0.26,-7.61
165904,-0.13,-3.11
165925,0.41,10.91
165948,-0.33,-9.46
165970,-0.06,-0.86
165993,0.39,10.38
166016,-0.37,-10.38
166038,0.02,1.26
166060,0.37,9.46
166082,-0.40,-11.18
166105,0.09,2.84
166127,0.33,8.40
166150,-0.42,-11.44
166172,0.12,3.77
166194,0.27,6.68
166216,-0.44,-11.97
166242,0.42,11.31
166264,-0.27,-7.74
166287,-0.15,-3.24
166309,0.41,11.04
166332,-0.32,-9.06
166354,-0.07,-1.26
166377,0.40,10.65
166398,-0.36,-10.25
166421,0.02,0.99
166444,0.37,9.85
166466,-0.40,-11.18
166489,0.06,2.18
166511,0.33,8.53
166533,-0.44,-11.97
166555,0.10,3.24
166578,0.28,6.94
166600,-0.45,-12.37
166623,0.14,4.30
166644,0.23,5.75
166667,-0.46,-12.50
166689,0.15,4.17
166712,0.20,4.83
166734,-0.47,-12.76
166757,0.18,5.09
166778,0.16,3.64
166801,-0.47,-12.76
166823,0.21,6.02
166855,0.05,2.05
166888,0.01,0.86
166910,0.35,9.06
166933,-0.41,-11.31
166956,0.08,2.84
166978,0.33,8.53
167000,-0.41,-11.31
167022,0.12,3.77
167045,0.28,6.81
167067,-0.45,-12.50
167090,0.15,4.30
167111,0.23,5.62
167134,-0.46,-12.50
167156,0.16,4.43
167179,0.19,4.83
167201,-0.48,-12.63
167224,0.20,5.62
167245,0.13,2.84
167268,-0.47,-12.76
167290,0.22,6.55
167313,0.08,1.39
167335,-0.47,-12.50
167357,0.27,8.00
167379,0.03,0.33
167402,-0.45,-12.10
167425,0.33,9.33
167447,-0.02,-1.12
167483,-0.36,-10.12
167505,0.05,1.79
167528,0.37,9.72
167549,-0.40,-11.04
167572,0.07,2.58
167595,0.31,7.87
167617,-0.45,-12.37
167640,0.12,3.77
167662,0.26,6.55
167684,-0.45,-12.37
167706,0.18,4.96
167729,0.20,5.09
167751,-0.46,-12.63
167774,0.18,5.09
167796,0.14,3.37
167818,-0.49,-13.16
167840,0.22,6.42
167863,0.09,1.65
167885,-0.46,-12.37
167908,0.29,8.27
167930,0.02,-0.33
167953,-0.45,-12.10
167974,0.33,9.46
167997,-0.07,-2.45
168019,-0.41,-10.52
168042,0.38,10.65
168065,-0.16,-4.70
168085,-0.46,-12.63
168108,0.19,5.49
168129,0.16,3.77
168152,-0.49,-13.16
168174,0.21,6.15
168197,0.09,1.79
168219,-0.48,-12.76
168242,0.26,7.61
168263,0.04,0.33
168286,-0.44,-11.84
168308,0.33,9.06
168331,-0.05,-1.92
168353,-0.44,-11.44
168376,0.37,10.25
168397,-0.14,-4.30
168420,-0.33,-8.40
168442,0.40,11.18
168465,-0.20,-5.62
168487,-0.25,-6.15
168510,0.42,11.57
168532,-0.22,-6.28
168555,-0.20,-4.70
168577,0.43,11.31
168599,-0.28,-8.13
168622,-0.11,-2.18
168644,0.41,10.91
168670,-0.40,-10.25
168692,0.38,10.52
168715,-0.18,-5.22
168737,-0.30,-7.47
168766,-0.23,-6.42
168798,-0.17,-5.09
168820,-0.32,-8.13
168843,0.40,10.91
168865,-0.21,-6.02
168888,-0.24,-5.89
168910,0.43,11.57
168933,-0.24,-6.94
168954,-0.18,-4.30
168977,0.42,11.31
168999,-0.30,-8.66
169022,-0.08,-1.26
169044,0.41,10.91
169067,-0.35,-10.12
169090,0.01,0.99
169111,0.37,9.85
169134,-0.39,-10.91
169156,0.09,2.71
169179,0.34,8.53
169201,-0.42,-11.57
169224,0.13,3.90
169245,0.27,6.68
169272,-0.22,-5.36
169293,0.42,11.31
169316,-0.26,-7.61
169338,-0.13,-3.11
169361,0.40,10.65
169383,-0.34,-9.72
169406,-0.04,-0.46
169428,0.39,10.38
169451,-0.39,-10.78
169474,0.09,2.71
169495,0.35,8.80
169518,-0.41,-11.31
169540,0.12,3.77
169563,0.27,6.68
169585,-0.46,-12.63
169608,0.14,4.03
169629,0.21,5.09
169652,-0.49,-13.29
169674,0.18,5.22
169697,0.16,3.64
169719,-0.46,-12.37
169742,0.22,6.55
169763,0.10,1.92
169786,-0.46,-12.24
169808,0.27,7.74
169831,0.01,-0.46
169853,-0.46,-12.50
169879,0.31,7.61
169902,-0.42,-11.84
169924,0.15,4.56
169946,0.24,6.02
169968,-0.46,-12.63
169991,0.17,4.70
170013,0.18,4.43
170036,-0.47,-12.76
170058,0.20,5.75
170080,0.12,2.58
170102,-0.48,-12.76
170125,0.25,7.21
170147,0.06,0.99
170170,-0.47,-12.50
170192,0.29,8.40
170214,-0.01,-0.86
170236,-0.43,-11.57
170259,0.35,9.85
170281,-0.08,-2.84
170304,-0.41,-10.65
170327,0.37,10.25
170349,-0.18,-5.36
170371,-0.33,-8.13
170393,0.41,11.18
170416,-0.19,-5.36
170438,-0.22,-5.49
170464,0.05,0.73
170486,-0.47,-12.50
170509,0.29,8.27
170531,-0.03,-1.39
170554,-0.45,-11.97
170576,0.36,10.25
170599,-0.12,-3.90
170620,-0.35,-8.93
170643,0.41,11.44
170672,-0.20,-4.70
170705,-0.09,-1.92
170728,0.39,10.52
170750,-0.38,-10.65
170773,-0.01,0.33
170796,0.36,9.46
170818,-0.42,-11.71
170841,0.07,2.45
170862,0.33,8.13
170885,-0.43,-11.84
170907,0.13,4.03
170930,0.27,6.81
170952,-0.44,-11.97
170975,0.15,4.17
170996,0.21,5.22
171019,-0.47,-12.63
171041,0.17,4.83
171064,0.15,3.64
171083,-0.30,-8.53
171106,-0.09,-1.92
171128,0.40,10.65
171151,-0.38,-10.78
171173,0.03,1.39
171196,0.36,9.33
171217,-0.40,-11.04
171240,0.09,2.98
171262,0.31,8.00
171285,-0.42,-11.57
171308,0.13,3.90
171330,0.26,6.55
171352,-0.45,-12.37
171374,0.16,4.30
171397,0.18,4.43
171419,-0.48,-12.90
171442,0.18,5.36
171464,0.12,2.84
171486,-0.47,-12.50
171508,0.24,7.34
171531,0.06,1.12
171553,-0.45,-12.10
171576,0.31,8.66
171598,-0.02,-1.12
171621,-0.45,-11.97
171643,0.35,9.72
171764,-0.05,-2.05
171842,0.26,7.47
171865,-0.06,-2.31
171887,-0.46,-12.10
171910,0.35,9.72
171932,-0.13,-4.03
171955,-0.37,-9.33
171977,0.39,10.91
172000,-0.19,-5.49
172021,-0.27,-6.81
172044,0.42,11.44
172066,-0.23,-6.42
172089,-0.20,-4.83
172111,0.42,11.57
172134,-0.27,-7.87
172156,-0.10,-1.79
172179,0.41,10.91
172200,-0.35,-9.99
172223,-0.02,0.20
172246,0.37,9.85
172268,-0.40,-11.18
172291,0.05,2.05
172313,0.33,8.40
172335,-0.43,-11.71
172357,0.13,4.03
172380,0.27,6.68
172402,-0.45,-12.37
172438,-0.28,-7.08
172461,0.42,11.44
172483,-0.23,-6.42
172506,-0.12,-2.45
172528,0.43,11.44
172551,-0.28,-8.27
172573,-0.10,-2.05
172596,0.40,10.78
172618,-0.38,-10.91
172641,0.02,1.12
172662,0.37,9.59
172685,-0.40,-11.04
172707,0.09,3.11
172730,0.32,8.00
172772,-0.33,-8.27
172794,0.41,11.31
172817,-0.28,-8.00
172839,-0.11,-2.45
172862,0.40,10.78
172884,-0.34,-9.85
172907,0.02,1.12
172930,0.39,10.25
172951,-0.39,-10.91
172974,0.06,2.18
172996,0.33,8.40
173019,-0.44,-12.10
173044,0.42,11.31
173067,-0.22,-6.28
173089,-0.10,-1.92
173112,0.43,11.44
173134,-0.29,-8.53
173157,-0.08,-1.52
173179,0.40,10.65
173201,-0.39,-10.78
173223,0.02,1.12
173246,0.36,9.46
173268,-0.42,-11.44
173291,0.09,2.84
173314,0.32,7.87
173335,-0.42,-11.57
173358,0.14,4.03
173380,0.23,5.62
173403,-0.47,-12.76
173425,0.17,4.96
173448,0.18,4.30
173469,-0.49,-13.29
173492,0.20,5.75
173514,0.11,2.45
173537,-0.47,-12.50
173559,0.26,7.61
173582,0.04,0.33
173604,-0.44,-11.97
173627,0.32,9.19
173652,-0.43,-11.71
173675,0.13,3.90
173697,0.26,6.42
173719,-0.46,-12.63
173742,0.16,4.70
173764,0.19,4.70
173787,-0.47,-12.76
173809,0.19,5.49
173832,0.12,2.71
173853,-0.47,-12.63
173876,0.26,7.47
173898,0.04,0.46
173921,-0.46,-12.24
173943,0.32,9.06
173966,-0.04,-1.65
173987,-0.42,-11.04
174010,0.36,9.99
174032,-0.13,-4.17
174055,-0.35,-8.80
174077,0.38,10.52
174100,-0.20,-5.75
174123,-0.26,-6.55
174145,0.43,11.57
174168,-0.24,-6.68
174189,-0.19,-4.56
174212,0.42,11.18
174238,-0.44,-11.57
174261,0.35,9.85
174282,-0.11,-3.64
174305,-0.38,-9.72
174327,0.38,10.65
174350,-0.19,-5.36
174372,-0.28,-7.08
174395,0.43,11.71
174417,-0.21,-6.02
174439,-0.21,-5.09
174461,0.42,11.44
174484,-0.28,-8.00
174507,-0.04,-0.46
174529,0.42,11.04
174552,-0.34,-9.72
174574,-0.03,-0.33
174597,0.37,9.85
174618,-0.40,-11.04
174641,0.07,2.31
174680,0.40,10.65
174702,-0.42,-11.57
174725,0.11,3.37
174747,0.28,6.81
174770,-0.44,-11.97
174792,0.16,4.56
174815,0.19,4.56
174836,-0.47,-12.76
174857,-0.04,-0.33
174879,0.41,10.78
174902,-0.38,-10.91
174924,0.04,1.65
174947,0.33,8.40
174969,-0.45,-12.37
174992,0.15,4.17
175014,0.19,4.83
175037,-0.48,-12.90
175059,0.22,6.42
175082,0.07,1.26
175105,-0.47,-12.24
175127,0.34,9.59
175150,-0.09,-2.98
175172,-0.37,-9.46
175195,0.39,11.04
175217,-0.21,-5.62
175240,-0.19,-4.17
175262,0.43,11.57
175285,-0.29,-8.40
175307,-0.07,-1.12
175330,0.37,9.99
175352,-0.42,-11.57
175375,0.10,3.24
175397,0.27,6.68
175420,-0.45,-12.37
175446,0.43,11.44
175468,-0.34,-9.85
175491,-0.02,0.20
175513,0.36,9.46
175536,-0.44,-12.10
175558,0.11,3.37
175581,0.25,6.28
175603,-0.45,-12.37
175626,0.19,5.49
175648,0.13,2.84
175671,-0.46,-12.37
175693,0.29,8.27
175716,-0.03,-1.52
175738,-0.44,-11.44
175761,0.36,10.12
175783,-0.19,-5.49
175806,-0.29,-7.34
175828,0.42,11.57
175851,-0.23,-6.55
175874,-0.05,-0.73
175896,0.41,11.04
175919,-0.38,-10.65
175941,0.05,1.79
175964,0.33,8.53
175986,-0.44,-12.10
176009,0.15,4.30
176034,-0.28,-8.13
176057,-0.09,-1.79
176079,0.40,10.52
176102,-0.39,-11.04
176124,0.09,2.84
176147,0.30,7.61
176169,-0.45,-12.37
176192,0.14,3.90
176215,0.19,4.70
176237,-0.46,-12.37
176260,0.23,6.68
176282,0.06,0.73
176305,-0.47,-12.50
176327,0.35,9.72
176350,-0.10,-3.37
176372,-0.36,-9.19
176395,0.40,11.04
176417,-0.21,-5.89
176440,-0.22,-4.96
176462,0.43,11.84
176485,-0.25,-7.34
176506,-0.13,-2.98
176529,0.41,11.04
176551,-0.34,-9.85
176580,0.30,7.47
176614,0.23,5.62
176636,-0.46,-12.50
176662,0.42,11.18
176685,-0.31,-8.93
176707,-0.09,-1.65
176730,0.40,10.65
176752,-0.39,-10.91
176775,0.05,1.92
176797,0.37,9.59
176819,-0.40,-11.18
176841,0.11,3.11
176864,0.31,7.74
176886,-0.42,-11.57
176909,0.15,4.43
176931,0.23,5.62
176953,-0.48,-12.90
176975,0.17,4.83
176998,0.17,4.03
177020,-0.49,-13.03
177043,0.20,6.02
177065,0.11,2.45
177087,-0.45,-12.24
177110,0.28,8.00
177132,0.02,0.07
177155,-0.46,-12.10
177177,0.31,8.80
177200,-0.06,-2.18
177222,-0.43,-11.31
177258,0.03,1.52
177281,0.34,8.66
177303,-0.44,-11.97
177326,0.12,3.77
177347,0.26,6.55
177370,-0.45,-12.37
177392,0.16,4.43
177415,0.19,4.56
177437,-0.46,-12.50
177460,0.19,5.49
177482,0.10,1.92
177505,-0.48,-12.90
177527,0.27,7.74
177549,0.00,-0.73
177571,-0.44,-11.84
177594,0.36,10.12
177616,-0.09,-3.11
177639,-0.37,-9.46
177661,0.39,10.78
177684,-0.20,-5.75
177707,-0.29,-7.34
177729,0.40,10.91
177752,-0.23,-6.55
177773,-0.18,-4.30
177796,0.41,11.04
177818,-0.30,-8.66
177841,-0.07,-1.26
177866,-0.12,-4.03
177889,-0.37,-9.46
177911,0.39,10.91
177934,-0.20,-5.62
177956,-0.28,-6.94
177979,0.43,11.57
178001,-0.22,-6.28
178024,-0.17,-4.03
178046,0.42,11.31
178068,-0.31,-9.06
178091,-0.08,-1.52
178113,0.40,10.52
178136,-0.38,-10.52
178158,0.05,1.92
178181,0.36,9.19
178203,-0.41,-11.18
178226,0.12,3.51
178248,0.28,6.94
178270,-0.45,-12.24
178292,0.17,4.70
178315,0.19,4.70
178337,-0.48,-13.16
178360,0.19,5.49
178382,0.12,2.58
178405,-0.47,-12.76
178427,0.26,7.61
178453,-0.39,-10.78
178481,0.28,6.81
178514,0.27,6.68
178537,-0.46,-12.63
178560,0.15,4.43
178582,0.20,4.96
178604,-0.48,-12.90
178626,0.20,5.62
178649,0.14,3.24
178671,-0.46,-12.50
178694,0.24,7.08
178716,0.07,1.12
178739,-0.48,-12.63
178761,0.30,8.53
178783,-0.03,-1.39
178805,-0.43,-11.44
178828,0.35,9.72
178850,-0.11,-3.77
178873,-0.36,-9.19
178895,0.40,10.91
178918,-0.20,-5.62
178940,-0.28,-7.08
178962,0.43,11.71
178984,-0.22,-6.28
179007,-0.18,-4.43
179030,0.43,11.44
179052,-0.30,-8.66
179078,0.34,9.59
179100,-0.10,-3.37
179123,-0.39,-9.99
179145,0.38,10.65
179168,-0.19,-5.36
179190,-0.29,-7.34
179213,0.42,11.44
179235,-0.22,-6.28
179257,-0.19,-4.56
179279,0.42,11.44
179302,-0.29,-8.53
179324,-0.10,-2.05
179347,0.40,10.78
179369,-0.36,-10.25
179392,0.02,0.99
179415,0.36,9.19
179436,-0.40,-11.18
179459,0.10,3.37
179481,0.29,7.21
179504,-0.44,-12.10
179526,0.15,4.43
179549,0.22,5.36
179571,-0.47,-12.76
179594,0.19,5.36
179615,0.14,3.11
179638,-0.47,-12.63
179664,0.38,9.99
179686,-0.39,-10.78
179708,0.07,2.45
179731,0.34,8.66
179753,-0.43,-11.84
179776,0.12,3.90
179799,0.26,6.55
179821,-0.46,-12.50
179844,0.16,4.70
179865,0.18,4.43
179888,-0.46,-12.63
179910,0.19,5.75
179933,0.11,2.31
179955,-0.46,-12.50
179978,0.27,7.87
180000,0.03,0.07
180022,-0.45,-11.97
180044,0.32,8.93
180067,-0.06,-2.05
180089,-0.43,-11.31
180112,0.38,10.38
180134,-0.15,-4.70
180157,-0.31,-7.87
180179,0.43,11.71
180202,-0.22,-6.02
180224,-0.23,-5.62
180246,0.41,11.04
180273,-0.45,-11.84
180295,0.33,9.33
180317,-0.07,-2.45
180339,-0.39,-10.12
180362,0.38,10.65
180390,-0.29,-7.21
180423,-0.33,-8.40
180446,0.40,11.04
180468,-0.21,-6.02
180491,-0.24,-6.02
180513,0.42,11.44
180536,-0.25,-7.21
180558,-0.15,-3.37
180580,0.42,11.18
180602,-0.33,-9.46
180625,-0.05,-0.73
180647,0.38,10.25
180670,-0.39,-10.91
180692,0.09,2.71
180715,0.33,8.53
180738,-0.42,-11.71
180760,0.14,4.17
180782,0.25,6.15
180804,-0.45,-12.37
180827,0.15,4.30
180849,0.17,4.17
180875,-0.10,-2.05
180897,0.41,10.91
180920,-0.35,-9.99
180942,0.04,1.39
180965,0.39,10.25
180986,-0.39,-10.91
181010,0.10,3.11
181031,0.28,6.94
181054,-0.46,-12.50
181076,0.12,3.64
181099,0.22,5.36
181122,-0.48,-13.03
181144,0.18,5.36
181167,0.14,3.24
181188,-0.47,-12.63
181211,0.26,7.61
181233,0.05,0.73
181256,-0.46,-12.24
181278,0.32,9.19
181301,-0.04,-1.52
181323,-0.42,-11.04
181346,0.36,9.99
181367,-0.15,-4.56
181390,-0.34,-8.53
181412,0.40,11.04
181435,-0.21,-5.89
181457,-0.22,-5.22
181483,0.06,0.99
181506,-0.46,-12.24
181528,0.31,8.80
181551,-0.04,-1.65
181573,-0.44,-11.44
181596,0.37,10.12
181618,-0.16,-4.83
181641,-0.31,-7.74
181663,0.42,11.44
181686,-0.22,-6.15
181708,-0.21,-5.09
181730,0.42,11.31
181752,-0.28,-8.13
181775,-0.09,-1.92
181797,0.40,10.65
181820,-0.37,-10.52
181842,0.03,1.26
181865,0.35,9.06
181888,-0.41,-11.44
181910,0.12,3.90
181933,0.27,6.55
181954,-0.45,-12.37
181977,0.17,4.83
181999,0.18,4.17
182022,-0.47,-12.90
182044,0.19,5.75
182080,0.42,11.18
182103,-0.30,-8.53
182125,-0.10,-2.05
182148,0.39,10.52
182170,-0.38,-10.65
182193,0.01,0.99
182215,0.36,9.33
182238,-0.42,-11.57
182260,0.11,3.51
182282,0.29,7.21
182321,-0.43,-11.84
182344,0.17,4.96
182367,0.15,3.64
182389,-0.47,-12.76
182412,0.24,7.08
182433,0.07,1.26
182456,-0.46,-12.10
182478,0.30,8.66
182501,-0.02,-1.26
182523,-0.44,-11.44
182546,0.35,9.85
182568,-0.13,-3.90
182591,-0.34,-8.66
182612,0.39,10.78
182635,-0.20,-5.75
182658,-0.25,-6.28
182680,0.42,11.44
182706,-0.47,-12.37
182728,0.31,8.80
182751,-0.03,-1.39
182773,-0.42,-10.91
182796,0.37,10.25
182818,-0.14,-4.56
182841,-0.32,-8.13
182863,0.40,10.91
182886,-0.22,-6.15
182908,-0.23,-5.62
182931,0.42,11.44
182953,-0.27,-7.87
182975,-0.13,-2.84
182998,0.40,10.78
183020,-0.34,-9.72
183043,-0.02,0.07
183065,0.38,10.12
183088,-0.39,-10.91
183110,0.10,2.84
183133,0.32,7.87
183155,-0.44,-12.10
183178,0.14,4.30
183199,0.23,5.75
183222,-0.47,-12.76
183244,0.18,5.09
183267,0.16,3.90
183292,-0.09,-1.92
183315,0.40,10.65
183337,-0.37,-10.38
183360,0.03,1.39
183383,0.35,9.19
183405,-0.41,-11.31
183428,0.11,3.64
183449,0.27,6.68
183472,-0.45,-12.24
183494,0.16,4.56
183517,0.20,4.83
183539,-0.47,-12.76
183562,0.21,6.02
183584,0.12,2.71
183606,-0.47,-12.50
183628,0.27,7.74
183651,0.03,0.20
183673,-0.45,-11.97
183696,0.33,9.06
183718,-0.06,-2.05
183741,-0.41,-10.65
183763,0.38,10.38
183786,-0.17,-5.22
183809,-0.30,-7.47
183831,0.41,11.31
183854,-0.22,-6.28
183879,0.27,7.87
183902,0.03,0.07
183923,-0.45,-11.97
183946,0.33,9.33
183968,-0.06,-2.18
183991,-0.42,-10.78
184013,0.36,10.12
184036,-0.16,-4.96
184058,-0.31,-7.74
184081,0.42,11.31
184103,-0.22,-6.15
184126,-0.21,-4.96
184148,0.43,11.71
184171,-0.28,-8.00
184193,-0.13,-2.98
184231,0.41,11.04
184255,-0.38,-10.52
184278,0.00,0.73
184299,0.36,9.46
184322,-0.41,-11.31
184344,0.09,2.71
184367,0.30,7.74
184389,-0.43,-11.97
184412,0.15,4.30
184434,0.23,5.62
184456,-0.46,-12.76
184478,0.16,4.43
184505,-0.30,-8.80
184526,-0.09,-1.79
184549,0.40,10.65
184571,-0.38,-10.65
184594,0.02,1.26
184616,0.36,9.19
184639,-0.41,-11.18
184662,0.11,3.37
184684,0.28,7.08
184706,-0.44,-11.97
184728,0.16,4.43
184751,0.21,5.09
184773,-0.47,-12.76
184796,0.17,4.96
184818,0.14,3.24
184841,-0.48,-12.90
184863,0.23,6.81
184885,0.07,1.12
184907,-0.47,-12.50
184930,0.31,8.93
184952,-0.01,-0.73
184975,-0.44,-11.44
184997,0.35,9.85
185020,-0.11,-3.64
185042,-0.37,-9.59
185065,0.40,10.91
185086,-0.20,-5.75
185107,-0.49,-13.16
185129,0.19,5.62
185152,0.11,2.31
185175,-0.46,-12.37
185197,0.28,8.13
185220,0.03,0.07
185241,-0.45,-11.97
185264,0.33,9.19
185286,-0.05,-2.05
185309,-0.42,-11.04
185331,0.36,10.12
185354,-0.16,-4.96
185376,-0.33,-8.27
185399,0.41,11.31
185421,-0.22,-6.02
185444,-0.22,-4.96
185465,0.42,11.44
185488,-0.24,-7.08
185510,-0.08,-1.39
185533,0.43,11.31
185555,-0.33,-9.33
185578,-0.06,-0.86
185601,0.39,10.25
185623,-0.40,-11.04
185646,0.07,2.05
185668,0.33,8.40
185694,-0.25,-6.28
185716,0.43,11.44
185739,-0.23,-6.42
185761,-0.18,-4.17
185783,0.43,11.44
185805,-0.31,-9.06
185828,-0.09,-1.65
185850,0.38,10.12
185873,-0.40,-11.04
185895,0.03,1.52
185918,0.35,8.93
185940,-0.43,-11.84
185963,0.11,3.51
185986,0.26,6.55
186007,-0.45,-12.24
186030,0.17,4.96
186052,0.19,4.70
186075,-0.48,-13.03
186097,0.19,5.75
186126,-0.46,-12.24
186158,-0.47,-12.76
186180,0.16,4.43
186203,0.17,4.03
186225,-0.47,-12.90
186248,0.21,6.15
186270,0.10,2.05
186296,0.02,0.99
186317,0.40,10.52
186340,-0.40,-11.04
186362,0.03,1.52
186385,0.33,8.53
186407,-0.43,-11.97
186430,0.11,3.51
186452,0.26,6.55
186475,-0.45,-12.37
186498,0.15,4.43
186519,0.21,5.09
186542,-0.46,-12.50
186564,0.18,5.22
186587,0.13,3.24
186609,-0.47,-12.50
186632,0.23,6.94
186654,0.03,0.20
186676,-0.46,-12.50
186698,0.31,8.80
186721,-0.03,-1.39
186743,-0.43,-11.31
186766,0.39,10.65
186788,-0.13,-4.17
186811,-0.33,-8.40
186833,0.40,11.04
186856,-0.21,-5.89
186878,-0.25,-6.15
186914,0.15,4.43
186937,0.16,3.90
186959,-0.48,-12.90
186982,0.21,6.28
187004,0.09,1.79
187026,-0.47,-12.50
187049,0.30,8.53
187071,-0.01,-0.99
187094,-0.43,-11.44
187116,0.35,9.72
187139,-0.13,-4.17
187161,-0.35,-9.06
187184,0.39,10.91
187206,-0.20,-5.62
187229,-0.25,-6.15
187251,0.42,11.31
187274,-0.25,-7.21
187296,-0.16,-3.77
187319,0.41,11.04
187341,-0.34,-9.99
187364,-0.04,-0.46
187385,0.38,9.99
187408,-0.40,-11.04
187430,0.06,2.18
187453,0.32,8.00
187475,-0.43,-11.97
187501,0.42,11.44
187524,-0.24,-6.94
187546,-0.15,-3.37
187569,0.42,11.18
187591,-0.34,-9.72
187614,-0.04,-0.33
187636,0.38,10.12
187659,-0.40,-11.18
187681,0.09,2.84
187704,0.31,7.87
187725,-0.44,-12.10
187749,0.15,4.30
187770,0.22,5.62
187793,-0.46,-12.63
187815,0.16,4.70
187838,0.15,3.64
187860,-0.47,-12.76
187883,0.23,6.81
187906,0.05,0.86
187928,-0.48,-12.63
187951,0.31,8.66
187972,-0.03,-1.39
187995,-0.43,-11.44
188017,0.38,10.65
188057,-0.17,-5.22
188080,-0.18,-4.17
188102,0.43,11.44
188129,-0.43,-11.44
188151,0.35,9.85
188173,-0.13,-4.17
188195,-0.36,-9.33
188218,0.39,10.78
188240,-0.20,-5.62
188263,-0.27,-6.68
188285,0.42,11.57
188308,-0.22,-6.28
188331,-0.17,-4.03
188353,0.42,11.31
188376,-0.32,-9.19
188398,-0.08,-1.39
188421,0.39,10.52
188443,-0.39,-11.04
188466,0.08,2.58
188487,0.33,8.53
188510,-0.41,-11.31
188532,0.13,3.90
188555,0.25,6.15
188577,-0.46,-12.63
188600,0.18,5.09
188622,0.17,4.03
188645,-0.47,-12.76
188667,0.20,6.02
188689,0.09,1.79
188716,-0.02,0.07
188737,0.37,9.59
188760,-0.40,-11.18
188782,0.08,2.58
188805,0.31,7.87
188827,-0.44,-12.10
188850,0.12,3.64
188872,0.22,5.62
188895,-0.47,-12.76
188917,0.15,4.30
188940,0.14,3.11
188961,-0.47,-12.63
188984,0.25,7.34
189006,0.05,0.73
189029,-0.46,-12.37
189051,0.32,9.06
189074,-0.04,-1.65
189096,-0.43,-11.31
189119,0.37,10.25
189142,-0.16,-4.96
189164,-0.31,-7.74
189187,0.40,11.04
189209,-0.22,-6.15
189232,-0.18,-3.90
189254,0.43,11.57
189276,-0.27,-8.13
189298,-0.10,-1.92
189325,-0.11,-3.51
189347,-0.37,-9.46
189370,0.39,11.04
189391,-0.20,-5.62
189414,-0.26,-6.55
189436,0.41,11.31
189459,-0.24,-6.81
189481,-0.17,-4.03
189504,0.42,11.31
189527,-0.32,-9.19
189549,-0.07,-1.26
189572,0.38,10.12
189594,-0.40,-11.18
189617,0.05,2.18
189639,0.31,7.87
189662,-0.43,-11.84
189684,0.14,4.30
189706,0.23,5.75
189728,-0.46,-12.50
189751,0.15,4.56
189773,0.15,3.37
189796,-0.47,-12.76
189818,0.22,6.81
189841,0.07,1.26
189863,-0.46,-12.24
189886,0.31,8.80
189912,-0.43,-11.71
189940,0.21,5.22
189973,0.20,4.83
189996,-0.48,-13.03
190018,0.16,4.83
190041,0.12,2.71
190063,-0.47,-12.50
190086,0.25,7.47
190108,0.04,0.33
190130,-0.44,-11.84
190152,0.34,9.59
190175,-0.06,-2.18
190197,-0.42,-10.91
190220,0.37,10.38
190242,-0.18,-5.36
190265,-0.30,-7.47
190287,0.42,11.44
190310,-0.22,-6.15
190332,-0.15,-3.24
190355,0.42,11.44
190377,-0.29,-8.53
190400,-0.01,0.20
190422,0.40,10.65
190444,-0.39,-10.91
190467,0.02,1.12
190489,0.34,8.66
190512,-0.43,-11.97
190537,0.42,11.44
190560,-0.24,-6.81
190582,-0.15,-3.24
190605,0.42,11.31
190627,-0.32,-9.19
190650,-0.03,-0.07
190672,0.39,10.12
190695,-0.41,-11.44
190717,0.10,3.11
190740,0.29,7.34
190763,-0.45,-12.37
190785,0.16,4.56
190808,0.20,4.96
190829,-0.46,-12.50
190852,0.20,5.89
190874,0.11,2.18
190897,-0.47,-12.50
190919,0.28,7.87
190942,0.02,-0.20
190964,-0.46,-12.24
190987,0.34,9.33
191009,-0.10,-3.11
191032,-0.38,-9.72
191054,0.39,10.78
191077,-0.19,-5.49
191098,-0.25,-5.75
191220,0.36,9.99
191298,-0.37,-9.33
191321,0.38,10.52
191343,-0.22,-6.15
191366,-0.17,-3.77
191388,0.43,11.57
191411,-0.28,-8.27
191433,-0.11,-2.45
191456,0.39,10.52
191478,-0.39,-11.04
191501,0.04,1.92
191523,0.34,8.80
191546,-0.41,-11.31
191568,0.12,3.64
191591,0.24,6.02
191613,-0.46,-12.50
191636,0.17,4.96
191657,0.14,3.24
191680,-0.49,-13.29
191703,0.23,6.81
191725,0.04,0.46
191748,-0.46,-12.24
191770,0.32,9.06
191793,-0.05,-2.05
191815,-0.40,-10.52
191838,0.36,10.12
191874,0.29,7.34
191896,-0.45,-12.37
191919,0.16,4.43
191941,0.18,4.43
191964,-0.47,-12.90
191986,0.21,6.02
192018,-0.04,-0.33
192052,0.07,2.31
192073,0.34,8.53
192096,-0.42,-11.57
192118,0.12,3.51
192141,0.25,6.28
192163,-0.46,-12.50
192186,0.15,4.30
192208,0.15,3.51
192231,-0.48,-12.76
192253,0.22,6.68
192275,0.07,1.26
192297,-0.46,-12.24
192320,0.32,9.06
192343,-0.04,-1.65
192365,-0.43,-11.44
192388,0.36,9.99
192410,-0.15,-4.56
192433,-0.32,-8.00
192455,0.42,11.57
192478,-0.20,-5.75
192503,0.24,7.08
192526,0.04,0.33
192548,-0.46,-12.24
192571,0.31,8.66
192593,-0.07,-2.58
192616,-0.41,-10.65
192638,0.37,10.38
192661,-0.19,-5.62
192683,-0.29,-7.21
192705,0.42,11.44
192728,-0.22,-6.28
192750,-0.16,-3.64
192773,0.42,11.18
192795,-0.33,-9.46
192818,0.00,0.73
192840,0.40,10.65
192863,-0.39,-10.91
192885,0.06,2.31
192908,0.31,7.74
192930,-0.43,-11.84
192953,0.15,4.43
192975,0.21,5.09
192997,-0.47,-12.76
193019,0.17,5.09
193042,0.12,2.58
193064,-0.49,-12.90
193087,0.26,7.87
193113,-0.40,-11.04
193135,0.08,2.58
193158,0.31,7.61
193180,-0.44,-11.97
193203,0.14,4.30
193225,0.20,4.96
193248,-0.49,-13.16
193270,0.17,5.09
193293,0.13,2.84
193314,-0.46,-12.24
193337,0.26,7.47
193359,0.02,-0.20
193382,-0.45,-12.10
193404,0.33,9.46
193427,-0.10,-3.24
193449,-0.40,-10.12
193472,0.38,10.65
193495,-0.20,-5.62
193517,-0.26,-6.68
193540,0.42,11.44
193562,-0.23,-6.55
193585,-0.15,-3.37
193607,0.41,10.78
193630,-0.35,-9.99
193652,0.02,0.73
193674,0.39,10.25
193700,-0.33,-8.40
193723,0.40,11.04
193745,-0.21,-5.89
193767,-0.22,-5.36
193789,0.42,11.31
193812,-0.27,-8.00
193835,-0.11,-2.45
193857,0.40,10.65
193880,-0.38,-10.65
193902,0.01,0.99
193931,-0.43,-11.84
193965,-0.46,-12.63
193987,0.17,4.96
194010,0.15,3.51
194032,-0.47,-12.63
194055,0.24,6.94
194076,0.05,0.73
194099,-0.46,-12.37
194121,0.33,9.33
194144,-0.06,-2.31
194166,-0.38,-9.85
194189,0.39,10.78
194212,-0.22,-6.02
194235,-0.23,-5.49
194257,0.42,11.44
194280,-0.30,-8.80
194306,0.37,10.52
194328,-0.17,-5.22
194351,-0.29,-7.34
194373,0.42,11.44
194396,-0.25,-7.08
194418,-0.11,-1.92
194441,0.40,10.65
194463,-0.37,-10.52
194487,0.08,2.84
194509,0.28,6.94
194532,-0.46,-12.76
194554,0.16,4.56
194577,0.14,3.37
194599,-0.48,-12.76
194622,0.27,8.00
194644,-0.01,-0.86
194667,-0.43,-11.44
194690,0.37,10.25
194712,-0.19,-5.36
194735,-0.26,-6.42
194757,0.43,11.57
194780,-0.26,-7.61
194802,-0.07,-0.86
194825,0.40,10.78
194847,-0.39,-10.91
194870,0.08,2.71
194892,0.26,6.55
194919,-0.10,-1.79
194941,0.41,11.04
194964,-0.34,-9.99
194987,0.01,0.86
195009,0.35,8.93
195032,-0.44,-12.10
195054,0.13,3.77
195077,0.22,5.36
195099,-0.46,-12.50
195122,0.20,5.89
195144,0.07,1.26
195167,-0.46,-12.24
195189,0.33,9.46
195212,-0.11,-3.51
195234,-0.37,-9.33
195257,0.40,10.91
195279,-0.21,-5.75
195302,-0.18,-4.17
195324,0.41,11.04
195347,-0.35,-10.12
195371,-0.01,0.33
195393,0.34,8.66
195416,-0.43,-11.84
195438,0.14,4.03
195461,0.21,5.09
195483,-0.45,-12.37
195509,0.38,10.25
195531,-0.41,-11.31
195554,0.06,2.18
195576,0.28,7.08
195599,-0.47,-12.76
195621,0.18,5.09
195644,0.16,3.77
195666,-0.47,-12.63
195689,0.27,7.74
195712,0.02,-0.07
195734,-0.44,-11.84
195757,0.35,9.72
195779,-0.09,-3.11
195802,-0.38,-9.72
195824,0.38,10.65
195853,-0.25,-6.15
195886,-0.23,-5.62
195908,0.42,11.31
195931,-0.27,-8.00
195953,-0.14,-2.98
195976,0.41,10.91
195998,-0.36,-10.25
196021,-0.00,0.60
196043,0.37,9.59
196066,-0.42,-11.57
196088,0.10,3.11
196111,0.27,6.81
196136,-0.21,-5.22
196159,0.43,11.44
196182,-0.28,-8.13
196204,-0.11,-2.18
196227,0.40,10.52
196248,-0.37,-10.38
196272,0.04,1.65
196293,0.34,8.66
196316,-0.43,-11.84
196338,0.13,3.90
196361,0.26,6.42
196383,-0.45,-12.37
196406,0.17,4.83
196428,0.16,3.77
196451,-0.47,-12.76
196473,0.22,6.42
196496,0.05,0.73
196517,-0.46,-12.37
196540,0.31,8.53
196562,-0.05,-1.92
196585,-0.41,-10.78
196608,0.38,10.65
196630,-0.17,-5.22
196653,-0.30,-7.61
196675,0.41,11.18
196698,-0.22,-6.15
196733,-0.48,-12.90
196756,0.21,6.28
196779,0.09,1.65
196801,-0.47,-12.50
196824,0.30,8.53
196846,-0.01,-0.86
196869,-0.42,-11.18
196891,0.36,10.12
196914,-0.15,-4.70
196936,-0.32,-8.00
196959,0.41,11.31
196981,-0.22,-6.28
197004,-0.20,-5.09
197026,0.41,10.91
197049,-0.31,-8.93
197071,-0.09,-1.65
197094,0.39,10.52
197116,-0.41,-11.31
197139,0.08,2.71
197161,0.31,7.74
197184,-0.43,-11.71
197207,0.16,4.56
197228,0.20,4.83
197251,-0.48,-12.90
197273,0.17,5.22
197296,0.09,1.79
197318,-0.46,-12.37
197345,0.36,9.33
197366,-0.42,-11.57
197389,0.11,3.64
197411,0.25,6.28
197434,-0.49,-13.29
197456,0.15,4.30
197479,0.17,3.90
197501,-0.48,-12.76
197524,0.24,6.94
197547,0.07,1.12
197569,-0.45,-12.24
197592,0.32,8.80
197614,-0.06,-2.18
197637,-0.43,-11.18
197659,0.39,10.65
197682,-0.17,-5.09
197703,-0.28,-7.08
197726,0.42,11.44
197748,-0.22,-6.15
197785,-0.47,-12.63
197809,0.36,9.99
197831,-0.13,-4.03
197854,-0.34,-8.80
197876,0.40,11.18
197899,-0.21,-5.89
197921,-0.24,-6.02
197947,0.05,0.46
197969,-0.46,-12.24
197992,0.33,9.19
198014,-0.06,-2.18
198036,-0.40,-10.52
198060,0.37,10.38
198082,-0.20,-5.75
198104,-0.28,-7.08
198126,0.40,11.04
198149,-0.23,-6.55
198171,-0.17,-4.03
198194,0.41,10.78
198216,-0.32,-9.33
198239,-0.04,-0.60
198261,0.38,10.12
198284,-0.40,-11.31
198306,0.09,2.98
198329,0.30,7.47
198351,-0.45,-12.37
198374,0.14,4.03
198396,0.19,4.83
198419,-0.47,-12.63
198441,0.20,5.89
198463,0.11,2.18
198486,-0.46,-12.37
198508,0.28,8.13
198535,-0.43,-11.84
198557,0.13,3.90
198580,0.25,6.28
198601,-0.45,-12.37
198624,0.17,4.96
198646,0.15,3.64
198669,-0.48,-12.90
198691,0.22,6.55
198714,0.05,0.60
198736,-0.45,-11.97
198759,0.33,9.19
198781,-0.07,-2.31
198804,-0.41,-10.65
198827,0.38,10.65
198849,-0.19,-5.36
198872,-0.26,-6.55
198894,0.43,11.57
198917,-0.24,-6.94
198939,-0.13,-2.58
198962,0.41,10.91
198984,-0.34,-9.72
199007,-0.01,0.46
199029,0.36,9.46
199051,-0.42,-11.71
199073,0.10,3.11
199096,0.29,7.08
199118,-0.46,-12.37
199144,0.42,11.31
199166,-0.29,-8.53
199189,-0.08,-1.52
199212,0.38,10.12
199234,-0.41,-11.57
199257,0.08,2.71
199279,0.31,7.74
199302,-0.43,-11.84
199324,0.16,4.70
199347,0.22,5.49
199369,-0.47,-12.76
199392,0.18,5.22
199414,0.11,2.18
199437,-0.49,-13.03
199459,0.27,7.87
199482,0.01,-0.46
199503,-0.43,-11.57
199526,0.36,10.12
199548,-0.13,-4.17
199571,-0.33,-8.53
199593,0.40,11.04
199616,-0.22,-6.02
199639,-0.19,-4.30
199661,0.43,11.57
199702,-0.40,-11.04
199725,0.16,4.43
199750,-0.28,-8.13
199773,-0.09,-1.92
199795,0.40,10.65
199818,-0.37,-10.38
199840,0.06,1.79
199863,0.34,8.66
199885,-0.42,-11.57
199908,0.12,3.77
199930,0.24,5.75
199953,-0.47,-12.63
199975,0.15,4.43
199998,0.16,3.90
200019,-0.47,-12.63
200043,0.24,7.08
200065,0.04,0.33
200087,-0.46,-12.24
200110,0.30,8.66
200132,-0.07,-2.71
200155,-0.41,-10.52
200177,0.37,10.25
200200,-0.20,-5.75
200222,-0.27,-6.68
200245,0.43,11.57
200267,-0.23,-6.81
200290,-0.16,-3.64
200312,0.41,11.04
200335,-0.35,-10.25
200355,-0.40,-10.25
200378,0.38,10.52
200400,-0.21,-5.75
200423,-0.24,-6.02
200445,0.42,11.57
200467,-0.25,-7.21
200489,-0.04,-0.46
200512,0.42,11.04
200535,-0.36,-10.38
200557,0.01,0.99
200580,0.35,9.06
200602,-0.43,-11.97
200625,0.10,3.24
200647,0.27,6.68
200670,-0.45,-12.24
200692,0.18,5.22
200715,0.17,4.03
200737,-0.47,-12.76
200760,0.22,6.42
200782,0.06,0.86
200804,-0.46,-12.24
200826,0.32,8.80
200849,-0.06,-2.18
200871,-0.42,-11.04
200894,0.38,10.38
200916,-0.18,-5.22
200943,0.21,6.15
200965,0.09,1.79
200987,-0.48,-12.76
201010,0.28,8.00
201032,-0.03,-1.52
201055,-0.43,-11.44
201077,0.37,10.25
201100,-0.16,-4.96
201122,-0.28,-6.81
201145,0.43,11.84
201167,-0.23,-6.28
201190,-0.16,-3.90
201212,0.41,11.04
201235,-0.35,-9.99
201257,-0.05,-0.46
201280,0.38,9.99
201303,-0.41,-11.18
201325,0.09,2.84
201348,0.29,7.08
201370,-0.45,-12.24
201393,0.17,4.70
201415,0.15,3.51
201438,-0.49,-13.16
201460,0.23,6.94
201483,0.04,0.33
201504,-0.45,-11.97
201541,-0.03,-0.20
201564,0.36,9.46
201592,0.11,3.24
201623,-0.24,-6.02
201646,0.41,11.04
201668,-0.27,-7.87
201691,-0.11,-2.05
201713,0.40,10.78
201736,-0.37,-10.25
201758,0.05,1.92
201781,0.33,8.40
201803,-0.43,-11.71
201826,0.12,3.64
201848,0.22,5.36
201871,-0.47,-12.76
201893,0.18,5.36
201916,0.11,2.18
201937,-0.47,-12.63
201961,0.29,8.53
201982,-0.01,-0.99
202005,-0.42,-11.04
202028,0.38,10.65
202050,-0.18,-5.22
202073,-0.30,-7.61
202095,0.42,11.31
202118,-0.23,-6.55
202140,-0.19,-4.43
202167,-0.04,-1.79
202189,-0.42,-10.91
202212,0.39,10.65
202234,-0.18,-5.22
202257,-0.26,-6.55
202279,0.43,11.71
202302,-0.24,-6.94
202324,-0.14,-3.11
202347,0.40,10.65
202370,-0.36,-10.25
202392,0.05,1.65
202415,0.36,9.33
202436,-0.43,-11.84
202459,0.13,3.90
202481,0.24,6.02
202504,-0.46,-12.63
202526,0.17,4.96
202549,0.13,2.98
202571,-0.46,-12.37
202594,0.26,7.74
202616,0.00,-0.46
202639,-0.44,-11.84
202661,0.35,9.85
202684,-0.12,-3.90
202706,-0.35,-8.80
202729,0.40,11.04
202755,-0.47,-12.63
202777,0.25,7.34
202800,0.02,-0.20
202822,-0.45,-12.10
202845,0.34,9.46
202867,-0.11,-3.64
202890,-0.38,-9.59
202912,0.39,10.78
202935,-0.20,-5.62
202957,-0.20,-4.30
202980,0.43,11.57
203002,-0.26,-7.74
203025,-0.10,-2.18
203047,0.39,10.38
203070,-0.39,-10.91
203092,0.08,2.45
203115,0.32,8.13
203137,-0.43,-11.84
203160,0.16,4.43
203182,0.21,5.09
203204,-0.47,-12.90
203227,0.18,5.22
203249,0.11,2.31
203272,-0.47,-12.63
203294,0.30,8.53
203317,-0.02,-1.26
203342,0.12,3.64
203365,0.26,6.42
203387,-0.46,-12.50
203410,0.16,4.43
203432,0.16,3.77
203455,-0.48,-12.90
203478,0.25,7.47
203505,-0.46,-12.24
203539,-0.44,-11.71
203561,0.36,10.12
203584,-0.14,-4.30
203607,-0.33,-8.40
203629,0.40,11.04
203652,-0.22,-5.89
203674,-0.18,-3.90
203697,0.43,11.57
203719,-0.27,-8.00
203742,-0.10,-2.05
203764,0.39,10.52
203787,-0.39,-10.78
203809,0.06,2.18
203832,0.32,8.00
203854,-0.44,-12.10
203877,0.14,4.03
203898,0.22,5.36
203921,-0.46,-12.50
203943,0.19,5.62
203970,-0.36,-10.25
203993,0.02,1.12
204015,0.35,9.06
204037,-0.42,-11.57
204060,0.12,3.77
204082,0.24,6.02
204104,-0.46,-12.50
204127,0.18,5.22
204149,0.14,3.24
204172,-0.47,-12.76
204194,0.25,7.47
204217,0.03,0.20
204239,-0.45,-12.10
204262,0.33,9.33
204284,-0.09,-3.11
204307,-0.37,-9.59
204329,0.38,10.65
204352,-0.20,-5.62
204375,-0.24,-6.02
204397,0.42,11.31
204420,-0.26,-7.74
204442,-0.11,-2.31
204465,0.39,10.52
204487,-0.38,-10.65
204510,0.05,1.92
204532,0.33,8.27
204558,-0.24,-6.02
204580,0.42,11.31
204603,-0.26,-7.61
204625,-0.11,-2.45
204648,0.40,10.65
204670,-0.37,-10.52
204693,0.05,1.92
204716,0.33,8.27
204738,-0.43,-11.71
204761,0.15,4.30
204783,0.22,5.49
204805,-0.46,-12.50
204827,0.19,5.75
204850,0.11,2.58
204872,-0.47,-12.63
204895,0.27,8.00
204917,0.01,-0.46
204940,-0.44,-11.71
204962,0.36,10.12
204985,-0.13,-4.17
205007,-0.33,-8.27
205030,0.40,11.04
205052,-0.22,-6.15
205075,-0.21,-5.09
205097,0.42,11.31
205120,-0.30,-8.66
205143,-0.08,-1.39
205168,-0.13,-4.17
205191,-0.33,-8.40
205213,0.39,10.91
205236,-0.22,-6.15
205258,-0.21,-5.22
205281,0.42,11.44
205303,-0.30,-8.80
205326,-0.08,-1.52
205348,0.39,10.38
205371,-0.40,-11.04
205393,0.08,2.58
205422,-0.44,-12.10
205455,-0.47,-12.76
205477,0.18,5.22
205500,0.13,2.98
205522,-0.47,-12.63
205545,0.26,7.47
205568,0.02,-0.20
205590,-0.45,-12.10
205613,0.34,9.46
205635,-0.10,-3.24
205658,-0.37,-9.46
205680,0.39,10.91
205703,-0.20,-5.75
205725,-0.24,-6.02
205748,0.41,11.18
205773,-0.45,-11.97
205796,0.34,9.46
205818,-0.08,-2.71
205841,-0.38,-9.85
205863,0.39,10.78
205886,-0.20,-5.62
205908,-0.25,-6.02
205931,0.41,11.18
205954,-0.27,-7.74
205976,-0.11,-2.31
205999,0.40,10.78
206021,-0.37,-10.38
206044,0.05,1.92
206066,0.34,8.66
206089,-0.43,-11.84
206111,0.14,4.17
206134,0.21,5.22
206156,-0.47,-12.63
206179,0.19,5.62
206200,0.11,2.18
206223,-0.46,-12.37
206245,0.28,8.13
206268,-0.02,-1.26
206290,-0.43,-11.18
206313,0.37,10.25
206336,-0.16,-4.83
206372,-0.44,-12.24
206395,0.16,4.56
206417,0.18,4.30
206440,-0.47,-12.63
206462,0.22,6.42
206485,0.06,0.86
206507,-0.45,-12.10
206530,0.33,9.06
206552,-0.06,-2.31
206574,-0.38,-9.72
206597,0.38,10.65
206619,-0.20,-5.89
206642,-0.25,-6.15
206664,0.42,11.31
206687,-0.27,-7.74
206709,-0.11,-2.18
206732,0.40,10.65
206754,-0.38,-10.65
206778,0.05,2.05
206799,0.32,8.00
206822,-0.43,-11.97
206844,0.15,4.30
206867,0.20,4.83
206889,-0.47,-12.76
206912,0.21,6.15
206935,0.09,1.65
206957,-0.47,-12.50
206983,0.35,9.06
207005,-0.43,-11.71
207028,0.13,4.03
207050,0.23,5.89
207073,-0.47,-12.76
207095,0.18,5.09
207118,0.12,2.71
207140,-0.47,-12.63
207163,0.27,7.87
207185,0.00,-0.60
207208,-0.43,-11.44
207230,0.36,9.99
207253,-0.13,-4.17
207276,-0.33,-8.40
207298,0.41,11.31
207321,-0.22,-6.28
207356,-0.48,-12.90
207380,0.31,8.53
207403,-0.05,-1.92
207425,-0.42,-10.91
207448,0.36,10.12
207470,-0.19,-5.49
207493,-0.26,-6.55
207515,0.42,11.44
207538,-0.25,-7.08
207560,-0.13,-2.98
207586,-0.07,-2.45
207608,-0.40,-10.38
207631,0.38,10.65
207653,-0.19,-5.62
207676,-0.25,-6.28
207698,0.42,11.31
207721,-0.26,-7.34
207744,-0.12,-2.58
207766,0.40,10.78
207789,-0.36,-10.12
207811,0.03,1.39
207834,0.34,8.80
207856,-0.43,-11.84
207879,0.14,4.17
207901,0.22,5.36
207924,-0.46,-12.50
207946,0.20,5.62
207969,0.11,2.31
207991,-0.47,-12.63
208014,0.29,8.27
208036,-0.02,-0.99
208059,-0.43,-11.18
208081,0.37,10.12
208104,-0.17,-5.09
208126,-0.29,-7.34
208149,0.41,11.04
208175,-0.46,-12.37
208197,0.32,8.93
208220,-0.04,-1.79
208242,-0.40,-10.38
208265,0.37,10.38
208287,-0.20,-5.75
208310,-0.26,-6.55
208332,0.42,11.31
208355,-0.26,-7.61
208377,-0.12,-2.84
208400,0.40,10.78
208422,-0.37,-10.52
208445,0.05,1.79
208467,0.33,8.66
208490,-0.41,-11.44
208513,0.15,4.30
208535,0.21,5.22
208558,-0.48,-12.90
208580,0.20,5.75
208603,0.10,2.05
208625,-0.47,-12.50
208648,0.30,8.53
208670,-0.03,-1.26
208692,-0.42,-11.04
208715,0.36,10.12
208738,-0.19,-5.49
208760,-0.27,-6.68
208786,0.08,1.39
208808,-0.47,-12.76
208831,0.31,8.66
208854,-0.04,-1.79
208876,-0.41,-10.52
208899,0.37,10.38
208921,-0.19,-5.62
208944,-0.25,-6.28
208966,0.41,11.18
208989,-0.26,-7.47
209011,-0.12,-2.71
209034,0.40,10.78
209056,-0.37,-10.38
209079,0.05,1.92
209101,0.33,8.13
209124,-0.43,-11.84
209146,0.15,4.43
209169,0.20,5.09
209191,-0.47,-12.76
209214,0.20,5.89
209236,0.11,2.31
209276,-0.38,-9.72
209300,0.41,11.18
209323,-0.26,-7.61
209345,-0.13,-2.98
209367,0.40,10.65
209393,-0.39,-9.85
209416,0.38,10.65
209438,-0.20,-5.75
209461,-0.25,-6.28
209483,0.42,11.31
209506,-0.26,-7.61
209528,-0.12,-2.71
209551,0.40,10.65
209573,-0.37,-10.38
209596,0.02,1.26
209618,0.35,8.93
209640,-0.42,-11.57
209664,0.14,4.17
209685,0.22,5.49
209708,-0.46,-12.50
209730,0.19,5.36
209753,0.11,2.45
209775,-0.47,-12.50
209798,0.28,8.13
209820,-0.00,-0.73
209843,-0.43,-11.44
209865,0.35,9.85
209888,-0.14,-4.56
209910,-0.32,-7.87
209933,0.41,11.04
209955,-0.23,-6.42
209981,0.27,7.87
210003,0.01,-0.20
210026,-0.44,-11.84
210049,0.34,9.59
210071,-0.11,-3.77
210094,-0.33,-8.53
210116,0.40,11.04
210139,-0.23,-6.42
210161,-0.21,-5.22
210184,0.41,11.18
210206,-0.31,-8.80
210229,-0.07,-1.12
210251,0.39,10.25
210274,-0.39,-10.78
210296,0.10,3.37
210319,0.28,7.08
210341,-0.45,-12.24
210364,0.16,4.43
210386,0.16,3.77
210409,-0.48,-12.90
210432,0.25,7.34
210454,0.04,0.46
210477,-0.46,-12.24
210499,0.33,9.33
210522,-0.09,-3.11
210544,-0.37,-9.46
210567,0.39,10.91
210689,-0.16,-5.22
210766,0.33,9.46
210789,-0.21,-6.02
210811,-0.27,-6.81
210834,0.40,10.91
210856,-0.26,-7.47
210879,-0.12,-2.71
210902,0.40,10.65
210924,-0.38,-10.65
210947,0.04,1.92
210969,0.33,8.40
210992,-0.42,-11.57
211014,0.15,4.43
211037,0.19,4.56
211059,-0.47,-12.90
211082,0.21,6.02
211104,0.07,1.39
211127,-0.47,-12.50
211149,0.32,8.93
211172,-0.05,-1.92
211194,-0.40,-10.38
211217,0.38,10.65
211239,-0.21,-5.89
211262,-0.24,-6.15
211284,0.42,11.31
211307,-0.27,-7.87
211359,-0.48,-12.90
211382,0.25,7.34
211404,0.02,0.07
211427,-0.45,-11.97
211449,0.34,9.46
211472,-0.09,-3.11
211494,-0.37,-9.46
211517,0.39,10.65
211539,-0.21,-5.89
211562,-0.23,-5.62
211585,0.41,11.18
211607,-0.29,-8.40
211630,-0.09,-1.79
211652,0.39,10.52
211675,-0.38,-10.65
211697,0.08,2.71
211720,0.30,7.47
211742,-0.45,-12.10
211765,0.16,4.43
211787,0.18,4.30
211810,-0.47,-12.76
211832,0.24,6.94
211855,0.05,0.60
211877,-0.45,-11.97
211900,0.33,9.33
211922,-0.08,-2.71
211945,-0.37,-9.59
211971,0.17,4.17
211993,-0.47,-12.90
212016,0.23,6.81
212038,0.04,0.46
212061,-0.45,-12.10
212083,0.33,9.19
212106,-0.08,-2.84
212128,-0.37,-9.46
212151,0.38,10.52
212173,-0.21,-6.02
212196,-0.22,-5.62
212218,0.42,11.31
212241,-0.28,-8.13
212263,-0.09,-1.79
212286,0.39,10.38
212308,-0.39,-10.91
212331,0.08,2.84
212354,0.29,7.34
212376,-0.44,-12.24
212399,0.16,4.70
212421,0.17,4.17
212444,-0.47,-12.76
212466,0.24,6.81
212489,0.04,0.46
212511,-0.44,-11.97
212534,0.33,9.33
212559,-0.45,-12.50
212582,0.16,4.70
212604,0.18,4.43
212627,-0.47,-12.76
212649,0.23,6.68
212672,0.06,0.99
212695,-0.46,-12.24
212717,0.32,8.93
212740,-0.07,-2.71
212762,-0.39,-10.12
212785,0.40,10.91
212807,-0.20,-5.75
212830,-0.23,-5.62
212852,0.43,11.44
212875,-0.29,-8.27
212897,-0.09,-1.79
212920,0.38,10.25
212942,-0.40,-11.18
212965,0.08,2.71
212987,0.29,7.21
213009,-0.45,-12.37
213032,0.17,4.83
213054,0.17,4.03
213076,-0.46,-12.50
213099,0.23,6.81
213122,0.04,0.46
213144,-0.46,-12.24
213171,0.30,7.47
213193,-0.44,-12.24
213216,0.17,4.96
213243,-0.48,-12.90
213277,-0.47,-12.50
213300,0.29,8.27
213322,-0.03,-1.39
213345,-0.42,-10.91
213367,0.37,10.25
213390,-0.19,-5.49
213412,-0.27,-6.81
213435,0.41,11.18
213457,-0.26,-7.47
213480,-0.11,-2.18
213502,0.38,10.12
213525,-0.40,-11.04
213549,0.11,3.64
213571,0.24,5.89
213594,-0.47,-12.76
213616,0.20,5.75
213639,0.06,0.99
213661,-0.45,-11.97
213684,0.35,9.72
213706,-0.13,-4.03
213729,-0.31,-7.74
213751,0.42,11.31
213778,-0.45,-12.10
213800,0.34,9.59
213823,-0.12,-4.03
213846,-0.32,-8.00
213868,0.41,11.04
213891,-0.25,-6.94
213913,-0.13,-2.98
213936,0.40,10.65
213959,-0.37,-10.38
213982,0.10,3.11
214004,0.25,6.28
214027,-0.47,-12.90
214049,0.19,5.62
214072,0.07,1.12
214094,-0.46,-12.24
214117,0.35,9.59
214139,-0.12,-3.90
214162,-0.31,-7.74
214185,0.42,11.31
214208,-0.26,-7.47
214231,-0.11,-2.31
214253,0.38,10.12
214276,-0.40,-11.18
214298,0.13,4.03
214321,0.22,5.36
214343,-0.47,-12.63
214370,0.39,10.38
214392,-0.40,-11.18
214415,0.11,3.64
214437,0.23,5.62
214460,-0.47,-12.76
214482,0.21,6.28
214505,0.05,0.73
214528,-0.45,-11.97
214551,0.35,9.85
214574,-0.14,-4.56
214596,-0.29,-7.21
214619,0.41,11.18
214641,-0.27,-8.00
214664,-0.10,-1.92
214686,0.38,10.12
214709,-0.41,-11.18
214732,0.14,4.17
214755,0.20,4.83
214776,-0.48,-12.90
214800,0.22,6.55
214822,0.06,0.99
214845,-0.45,-11.97
214867,0.34,9.59
214890,-0.11,-3.77
214913,-0.32,-8.13
214935,0.39,10.65
214958,-0.25,-7.21
214984,0.34,9.46
215007,-0.10,-3.37
215029,-0.35,-9.06
215052,0.39,10.91
215074,-0.22,-6.28
215097,-0.20,-4.96
215119,0.42,11.18
215142,-0.33,-9.59
215170,0.37,9.59
215203,0.34,8.80
215226,-0.42,-11.57
215248,0.13,4.17
215271,0.23,5.75
215293,-0.46,-12.50
215316,0.19,5.49
215339,0.11,2.31
215361,-0.47,-12.63
215384,0.29,8.27
215406,-0.03,-1.26
215429,-0.42,-11.04
215451,0.37,10.12
215474,-0.18,-5.36
215496,-0.28,-7.08
215519,0.41,11.31
215541,-0.26,-7.34
215564,-0.14,-3.11
215589,-0.07,-2.58
215612,-0.39,-9.99
215634,0.38,10.38
215657,-0.21,-6.02
215680,-0.24,-5.89
215702,0.41,11.18
215725,-0.28,-8.00
215747,-0.09,-1.79
215770,0.40,10.65
215792,-0.39,-10.91
215815,0.08,2.58
215837,0.29,7.21
215860,-0.44,-12.24
215882,0.16,4.43
215905,0.16,3.90
215927,-0.46,-12.50
215950,0.24,7.21
215972,0.03,0.20
215995,-0.45,-12.10
216017,0.35,9.85
216040,-0.10,-3.37
216062,-0.35,-8.93
216085,0.40,11.04
216108,-0.22,-6.28
216130,-0.21,-5.09
216153,0.40,10.91
216188,0.07,1.39
216211,-0.46,-12.24
216233,0.32,8.93
216256,-0.06,-2.18
216279,-0.39,-9.99
216301,0.38,10.65
216324,-0.21,-6.02
216346,-0.23,-5.62
216369,0.41,11.18
216391,-0.29,-8.40
216414,-0.07,-1.12
216436,0.38,10.12
216459,-0.41,-11.31
216481,0.11,3.37
216504,0.26,6.42
216526,-0.45,-12.50
216549,0.17,5.09
216571,0.13,3.11
216594,-0.47,-12.50
216616,0.28,8.00
216639,-0.01,-0.73
216662,-0.43,-11.18
216684,0.35,9.85
216707,-0.17,-5.09
216729,-0.28,-7.08
216752,0.42,11.44
216774,-0.25,-7.21
216800,0.32,8.80
216822,-0.05,-2.05
216845,-0.40,-10.38
216867,0.38,10.52
216890,-0.21,-6.02
216912,-0.23,-5.75
216935,0.42,11.44
216958,-0.29,-8.40
216981,-0.07,-1.39
217004,0.38,9.99
217025,-0.39,-10.78
217049,0.09,2.98
217070,0.29,7.08
217109,-0.42,-11.44
217133,0.18,5.09
217155,0.12,2.58
217178,-0.47,-12.50
217200,0.29,8.27
217223,-0.02,-1.12
217245,-0.42,-11.04
217268,0.37,10.25
217290,-0.19,-5.49
217313,-0.27,-6.68
217335,0.41,11.31
217358,-0.26,-7.47
217380,-0.11,-2.31
217406,-0.10,-3.24
217428,-0.36,-9.06
217451,0.39,10.91
217474,-0.22,-6.02
217496,-0.21,-5.22
217519,0.43,11.31
217541,-0.31,-8.93
217564,-0.06,-0.86
217586,0.38,9.99
217609,-0.39,-10.91
217631,0.09,2.98
217654,0.28,6.94
217676,-0.45,-12.50
217699,0.18,5.09
217721,0.16,3.77
217744,-0.48,-12.76
217766,0.26,7.61
217789,0.01,-0.33
217811,-0.44,-11.57
217834,0.35,9.85
217857,-0.14,-4.56
217879,-0.31,-7.61
217902,0.42,11.31
217924,-0.24,-6.68
217947,-0.17,-4.03
217969,0.41,11.04
217995,-0.41,-10.65
218017,0.38,10.38
218040,-0.21,-5.89
218063,-0.23,-5.75
218086,0.42,11.44
218108,-0.29,-8.40
218131,-0.08,-1.52
218153,0.39,10.25
218176,-0.39,-11.04
218199,0.11,3.37
218221,0.26,6.28
218244,-0.45,-12.24
218266,0.19,5.36
218289,0.12,2.71
218311,-0.47,-12.63
218334,0.30,8.66
218356,-0.03,-1.39
218379,-0.42,-10.91
218401,0.37,10.38
218424,-0.19,-5.62
218446,-0.24,-6.02
218469,0.42,11.44
218491,-0.28,-8.13
218514,-0.08,-1.52
218536,0.38,10.12
218559,-0.40,-10.91
218585,0.41,11.04
218607,-0.24,-6.68
218630,-0.16,-3.77
218652,0.41,10.91
218675,-0.36,-10.12
218697,0.01,0.99
218720,0.34,8.80
218742,-0.43,-11.57
218765,0.14,4.30
218787,0.22,5.36
218810,-0.47,-12.63
218832,0.21,6.15
218855,0.08,1.65
218877,-0.46,-12.24
218900,0.32,9.06
218923,-0.06,-2.31
218945,-0.39,-9.85
218968,0.37,10.25
218990,-0.20,-5.89
219029,-0.41,-10.52
219052,0.41,11.18
219074,-0.27,-7.61
219097,-0.12,-2.58
219119,0.39,10.65
219142,-0.38,-10.38
219164,0.06,2.18
219187,0.31,7.74
219212,-0.23,-5.75
219235,0.41,11.18
219258,-0.30,-8.80
219281,-0.07,-1.12
219303,0.38,10.25
219326,-0.40,-11.04
219348,0.11,3.51
219371,0.25,6.28
219393,-0.45,-12.50
219416,0.18,5.09
219438,0.11,2.58
219460,-0.47,-12.50
219484,0.30,8.27
219505,-0.03,-1.52
219528,-0.42,-10.91
219551,0.37,10.52
219574,-0.20,-5.89
219596,-0.25,-6.15
219619,0.43,11.44
219641,-0.29,-8.27
219664,-0.08,-1.52
219686,0.39,10.25
219709,-0.40,-11.04
219731,0.10,3.11
219754,0.26,6.42
219777,-0.46,-12.50
219802,0.41,11.04
219825,-0.34,-9.72
219847,-0.00,0.46
219870,0.35,9.19
219892,-0.41,-11.44
219915,0.14,4.03
219937,0.21,5.09
219960,-0.46,-12.63
219982,0.20,5.89
220005,0.08,1.52
220027,-0.47,-12.50
220050,0.32,8.93
220072,-0.07,-2.58
220095,-0.37,-9.46
220118,0.39,10.78
220140,-0.22,-6.15
220163,-0.22,-5.49
220185,0.42,11.31
220208,-0.31,-9.06
220230,-0.05,-0.86
220253,0.38,9.99
220275,-0.39,-10.91
220298,0.11,3.51
220320,0.25,6.15
220343,-0.46,-12.50
220365,0.19,5.49
220388,0.11,2.31
220413,-0.01,0.33
220436,0.36,9.19
220459,-0.42,-11.57
220481,0.14,4.17
220504,0.22,5.36
220526,-0.46,-12.50
220549,0.20,6.02
220571,0.07,1.26
220594,-0.46,-12.10
220616,0.32,9.06
220639,-0.09,-2.84
220661,-0.38,-9.72
220684,0.39,10.91
220706,-0.21,-6.02
220729,-0.22,-5.22
220751,0.41,11.18
220774,-0.32,-9.06
220796,-0.04,-0.46
220819,0.36,9.46
220841,-0.43,-11.71
220864,0.11,3.51
220887,0.23,5.62
220909,-0.46,-12.50
220949,0.16,4.70
220972,0.04,0.46
220994,-0.45,-11.84
221030,-0.01,0.33
221052,0.35,9.06
221075,-0.42,-11.71
221097,0.13,4.17
221120,0.21,5.09
221143,-0.47,-12.63
221165,0.21,6.15
221188,0.07,1.26
221210,-0.46,-12.24
221233,0.33,9.19
221255,-0.08,-2.71
221278,-0.37,-9.33
221300,0.39,10.78
221323,-0.22,-6.28
221345,-0.21,-5.09
221368,0.41,11.04
221390,-0.33,-9.33
221413,-0.03,-0.20
221435,0.37,9.72
221458,-0.41,-11.31
221480,0.12,3.77
221503,0.22,5.36
221526,-0.46,-12.50
221548,0.20,6.02
221571,0.09,1.79
221593,-0.46,-12.37
221616,0.32,8.93
221642,-0.44,-12.10
221665,0.15,4.43
221687,0.18,4.30
221710,-0.47,-12.63
221732,0.25,7.21
221755,0.03,0.07
221776,-0.44,-11.71
221800,0.35,9.72
221822,-0.12,-4.03
221845,-0.32,-8.13
221868,0.41,11.18
221890,-0.24,-6.81
221913,-0.16,-3.77
221935,0.40,10.78
221958,-0.36,-10.12
221980,0.03,1.52
222003,0.33,8.27
222025,-0.43,-11.97
222048,0.16,4.43
222070,0.18,4.43
222093,-0.47,-12.76
222115,0.23,6.68
222138,0.04,0.20
222160,-0.45,-11.97
222183,0.33,9.33
222205,-0.13,-4.17
222228,-0.33,-8.27
222254,0.12,2.84
222276,-0.46,-12.24
222299,0.31,8.66
222321,-0.04,-1.79
222344,-0.40,-10.52
222366,0.38,10.65
222389,-0.21,-5.89
222411,-0.23,-5.89
222434,0.42,11.31
222456,-0.29,-8.40
222479,-0.06,-0.99
222501,0.37,9.85
222524,-0.40,-11.18
222546,0.11,3.37
222569,0.25,6.15
222592,-0.48,-13.03
222614,0.18,5.22
222637,0.11,2.31
222659,-0.46,-12.37
222682,0.31,8.80
222704,-0.03,-1.52
222727,-0.39,-10.25
222749,0.38,10.52
222772,-0.22,-6.15
222794,-0.22,-5.49
222817,0.41,11.04
222860,-0.47,-12.50
222882,0.36,10.12
222905,-0.18,-5.36
222927,-0.29,-7.21
222950,0.42,11.44
222972,-0.26,-7.47
222995,-0.13,-2.84
223017,0.40,10.65
223040,-0.37,-10.38
223063,0.06,2.05
223085,0.30,7.61
223108,-0.45,-12.37
223130,0.17,4.83
223153,0.18,4.30
223175,-0.48,-12.76
223198,0.25,7.34
223220,0.03,0.20
223243,-0.44,-11.71
223265,0.34,9.72
223288,-0.14,-4.30
223310,-0.32,-8.13
223333,0.41,11.18
223355,-0.24,-6.94
223378,-0.15,-3.64
223400,0.40,10.78
223423,-0.36,-10.25
223450,0.39,10.65
223472,-0.22,-6.15
223495,-0.21,-5.22
223517,0.41,11.18
223540,-0.32,-9.33
223562,-0.04,-0.33
223585,0.36,9.59
223607,-0.41,-11.44
223630,0.13,3.77
223652,0.24,5.89
223675,-0.46,-12.50
223697,0.19,5.62
223720,0.09,1.79
223742,-0.46,-12.24
223765,0.31,8.66
223788,-0.07,-2.58
223810,-0.39,-9.99
223833,0.38,10.65
223855,-0.21,-6.15
223878,-0.23,-5.49
223900,0.41,11.18
223923,-0.31,-8.93
223945,0.02,0.86
223968,0.38,10.25
223990,-0.40,-11.04
224013,0.11,3.51
224035,0.25,6.02
224061,-0.16,-3.77
224083,0.40,10.91
224106,-0.36,-10.12
224129,0.06,1.92
224151,0.33,8.53
224174,-0.43,-11.97
224196,0.16,4.56
224219,0.18,4.43
224241,-0.49,-13.16
224264,0.24,7.08
224286,0.04,0.46
224309,-0.44,-11.71
224331,0.36,9.85
224354,-0.12,-4.03
224376,-0.32,-8.13
224399,0.41,11.18
224421,-0.25,-6.81
224444,-0.16,-3.77
224466,0.41,10.78
224489,-0.35,-9.99
224512,0.02,1.12
224534,0.34,8.80
224557,-0.42,-11.71
224579,0.15,4.30
224602,0.20,4.96
224624,-0.47,-12.90
224650,0.39,10.38
224672,-0.39,-10.91
224696,0.10,3.11
224717,0.27,6.81
224740,-0.45,-12.37
224779,0.10,3.11
224802,0.15,3.37
224824,-0.47,-12.63
224847,0.27,7.87
224869,0.01,-0.46
224891,-0.43,-11.57
224915,0.36,10.12
224937,-0.17,-5.22
224960,-0.28,-6.94
224983,0.41,11.04
225005,-0.26,-7.74
225028,-0.11,-2.45
225050,0.40,10.65
225073,-0.38,-10.65
225095,0.07,2.58
225118,0.29,7.21
225140,-0.45,-12.37
225163,0.17,4.96
225185,0.14,3.24
225208,-0.47,-12.50
225230,0.28,7.87
225253,-0.01,-0.86
225278,0.12,3.64
225301,0.23,5.75
225324,-0.47,-12.76
225346,0.20,5.89
225369,0.10,2.05
225391,-0.46,-12.37
225414,0.31,8.80
225436,-0.07,-2.31
225459,-0.38,-9.72
225481,0.39,10.65
225504,-0.21,-6.02
225526,-0.21,-5.36
225549,0.42,11.31
225571,-0.31,-8.93
225594,-0.05,-0.73
225616,0.37,9.72
225639,-0.41,-11.44
225661,0.12,3.77
225684,0.23,5.75
225707,-0.47,-12.76
225729,0.20,5.62
225752,0.09,1.92
225774,-0.46,-12.24
225797,0.32,8.93
225819,-0.07,-2.45
225842,-0.38,-9.72
225878,0.11,3.51
225900,0.24,5.89
225923,-0.46,-12.50
225945,0.16,4.83
225968,0.10,1.92
225990,-0.46,-12.24
226014,0.32,8.93
226035,-0.07,-2.45
226059,-0.37,-9.46
226081,0.39,10.65
226104,-0.22,-6.28
226126,-0.20,-4.96
226149,0.42,11.18
226171,-0.33,-9.33
226194,-0.02,0.07
226216,0.36,9.33
226239,-0.41,-11.44
226262,0.14,4.17
226284,0.21,5.09
226307,-0.46,-12.63
226329,0.21,6.28
226352,0.05,0.73
226374,-0.46,-12.24
226397,0.34,9.59
226419,-0.11,-3.51
226442,-0.34,-8.66
226464,0.40,10.91
226490,-0.46,-12.37
226512,0.30,8.53
226535,-0.05,-1.92
226557,-0.39,-10.12
226580,0.38,10.65
226604,-0.22,-6.28
226626,-0.21,-5.09
226649,0.41,11.18
226676,-0.04,-0.33
226710,0.03,1.39
226733,0.34,8.53
226755,-0.43,-11.84
226778,0.16,4.56
226800,0.20,4.83
226823,-0.47,-12.90
226845,0.22,6.68
226868,0.03,0.20
226890,-0.44,-11.84
226913,0.33,9.33
226935,-0.12,-3.90
226958,-0.33,-8.40
226980,0.41,11.18
227003,-0.23,-6.55
227025,-0.17,-4.03
227048,0.41,11.04
227070,-0.36,-10.25
227097,0.39,10.78
227120,-0.21,-6.15
227142,-0.21,-5.22
227165,0.41,11.04
227187,-0.33,-9.33
227210,-0.01,0.20
227232,0.35,9.33
227255,-0.42,-11.44
227277,0.14,4.17
227300,0.21,5.09
227322,-0.47,-12.90
227345,0.23,6.55
227367,0.05,0.86
227390,-0.46,-12.24
227412,0.33,9.46
227435,-0.11,-3.64
227458,-0.33,-8.40
227480,0.40,11.04
227503,-0.24,-6.68
227525,-0.17,-4.03
227548,0.41,10.91
227570,-0.35,-10.12
227593,0.03,1.39
227615,0.33,8.53
227638,-0.44,-11.97
227660,0.15,4.43
227683,0.17,4.03
227709,-0.08,-1.26
227732,0.37,9.99
227755,-0.39,-10.78
227777,0.11,3.37
227800,0.26,6.42
227822,-0.46,-12.63
227845,0.17,4.96
227867,0.11,2.31
227890,-0.47,-12.63
227912,0.31,8.66
227935,-0.05,-1.92
227957,-0.39,-10.12
227980,0.38,10.52
228002,-0.22,-6.15
228025,-0.20,-4.96
228047,0.41,11.18
228070,-0.33,-9.33
228092,-0.04,-0.33
228115,0.36,9.46
228137,-0.42,-11.57
228160,0.13,4.03
228183,0.22,5.49
228205,-0.47,-12.63
228228,0.21,6.28
228250,0.06,0.99
228273,-0.45,-12.10
228299,0.30,7.47
228321,-0.45,-12.37
228344,0.18,4.96
228367,0.15,3.51
228389,-0.47,-12.63
228412,0.28,8.00
228434,-0.01,-0.86
228457,-0.42,-10.91
228480,0.38,10.52
228502,-0.20,-5.75
228525,-0.25,-6.15
228547,0.41,11.04
228570,-0.30,-8.66
228598,0.38,9.99
228631,0.36,9.33
228654,-0.43,-11.97
228677,0.12,3.77
228700,0.22,5.36
228721,-0.47,-12.90
228745,0.21,6.15
228767,0.06,1.12
228789,-0.45,-11.97
228812,0.33,9.33
228835,-0.10,-3.24
228857,-0.35,-8.93
228880,0.40,11.18
228902,-0.23,-6.42
228928,0.28,7.87
228951,-0.01,-0.86
228973,-0.42,-10.91
228996,0.37,10.25
229018,-0.20,-5.75
229041,-0.25,-6.15
229063,0.41,11.18
229086,-0.29,-8.40
229108,-0.07,-1.26
229131,0.38,10.25
229154,-0.41,-11.31
229177,0.12,3.90
229199,0.23,5.75
229222,-0.46,-12.63
229244,0.19,5.49
229267,0.08,1.52
229289,-0.46,-12.24
229312,0.33,9.06
229335,-0.08,-2.71
229357,-0.37,-9.46
229380,0.40,11.31
229402,-0.22,-6.28
229425,-0.21,-5.09
229447,0.41,11.04
229470,-0.33,-9.46
229492,-0.03,-0.07
229518,-0.18,-5.36
229540,-0.25,-6.15
229563,0.42,11.31
229586,-0.28,-8.13
229609,-0.08,-1.26
229632,0.38,9.99
229654,-0.40,-11.18
229677,0.10,3.24
229699,0.26,6.55
229722,-0.47,-12.63
229744,0.18,5.22
229767,0.11,2.31
229789,-0.46,-12.37
229812,0.31,8.80
229834,-0.05,-1.92
229857,-0.39,-9.99
229879,0.38,10.38
229902,-0.21,-5.89
229924,-0.23,-5.49
229947,0.41,11.18
229969,-0.32,-9.06
229992,-0.05,-0.60
230014,0.38,9.99
230037,-0.40,-11.04
230060,0.12,3.90
230082,0.24,5.75
230105,-0.47,-12.90
230221,-0.49,-13.43
230299,0.16,4.03
230322,-0.49,-13.29
230344,0.22,6.42
230367,0.02,-0.20
230389,-0.45,-11.97
230412,0.34,9.59
230434,-0.13,-4.17
230457,-0.32,-8.00
230479,0.41,11.31
230502,-0.24,-6.68
230524,-0.16,-3.64
230547,0.40,10.78
230571,-0.36,-10.25
230593,0.05,2.05
230616,0.32,7.87
230638,-0.44,-12.10
230661,0.16,4.43
230691,-0.19,-4.56
230726,0.05,1.92
230749,0.30,7.47
230771,-0.45,-12.37
230794,0.16,4.56
230816,0.15,3.51
230839,-0.48,-12.63
230861,0.25,7.34
230897,0.39,10.52
230921,-0.37,-10.38
230943,0.08,2.58
230966,0.30,7.47
230988,-0.45,-12.24
231011,0.14,4.17
231033,0.15,3.51
231056,-0.47,-12.76
231078,0.27,7.61
231101,-0.01,-0.86
231123,-0.43,-11.31
231146,0.37,10.12
231169,-0.18,-5.36
231191,-0.25,-6.28
231214,0.42,11.44
231236,-0.29,-8.27
231259,-0.09,-1.65
231281,0.37,9.99
231304,-0.39,-10.78
231326,0.09,2.84
231349,0.26,6.55
231371,-0.46,-12.50
231394,0.17,4.83
231416,0.14,3.24
231439,-0.47,-12.63
231461,0.29,8.27
231488,-0.43,-11.84
231511,0.13,3.77
231533,0.20,4.96
231556,-0.46,-12.50
231578,0.22,6.42
231601,0.06,0.99
231623,-0.45,-11.97
231646,0.33,9.33
231668,-0.10,-3.24
231691,-0.36,-9.06
231713,0.39,10.91
231736,-0.23,-6.28
231758,-0.18,-4.30
231781,0.41,10.91
231803,-0.34,-9.85
231826,-0.01,0.46
231848,0.36,9.33
231871,-0.42,-11.71
231894,0.14,4.17
231916,0.20,4.96
231939,-0.47,-12.90
231961,0.21,6.02
231984,0.07,1.12
232006,-0.46,-12.10
232029,0.33,9.19
232051,-0.09,-2.84
232074,-0.35,-8.80
232100,0.14,3.51
232123,-0.48,-12.90
232145,0.26,7.61
232168,0.01,-0.33
232190,-0.44,-11.57
232213,0.36,10.12
232236,-0.17,-5.09
232258,-0.29,-7.21
232281,0.42,11.31
232303,-0.26,-7.34
232326,-0.11,-2.58
232348,0.40,10.65
232371,-0.39,-10.91
232393,0.07,2.45
232416,0.29,7.08
232438,-0.45,-12.37
232461,0.17,4.83
232483,0.15,3.64
232506,-0.47,-12.76
232528,0.27,7.74
232551,0.01,-0.46
232573,-0.44,-11.71
232596,0.35,9.85
232652,-0.15,-4.70
232676,-0.21,-5.09
232698,0.40,10.78
232724,-0.42,-11.18
232747,0.37,10.12
232769,-0.18,-5.49
232792,-0.27,-6.81
232814,0.41,11.18
232837,-0.28,-7.87
232860,-0.07,-1.26
232883,0.37,9.85
232905,-0.41,-11.31
232928,0.14,4.03
232950,0.20,4.96
232973,-0.47,-12.76
232995,0.23,6.94
233018,0.02,-0.07
233040,-0.43,-11.57
233064,0.37,9.99
233086,-0.17,-5.22
233109,-0.26,-6.55
233132,0.41,11.18
233154,-0.30,-8.53
233177,-0.04,-0.46
233199,0.36,9.46
233222,-0.43,-11.84
233245,0.15,4.17
233268,0.18,4.30
233290,-0.47,-12.63
233313,0.26,7.47
233338,-0.42,-11.44
233362,0.13,3.90
233384,0.19,4.70
233407,-0.47,-12.76
233430,0.27,7.74
233452,-0.02,-0.99
233475,-0.43,-11.04
233497,0.39,10.78
233521,-0.22,-6.02
233543,-0.19,-4.70
233566,0.40,10.78
233588,-0.36,-10.25
233611,0.07,2.31
233633,0.27,6.55
233657,-0.46,-12.63
233679,0.20,5.75
233702,0.07,1.12
233724,-0.45,-11.97
233747,0.34,9.72
233769,-0.11,-3.64
233792,-0.32,-8.00
233815,0.41,11.31
233838,-0.26,-7.47
233861,-0.10,-2.05
233883,0.37,9.99
233906,-0.40,-11.18
233932,0.41,11.04
233955,-0.29,-8.40
233977,-0.05,-0.60
234000,0.37,9.59
234022,-0.42,-11.57
234045,0.15,4.30
234068,0.18,4.17
234091,-0.47,-12.63
234114,0.28,8.13
234136,-0.05,-1.79
234159,-0.39,-10.25
234181,0.38,10.52
234204,-0.22,-6.28
234227,-0.19,-4.56
234250,0.40,10.78
234272,-0.36,-10.12
234295,0.07,2.45
234317,0.29,7.34
234340,-0.46,-12.50
234363,0.19,5.36
234386,0.10,1.92
234408,-0.46,-12.37
234431,0.31,8.80
234454,-0.06,-2.31
234476,-0.38,-9.59
234499,0.39,10.78
234521,-0.22,-6.15
234542,-0.47,-12.50
234580,0.22,6.55
234603,-0.08,-2.58
234626,-0.38,-9.85
234648,0.38,10.52
234671,-0.21,-6.02
234693,-0.23,-5.62
234717,0.41,11.18
234739,-0.30,-8.66
234762,-0.07,-1.12
234784,0.37,9.85
234807,-0.40,-10.91
234829,0.11,3.37
234852,0.25,6.28
234874,-0.46,-12.50
234897,0.18,5.22
234919,0.11,2.58
234942,-0.47,-12.50
234964,0.30,8.53
234987,-0.03,-1.26
235010,-0.41,-10.65
235032,0.37,10.25
235055,-0.21,-5.89
235077,-0.24,-5.89
235100,0.41,11.04
235122,-0.30,-8.53
235149,0.35,9.72
235171,-0.13,-4.30
235194,-0.31,-7.74
235216,0.41,11.04
235239,-0.24,-6.81
235261,-0.16,-3.64
235284,0.39,10.52
235307,-0.36,-10.12
235329,0.03,1.39
235352,0.33,8.40
235374,-0.44,-11.97
235397,0.16,4.56
235419,0.19,4.56
235442,-0.46,-12.37
235464,0.23,6.68
235487,0.03,0.07
235509,-0.44,-11.71
235532,0.33,9.19
235554,-0.11,-3.77
235577,-0.34,-8.66
235599,0.39,10.91
235622,-0.23,-6.42
235644,-0.18,-4.30
235667,0.41,10.91
235689,-0.34,-9.72
235712,-0.02,-0.07
235749,0.33,9.19
235771,-0.11,-3.64
235794,-0.34,-8.66
235816,0.39,10.78
235839,-0.24,-6.55
235862,-0.17,-3.90
235884,0.41,11.04
235907,-0.35,-9.85
235929,0.01,0.86
235952,0.36,9.33
235974,-0.42,-11.71
235997,0.14,4.03
236019,0.20,4.96
236042,-0.47,-12.63
236064,0.20,5.89
236087,0.05,0.86
236109,-0.45,-11.84
236133,0.34,9.46
236155,-0.10,-3.24
236178,-0.34,-8.80
236200,0.40,11.18
236223,-0.23,-6.55
236246,-0.18,-4.30
236268,0.41,10.91
236291,-0.34,-9.72
236313,0.01,0.73
236336,0.35,9.06
236361,-0.26,-6.55
236384,0.41,11.04
236406,-0.27,-7.74
236429,-0.10,-2.05
236451,0.39,10.52
236481,0.14,3.90
236514,0.00,0.73
236535,0.33,8.53
236558,-0.43,-11.71
236581,0.15,4.43
236604,0.19,4.70
236626,-0.47,-12.76
236649,0.23,6.81
236672,0.04,0.46
236694,-0.44,-11.97
236717,0.34,9.33
236739,-0.12,-3.90
236762,-0.33,-8.13
236784,0.41,11.31
236807,-0.24,-6.81
236829,-0.16,-3.77
236852,0.41,11.04
236874,-0.36,-10.25
236897,0.03,1.52
236919,0.32,8.13
236942,-0.43,-11.84
236968,0.41,11.18
236991,-0.32,-9.19
237014,-0.05,-0.60
237036,0.36,9.59
237059,-0.41,-11.44
237081,0.14,4.03
237104,0.22,5.49
237126,-0.47,-12.76
237149,0.21,6.28
237171,0.05,0.86
237194,-0.45,-11.97
237216,0.33,9.33
237239,-0.10,-3.37
237261,-0.35,-8.80
237284,0.39,10.91
237306,-0.23,-6.42
237329,-0.17,-4.17
237352,0.40,10.91
237375,-0.35,-9.85
237398,0.01,0.86
237420,0.35,8.93
237443,-0.43,-11.84
237465,0.15,4.17
237488,0.18,4.43
237510,-0.47,-12.63
237533,0.23,6.81
237555,0.02,0.07
237581,0.07,2.58
237603,0.30,7.61
237626,-0.45,-12.24
237648,0.17,4.96
237671,0.14,3.24
237693,-0.46,-12.63
237716,0.27,7.74
237739,-0.01,-0.86
237761,-0.43,-11.31
237784,0.36,9.99
237806,-0.19,-5.62
237830,-0.26,-6.42
237852,0.42,11.31
237875,-0.27,-7.87
237897,-0.10,-2.05
237920,0.38,10.12
237942,-0.40,-11.18
237965,0.11,3.51
237987,0.25,6.15
238010,-0.46,-12.37
238032,0.19,5.62
238055,0.10,1.92
238077,-0.46,-12.24
238100,0.31,8.66
238123,-0.06,-2.31
238145,-0.39,-9.85
238168,0.38,10.65
238194,-0.47,-12.63
238217,0.26,7.47
238239,-0.00,-0.73
238262,-0.44,-11.57
238284,0.36,10.25
238307,-0.19,-5.62
238329,-0.25,-6.28
238352,0.41,11.18
238374,-0.29,-8.13
238403,0.34,8.93
238437,0.33,8.40
238459,-0.43,-11.84
238482,0.15,4.30
238504,0.18,4.30
238527,-0.48,-13.03
238550,0.23,6.68
238572,0.03,0.33
238595,-0.44,-11.84
238617,0.35,9.85
238640,-0.11,-3.90
238662,-0.32,-8.13
238685,0.42,11.44
238707,-0.23,-6.42
238731,-0.17,-3.90
238753,0.40,10.65
238776,-0.36,-10.38
238801,0.40,10.91
238824,-0.21,-5.89
238846,-0.20,-4.83
238869,0.42,11.18
238892,-0.33,-9.46
238915,-0.01,0.33
238938,0.35,9.33
238959,-0.41,-11.31
238983,0.14,4.30
239005,0.20,4.83
239028,-0.46,-12.50
239050,0.23,6.68
239073,0.05,0.60
239095,-0.45,-11.97
239118,0.34,9.59
239140,-0.12,-3.90
239163,-0.32,-8.13
239185,0.41,11.18
239208,-0.24,-6.94
239230,-0.16,-3.64
239253,0.40,10.65
239276,-0.35,-10.12
239298,0.05,1.92
239321,0.31,7.74
239343,-0.44,-12.10
239367,0.17,4.83
239392,-0.32,-9.19
239415,-0.05,-0.73
239437,0.36,9.46
239460,-0.41,-11.31
239482,0.12,3.51
239505,0.23,5.62
239527,-0.47,-12.63
239550,0.21,6.02
239572,0.04,0.60
239595,-0.46,-12.37
239618,0.33,9.33
239640,-0.10,-3.37
239663,-0.33,-8.40
239685,0.39,10.91
239708,-0.23,-6.42
239731,-0.17,-4.03
239754,0.40,10.78
239776,-0.36,-10.12
239799,0.02,1.26
239821,0.33,8.27
239844,-0.43,-11.97
239866,0.16,4.70
239889,0.16,3.90
239911,-0.47,-12.50
239934,0.26,7.61
239956,0.00,-0.60
239979,-0.44,-11.57
240006,0.22,5.49
240028,-0.47,-12.76
240051,0.21,6.28
240073,0.05,0.60
240096,-0.44,-11.84
240118,0.34,9.59
240141,-0.12,-3.90
240163,-0.32,-8.13
240186,0.41,11.31
240208,-0.25,-6.94
240231,-0.14,-3.11
240253,0.40,10.65
240276,-0.38,-10.65
240300,0.08,2.71
240327,-0.45,-12.37
240361,-0.47,-12.90
240384,0.21,6.15
240406,0.04,0.46
240429,-0.45,-11.97
240452,0.34,9.59
240475,-0.12,-4.03
240497,-0.32,-8.00
240520,0.40,11.04
240542,-0.24,-6.81
240565,-0.15,-3.37
240587,0.39,10.52
240623,-0.02,-1.12
240647,-0.43,-11.18
240669,0.39,10.78
240692,-0.21,-5.89
240714,-0.22,-5.49
240737,0.41,10.91
240759,-0.32,-9.19
240782,-0.04,-0.46
240804,0.35,9.19
240827,-0.42,-11.57
240849,0.14,4.30
240872,0.21,5.09
240894,-0.47,-12.50
240917,0.22,6.42
240940,0.04,0.33
240962,-0.44,-11.84
240986,0.34,9.46
241008,-0.13,-4.17
241031,-0.31,-7.61
241053,0.41,11.18
241076,-0.24,-6.94
241098,-0.12,-2.71
241121,0.40,10.52
241143,-0.39,-10.78
241166,0.09,3.11
241188,0.27,6.55
241211,-0.47,-12.76
241238,0.41,10.91
241260,-0.36,-10.25
241283,0.04,1.79
241305,0.30,7.47
241328,-0.44,-12.10
241350,0.17,4.83
241373,0.15,3.51
241395,-0.47,-12.76
241418,0.29,8.27
241440,-0.02,-1.12
241463,-0.41,-10.65
241486,0.37,10.25
241509,-0.22,-6.28
241531,-0.23,-5.75
241554,0.41,10.91
241576,-0.32,-9.06
241599,0.00,0.73
241622,0.37,9.72
241644,-0.40,-11.18
241667,0.14,4.17
241689,0.21,5.09
241712,-0.47,-12.76
241734,0.23,6.68
241757,0.05,0.60
241779,-0.45,-12.10
241802,0.34,9.33
241828,-0.46,-12.50
241851,0.18,5.22
241873,0.10,2.05
241896,-0.46,-12.24
241918,0.30,8.40
241941,-0.07,-2.58
241964,-0.38,-9.72
241986,0.38,10.78
242009,-0.22,-6.28
242031,-0.20,-4.83
242054,0.41,10.91
242076,-0.33,-9.46
242100,0.00,0.86
242122,0.35,9.19
242145,-0.42,-11.57
242167,0.15,4.30
242190,0.19,4.70
242212,-0.47,-12.50
242235,0.21,6.28
242273,0.24,6.02
242295,-0.47,-12.63
242319,0.28,7.87
242340,-0.02,-0.99
242364,-0.43,-11.18
242386,0.37,10.25
242409,-0.20,-5.75
242432,-0.24,-5.89
242457,0.02,-0.07
242480,-0.45,-11.97
242502,0.34,9.46
242525,-0.15,-4.70
242547,-0.31,-7.74
242570,0.41,11.18
242593,-0.24,-6.94
242616,-0.13,-2.84
242638,0.40,10.65
242661,-0.39,-10.91
242683,0.08,2.71
242706,0.27,6.81
242728,-0.46,-12.63
242751,0.17,4.96
242774,0.12,2.71
242796,-0.47,-12.37
242819,0.31,8.66
242841,-0.07,-2.31
242864,-0.38,-9.72
242886,0.40,10.91
242909,-0.21,-6.02
242932,-0.21,-4.96
242955,0.41,11.04
242977,-0.34,-9.72
243000,-0.02,0.07
243022,0.35,9.06
243048,-0.26,-6.55
243070,0.41,11.04
243093,-0.28,-7.87
243116,-0.09,-1.65
243138,0.39,10.25
243161,-0.41,-11.18
243184,0.11,3.37
243207,0.23,5.62
243229,-0.46,-12.50
243252,0.20,5.89
243274,0.06,0.86
243297,-0.46,-12.10
243319,0.33,9.19
243342,-0.11,-3.77
243364,-0.33,-8.27
243387,0.40,11.04
243409,-0.23,-6.55
243432,-0.15,-3.64
243454,0.40,10.78
243477,-0.37,-10.38
243501,0.04,1.79
243522,0.31,7.61
243545,-0.45,-12.37
243568,0.14,4.03
243591,0.13,3.24
243613,-0.47,-12.50
243639,0.35,8.93
243661,-0.42,-11.71
243684,0.15,4.30
243706,0.19,4.70
243729,-0.47,-12.90
243751,0.24,6.94
243774,0.03,0.07
243796,-0.44,-11.84
243820,0.34,9.59
243843,-0.15,-4.70
243865,-0.31,-7.61
243888,0.41,11.31
243910,-0.25,-7.21
243933,-0.12,-2.71
243955,0.39,10.38
243978,-0.39,-10.65
244000,0.10,3.24
244023,0.25,6.28
244045,-0.46,-12.50
244068,0.16,4.96
244090,0.10,2.05
244113,-0.46,-12.37
244135,0.30,8.66
244158,-0.05,-1.92
244198,-0.33,-8.53
244221,0.41,10.91
244244,-0.32,-9.33
244270,0.35,9.72
244292,-0.18,-5.36
244315,-0.27,-6.81
244337,0.41,11.18
244361,-0.27,-8.00
244383,-0.10,-1.92
244406,0.38,10.25
244428,-0.40,-11.04
244451,0.11,3.37
244473,0.22,5.49
244496,-0.47,-12.90
244518,0.20,5.75
244541,0.08,1.39
244563,-0.45,-11.97
244586,0.33,9.06
244609,-0.09,-3.11
244631,-0.35,-8.93
244654,0.39,10.78
244676,-0.23,-6.55
244699,-0.18,-4.30
244722,0.41,10.91
244745,-0.36,-10.12
244767,0.03,1.39
244790,0.32,8.13
244812,-0.44,-12.10
244835,0.17,4.70
244860,-0.32,-8.93
244883,-0.04,-0.46
244905,0.35,9.33
244928,-0.43,-11.71
244952,0.12,3.77
244974,0.20,4.96
244997,-0.48,-12.90
245019,0.23,6.81
245042,0.03,0.20
245064,-0.46,-12.24
245087,0.34,9.59
245109,-0.15,-4.70
245132,-0.30,-7.74
245154,0.41,11.04
245177,-0.25,-7.21
245199,-0.12,-2.71
245222,0.39,10.38
245244,-0.39,-10.78
245268,0.10,3.37
245289,0.27,6.68
245312,-0.45,-12.37
245336,0.18,5.22
245358,0.08,1.65
245381,-0.46,-12.37
245403,0.32,9.06
245426,-0.09,-3.11
245448,-0.36,-9.33
245484,0.12,3.77
245507,0.21,5.09
245529,-0.47,-12.76
245553,0.21,6.28
245575,0.04,0.46
245598,-0.45,-11.97
245620,0.36,9.99
245643,-0.15,-4.56
245665,-0.28,-6.94
245688,0.42,11.44
245710,-0.26,-7.47
245733,-0.02,-0.07
245755,0.39,10.38
245778,-0.40,-11.31
245801,0.11,3.51
245824,0.22,5.49
245847,-0.47,-12.76
245869,0.21,6.28
245892,0.05,0.60
245914,-0.43,-11.57
245937,0.35,9.85
245959,-0.15,-4.70
245982,-0.29,-7.21
246004,0.41,11.18
246027,-0.26,-7.47
246050,-0.11,-2.18
246076,-0.12,-3.90
246115,-0.40,-10.25
246138,0.42,11.18
246161,-0.29,-8.13
246183,-0.07,-1.26
246206,0.36,9.59
246228,-0.42,-11.57
246251,0.13,3.77
246274,0.23,5.62
246296,-0.46,-12.37
246319,0.20,6.02
246341,0.06,0.86
246364,-0.45,-11.97
246387,0.34,9.59
246410,-0.13,-4.30
246432,-0.31,-7.74
246455,0.40,11.04
246477,-0.24,-6.94
246500,-0.12,-2.58
246522,0.38,10.25
246545,-0.40,-11.18
246567,0.09,2.98
246590,0.25,6.28
246612,-0.46,-12.63
246636,0.19,5.49
246659,0.08,1.52
246681,-0.45,-11.97
246707,0.29,7.21
246729,-0.44,-12.24
246752,0.16,4.56
246774,0.12,2.71
246797,-0.46,-12.50
246819,0.31,8.66
246842,-0.06,-2.18
246864,-0.38,-9.59
246888,0.39,10.78
246910,-0.23,-6.15
246933,-0.20,-4.83
246956,0.41,10.91
246978,-0.34,-9.85
247001,0.05,1.65
247023,0.34,8.66
247046,-0.43,-11.84
247068,0.15,4.30
247091,0.16,3.90
247113,-0.47,-12.76
247136,0.26,7.61
247158,-0.01,-0.73
247181,-0.42,-11.04
247204,0.38,10.52
247227,-0.21,-5.89
247249,-0.22,-5.62
247272,0.41,11.04
247298,-0.43,-11.04
247321,0.38,10.52
247344,-0.20,-5.49
247366,-0.19,-4.30
247389,0.43,11.71
247411,-0.32,-9.46
247434,-0.03,-0.07
247456,0.35,9.06
247479,-0.43,-11.84
247501,0.15,4.43
247524,0.18,4.43
247546,-0.47,-12.63
247570,0.26,7.47
247592,-0.01,-0.86
247615,-0.42,-11.04
247638,0.39,10.78
247660,-0.20,-5.49
247683,-0.23,-5.75
247705,0.42,11.18
247728,-0.33,-9.59
247750,-0.03,-0.07
247773,0.35,8.93
247795,-0.42,-11.44
247819,0.16,4.56
247841,0.18,4.43
247864,-0.46,-12.50
247889,0.37,9.72
247912,-0.41,-11.44
247934,0.11,3.37
247957,0.21,5.22
247980,-0.47,-12.63
248003,0.21,6.15
248041,0.24,5.89
248064,-0.47,-12.50
248086,0.29,8.27
248109,-0.04,-1.52
248132,-0.40,-10.52
248155,0.37,10.38
248177,-0.22,-6.15
248200,-0.15,-3.24
248222,0.42,11.18
248245,-0.33,-9.46
248267,0.01,0.99
248290,0.34,8.80
248312,-0.43,-11.97
248335,0.15,4.17
248357,0.17,4.17
248380,-0.47,-12.63
248403,0.26,7.74
248426,-0.01,-0.86
248449,-0.41,-10.78
248471,0.39,10.65
248494,-0.21,-5.89
248519,0.24,7.08
248542,0.01,-0.20
248564,-0.44,-11.57
248588,0.35,9.85
248610,-0.17,-5.09
248633,-0.25,-5.89
248655,0.43,11.44
248678,-0.27,-7.87
248700,-0.07,-1.26
248723,0.37,9.85
248745,-0.42,-11.57
248768,0.12,3.64
248791,0.21,5.36
248813,-0.45,-12.37
248837,0.22,6.55
248859,0.04,0.33
248882,-0.44,-11.84
248904,0.34,9.72
248927,-0.16,-4.96
248949,-0.28,-7.08
248972,0.41,11.18
248994,-0.25,-7.21
249017,-0.08,-1.52
249039,0.38,10.25
249062,-0.40,-10.91
249085,0.12,3.64
249111,-0.25,-7.08
249134,-0.11,-2.05
249156,0.40,10.65
249179,-0.41,-11.18
249201,0.10,3.11
249224,0.25,6.15
249246,-0.47,-12.76
249270,0.19,5.62
249292,0.06,0.86
249315,-0.45,-11.97
249337,0.34,9.72
249360,-0.12,-4.03
249382,-0.31,-7.74
249405,0.41,11.31
249427,-0.24,-7.08
249450,-0.12,-2.58
249473,0.39,10.52
249495,-0.39,-10.78
249519,0.11,3.51
249541,0.24,6.02
249564,-0.47,-12.90
249586,0.20,5.62
249609,0.07,1.26
249631,-0.45,-11.97
249654,0.34,9.46
249676,-0.13,-4.30
249699,-0.30,-7.61
249821,0.35,9.72
249900,-0.33,-8.53
249922,0.39,10.78
249945,-0.27,-7.61
249967,-0.11,-2.18
249990,0.38,10.25
250012,-0.40,-11.18
250035,0.12,3.64
250057,0.22,5.49
250080,-0.48,-12.90
250109,-0.08,-2.71
250142,0.11,2.45
250165,-0.46,-12.37
250187,0.32,9.19
250210,-0.08,-2.58
250232,-0.37,-9.33
250255,0.41,11.31
250277,-0.22,-6.15
250300,-0.17,-4.03
250322,0.39,10.52
250345,-0.37,-10.52
250369,0.04,1.79
250391,0.29,7.21
250414,-0.46,-12.50
250436,0.15,4.56
250459,0.13,2.98
250494,-0.28,-8.13
250517,0.01,0.60
250540,0.39,10.52
250562,-0.40,-11.04
250586,0.11,3.37
250608,0.22,5.36
250631,-0.47,-12.90
250653,0.21,6.28
250676,0.03,0.20
250698,-0.45,-11.97
250721,0.35,9.72
250743,-0.15,-4.70
250766,-0.27,-6.94
250788,0.42,11.31
250812,-0.26,-7.61
250834,-0.08,-1.52
250857,0.38,10.12
250880,-0.41,-11.44
250902,0.14,4.17
250925,0.19,4.83
250947,-0.46,-12.50
250970,0.23,7.08
250992,0.02,-0.20
251015,-0.43,-11.31
251038,0.36,9.99
251061,-0.19,-5.36
251083,-0.27,-6.68
251109,0.04,0.46
251131,-0.44,-11.71
251154,0.35,9.72
251176,-0.15,-4.70
251200,-0.28,-7.08
251223,0.42,11.44
251245,-0.27,-7.74
251268,-0.09,-1.65
251290,0.38,10.12
251313,-0.41,-11.18
251335,0.14,4.30
251358,0.21,5.09
251380,-0.46,-12.50
251404,0.23,6.81
251426,0.02,-0.20
251449,-0.43,-11.31
251471,0.37,10.52
251494,-0.19,-5.49
251516,-0.25,-6.15
251539,0.42,11.18
251561,-0.31,-8.80
251584,0.02,0.99
251607,0.38,10.12
251629,-0.41,-11.31
251653,0.14,4.30
251675,0.19,4.56
251701,-0.09,-1.79
251723,0.39,10.12
251746,-0.41,-11.18
251768,0.13,3.90
251791,0.22,5.49
251813,-0.47,-12.90
251837,0.21,6.02
251859,0.05,0.60
251882,-0.44,-11.71
251905,0.34,9.59
251927,-0.15,-4.70
251950,-0.29,-7.21
251972,0.41,11.44
251995,-0.25,-7.21
252017,-0.02,0.07
252057,0.42,11.18
252080,-0.42,-11.57
252102,0.15,4.43
252125,0.17,4.17
252147,-0.47,-12.76
252171,0.26,7.34
252193,-0.03,-1.12
252216,-0.41,-10.65
252238,0.39,10.65
252261,-0.21,-5.89
252283,-0.18,-4.17
252307,0.41,10.78
252333,-0.34,-8.53
252355,0.41,11.18
252378,-0.24,-6.68
252401,-0.11,-2.31
252424,0.39,10.52
252446,-0.41,-11.44
252469,0.15,4.30
252492,0.16,3.90
252515,-0.46,-12.50
252537,0.30,8.40
252560,-0.06,-2.31
252582,-0.36,-9.19
252605,0.40,11.18
252628,-0.24,-6.94
252651,-0.11,-2.18
252674,0.37,9.99
252696,-0.41,-11.44
252719,0.13,4.03
252741,0.20,4.83
252765,-0.48,-13.03
252787,0.26,7.61
252810,-0.05,-1.92
252832,-0.36,-9.06
252855,0.41,11.31
252878,-0.23,-6.55
252901,-0.12,-2.71
252928,-0.14,-4.56
252950,-0.28,-6.94
252973,0.42,11.44
252995,-0.30,-8.66
253018,0.00,0.73
253041,0.35,8.80
253064,-0.43,-11.97
253086,0.17,4.83
253109,0.11,2.31
253131,-0.46,-12.24
253155,0.33,9.06
253177,-0.14,-4.30
253200,-0.27,-6.81
253222,0.42,11.31
253245,-0.29,-8.53
253268,-0.04,-0.33
253291,0.33,8.40
253314,-0.44,-12.24
253336,0.15,4.30
253359,0.10,2.05
253382,-0.45,-11.97
253405,0.35,9.72
253427,-0.17,-5.36
253450,-0.26,-6.42
253473,0.41,11.18
253496,-0.33,-9.72
253521,0.39,10.91
253545,-0.22,-6.02
253568,-0.17,-4.03
253590,0.40,10.78
253613,-0.37,-10.25
253635,0.10,3.24
253658,0.25,6.15
253681,-0.47,-12.76
253704,0.21,6.02
253726,0.01,-0.33
253749,-0.43,-11.18
253771,0.39,10.78
253795,-0.21,-5.89
253817,-0.18,-4.30
253840,0.41,11.04
253862,-0.36,-10.25
253885,0.04,1.65
253907,0.30,7.34
253930,-0.45,-12.37
253953,0.17,4.83
253990,0.39,10.25
254014,-0.44,-12.24
254036,0.17,4.83
254059,0.13,3.11
254082,-0.47,-12.63
254104,0.30,8.53
254127,-0.06,-2.18
254152,0.15,4.43
254175,0.18,4.56
254197,-0.47,-12.76
254221,0.24,7.08
254243,-0.00,-0.73
254266,-0.43,-11.31
254288,0.37,10.12
254311,-0.20,-5.75
254333,-0.24,-5.75
254356,0.42,11.31
254379,-0.31,-8.93
254401,-0.03,-0.07
254425,0.35,9.19
254447,-0.42,-11.57
254470,0.16,4.56
254492,0.17,3.90
254515,-0.47,-12.63
254537,0.26,7.47
254560,-0.01,-0.86
254582,-0.42,-10.91
254605,0.38,10.65
254627,-0.21,-5.89
254650,-0.21,-5.22
254673,0.42,11.18
254696,-0.33,-9.46
254718,-0.00,0.60
254744,-0.20,-5.75
254767,-0.23,-5.75
254789,0.41,11.04
254813,-0.31,-9.06
254835,-0.02,0.07
254858,0.35,9.19
254880,-0.42,-11.57
254903,0.15,4.43
254925,0.17,4.30
254948,-0.48,-12.90
254970,0.27,7.74
254993,-0.01,-0.99
255015,-0.41,-10.65
255039,0.38,10.52
255062,-0.21,-5.89
255084,-0.20,-4.83
255107,0.41,10.91
255129,-0.33,-9.46
255152,0.02,1.26
255174,0.33,8.53
255197,-0.44,-11.97
255219,0.17,4.83
255242,0.17,4.03
255264,-0.48,-12.63
255288,0.29,8.27
255310,-0.04,-1.65
255333,-0.39,-9.99
255369,0.10,3.37
255391,0.23,5.62
255414,-0.47,-12.76
255437,0.22,6.42
255460,0.05,0.73
255482,-0.44,-11.71
255505,0.35,9.72
255527,-0.16,-4.70
255550,-0.27,-6.68
255572,0.41,11.31
255595,-0.29,-8.27
255618,-0.05,-0.73
255641,0.36,9.46
255664,-0.41,-11.31
255686,0.15,4.43
255709,0.18,4.43
255731,-0.47,-12.50
255754,0.26,7.74
255776,-0.02,-1.12
255799,-0.40,-10.25
255822,0.38,10.65
255845,-0.23,-6.28
255867,-0.19,-4.43
255896,-0.41,-11.44
255931,-0.45,-12.37
255953,0.18,5.09
255979,-0.35,-9.85
256002,0.02,0.99
256024,0.32,8.00
256047,-0.43,-11.84
256069,0.16,4.43
256092,0.16,3.77
256114,-0.47,-12.63
256138,0.28,8.00
256160,-0.02,-1.26
256183,-0.39,-10.12
256205,0.39,10.65
256228,-0.22,-6.15
256250,-0.19,-4.43
256273,0.41,11.04
256296,-0.36,-10.25
256319,0.07,2.18
256342,0.30,7.47
256364,-0.45,-12.50
256387,0.16,4.56
256409,0.10,2.05
256432,-0.45,-12.10
256454,0.32,9.06
256477,-0.10,-3.37
256499,-0.33,-8.40
256523,0.41,11.18
256545,-0.24,-6.68
256571,0.32,8.93
256593,-0.08,-2.84
256616,-0.34,-8.80
256638,0.40,11.04
256662,-0.23,-6.42
256685,-0.15,-3.51
256707,0.39,10.38
256730,-0.38,-10.52
256752,0.07,2.71
256775,0.25,6.28
256797,-0.47,-12.76
256820,0.18,5.22
256842,0.08,1.39
256865,-0.45,-11.97
256888,0.34,9.46
256911,-0.13,-4.17
256933,-0.30,-7.47
256956,0.41,11.18
256978,-0.26,-7.34
257001,-0.09,-1.65
257024,0.37,9.85
257046,-0.39,-10.78
257070,0.12,3.77
257092,0.23,5.62
257115,-0.48,-12.90
257137,0.22,6.55
257160,0.04,0.46
257185,0.07,2.45
257208,0.28,6.94
257230,-0.46,-12.63
257254,0.16,4.70
257276,0.09,1.65
257299,-0.45,-12.10
257321,0.34,9.33
257344,-0.12,-3.90
257367,-0.31,-7.74
257389,0.43,11.57
257412,-0.25,-7.08
257434,-0.11,-2.45
257458,0.38,10.12
257480,-0.40,-11.04
257503,0.12,3.77
257525,0.21,5.22
257548,-0.47,-12.76
257570,0.24,7.08
257593,0.03,0.07
257615,-0.45,-11.97
257638,0.35,9.72
257660,-0.17,-5.09
257684,-0.27,-6.68
257707,0.41,11.31
257729,-0.29,-8.27
257752,-0.03,-0.07
257777,-0.18,-5.36
257801,-0.28,-6.94
257840,0.39,10.65
257862,-0.29,-8.53
257885,-0.07,-1.12
257907,0.36,9.46
257930,-0.41,-11.18
257953,0.14,4.17
257976,0.20,4.83
257998,-0.46,-12.50
258021,0.24,7.21
258043,0.00,-0.60
258066,-0.43,-11.44
258088,0.37,10.12
258111,-0.19,-5.62
258134,-0.23,-5.75
258156,0.41,11.18
258180,-0.32,-9.06
258202,-0.01,0.33
258225,0.35,8.93
258247,-0.43,-11.84
258270,0.16,4.56
258292,0.17,4.03
258315,-0.48,-12.90
258337,0.28,8.13
258360,-0.04,-1.52
258382,-0.39,-10.25
258409,0.17,4.03
258432,-0.47,-12.63
258454,0.28,8.13
258477,-0.04,-1.65
258499,-0.40,-10.38
258523,0.39,10.78
258545,-0.21,-5.89
258568,-0.14,-2.98
258590,0.41,10.91
258613,-0.36,-10.25
258635,0.06,2.18
258658,0.30,7.47
258680,-0.46,-12.63
258704,0.16,4.56
258726,0.11,2.58
258749,-0.46,-12.24
258771,0.33,9.19
258794,-0.10,-3.24
258817,-0.33,-8.53
258839,0.41,11.31
258862,-0.23,-6.68
258884,-0.09,-1.52
258908,0.39,10.52
258930,-0.39,-10.78
258953,0.10,3.11
258975,0.25,6.02
259001,-0.16,-3.64
259023,0.40,10.78
259047,-0.37,-10.38
259069,0.07,2.58
259092,0.26,6.68
259115,-0.46,-12.50
259137,0.19,5.62
259160,0.08,1.52
259182,-0.45,-11.97
259205,0.34,9.46
259227,-0.12,-3.90
259250,-0.31,-7.87
259273,0.42,11.44
259296,-0.25,-7.08
259318,-0.12,-2.71
259341,0.38,10.12
259363,-0.40,-11.18
259386,0.12,3.77
259408,0.23,5.75
259431,-0.47,-12.63
259454,0.21,6.15
259477,0.03,0.20
259500,-0.44,-11.84
259522,0.35,9.99
259545,-0.15,-4.70
259567,-0.28,-7.08
259590,0.42,11.44
259616,-0.45,-11.84
259639,0.37,10.38
259661,-0.17,-4.96
259684,-0.24,-6.15
259706,0.41,11.18
259729,-0.30,-8.66
259786,-0.04,-0.46
259809,0.23,5.75
259831,-0.47,-12.76
259854,0.22,6.42
259876,0.04,0.46
259899,-0.45,-11.97
259922,0.36,9.85
259945,-0.16,-4.83
259968,-0.27,-6.94
259990,0.42,11.31
260013,-0.28,-8.00
260035,-0.05,-0.86
260058,0.37,9.85
260080,-0.41,-11.18
260104,0.14,4.03
260126,0.19,4.70
260149,-0.47,-12.63
260171,0.27,7.61
260194,-0.01,-0.99
260216,-0.41,-10.78
260253,0.11,3.24
260276,0.23,5.75
260298,-0.46,-12.50
260321,0.20,5.89
260343,0.05,0.86
260366,-0.44,-11.84
260389,0.34,9.59
260412,-0.17,-5.09
260434,-0.28,-6.94
260457,0.42,11.31
260480,-0.29,-8.40
260502,-0.07,-1.12
260525,0.36,9.59
260547,-0.43,-11.84
260571,0.13,4.03
260593,0.18,4.43
260616,-0.47,-12.63
260638,0.27,7.74
260661,-0.02,-1.12
260683,-0.40,-10.52
260706,0.40,10.91
260729,-0.21,-5.89
260752,-0.18,-4.30
260774,0.41,10.91
260797,-0.37,-10.38
260819,0.06,2.31
260846,-0.23,-6.42
260869,-0.16,-3.77
260891,0.40,10.78
260914,-0.37,-10.38
260936,0.08,2.71
260959,0.26,6.55
260982,-0.47,-12.76
261005,0.19,5.62
261027,0.07,1.26
261050,-0.45,-12.10
261072,0.36,9.99
261095,-0.13,-4.30
261117,-0.29,-7.21
261140,0.42,11.44
261164,-0.26,-7.61
261186,-0.09,-1.65
261209,0.38,9.99
261231,-0.41,-11.31
261254,0.13,4.03
261276,0.21,5.09
261299,-0.47,-12.76
261322,0.23,6.81
261345,0.01,-0.20
261367,-0.43,-11.18
261390,0.37,10.25
261412,-0.19,-5.49
261435,-0.24,-5.89
261462,0.00,-0.60
261484,-0.43,-11.18
261507,0.37,10.25
261529,-0.21,-5.89
261552,-0.21,-5.22
261574,0.41,11.04
261598,-0.33,-9.33
261620,0.01,0.99
261643,0.34,8.66
261665,-0.44,-12.10
261694,0.15,3.64
261728,0.09,1.79
261750,-0.46,-12.24
261773,0.32,9.06
261795,-0.11,-3.64
261818,-0.31,-7.87
261840,0.40,11.18
261863,-0.25,-7.21
261886,-0.13,-2.98
261909,0.38,10.12
261932,-0.40,-11.18
261954,0.10,3.11
261977,0.24,5.89
261999,-0.47,-12.76
262022,0.23,6.55
262045,0.04,0.46
262071,0.05,2.05
262093,0.28,6.94
262116,-0.46,-12.50
262138,0.20,5.75
262161,0.08,1.39
262183,-0.45,-11.97
262207,0.35,9.85
262230,-0.16,-4.96
262252,-0.28,-7.08
262275,0.42,11.44
262297,-0.31,-9.06
262321,-0.05,-0.73
262343,0.35,9.06
262366,-0.42,-11.44
262388,0.14,4.17
262411,0.17,4.03
262433,-0.46,-12.50
262456,0.25,7.34
262479,-0.06,-2.18
262502,-0.39,-9.99
262524,0.40,11.18
262547,-0.22,-6.15
262569,-0.15,-3.24
262592,0.41,10.91
262615,-0.37,-10.38
262638,0.08,2.58
262661,0.27,6.68
262686,-0.16,-3.77
262709,0.40,10.78
262732,-0.39,-10.78
262755,0.08,2.71
262777,0.25,6.28
262800,-0.47,-12.76
262822,0.22,6.42
262845,0.07,1.26
262867,-0.45,-11.97
262891,0.35,9.72
262914,-0.17,-5.09
262936,-0.27,-6.68
262959,0.43,11.44
262981,-0.28,-8.27
263005,-0.04,-0.33
263027,0.36,9.19
263050,-0.43,-11.84
263072,0.14,4.17
263095,0.13,3.11
263117,-0.46,-12.24
263141,0.31,8.66
263163,-0.12,-3.90
263186,-0.33,-8.40
263208,0.40,11.04
263231,-0.25,-7.21
263255,-0.08,-1.52
263280,-0.17,-5.09
263303,-0.29,-7.34
263325,0.41,11.04
263349,-0.28,-8.13
263371,-0.04,-0.46
263394,0.36,9.33
263416,-0.43,-11.84
263439,0.16,4.43
263462,0.15,3.64
263485,-0.47,-12.63
263507,0.29,8.27
263530,-0.07,-2.45
263553,-0.37,-9.59
263575,0.41,11.18
263598,-0.22,-6.28
263626,0.41,10.91
263660,0.39,10.38
263683,-0.39,-10.78
263706,0.08,2.58
263729,0.25,6.15
263751,-0.47,-12.90
263774,0.20,5.89
263796,0.08,1.39
263819,-0.45,-12.10
263841,0.36,9.99
263864,-0.13,-4.03
263886,-0.31,-7.74
263913,0.09,1.79
263936,-0.47,-12.50
263958,0.32,9.06
263981,-0.10,-3.24
264003,-0.33,-8.40
264026,0.43,11.71
264048,-0.23,-6.55
264072,-0.15,-3.37
264094,0.39,10.38
264117,-0.40,-11.04
264139,0.09,3.11
264162,0.24,6.02
264184,-0.47,-12.90
264207,0.18,5.36
264230,0.07,0.99
264253,-0.45,-11.97
264275,0.34,9.46
264298,-0.15,-4.70
264321,-0.30,-7.61
264343,0.41,11.31
264366,-0.27,-7.61
264388,-0.09,-1.79
264412,0.39,10.38
264434,-0.41,-11.31
264457,0.13,4.03
264479,0.20,4.96
264505,-0.10,-1.65
264528,0.39,10.25
264551,-0.40,-11.04
264573,0.12,3.77
264596,0.21,5.22
264619,-0.47,-12.76
264641,0.23,6.94
264664,0.03,0.07
264686,-0.45,-11.84
264710,0.36,9.99
264732,-0.17,-5.09
264755,-0.26,-6.68
264777,0.42,11.31
264800,-0.29,-8.40
264822,-0.06,-1.12
264845,0.36,9.46
264868,-0.42,-11.57
264891,0.14,4.30
264913,0.19,4.70
264936,-0.47,-12.76
264958,0.26,7.47
264981,-0.00,-0.73
265004,-0.43,-11.44
265026,0.37,10.25
265050,-0.21,-5.75
265072,-0.21,-5.22
265095,0.41,10.91
265132,0.04,0.46
265154,-0.44,-11.84
265177,0.35,9.85
265199,-0.16,-4.96
265222,-0.28,-6.94
265244,0.41,11.18
265267,-0.28,-8.13
265290,-0.05,-0.60
265313,0.37,9.72
265335,-0.41,-11.44
265358,0.14,4.30
265380,0.19,4.56
265403,-0.48,-12.90
265425,0.26,7.47
265448,-0.01,-0.86
265472,-0.42,-10.91
265494,0.38,10.65
265517,-0.21,-6.02
265539,-0.21,-4.96
265577,0.31,8.93
265600,-0.21,-5.89
265622,-0.21,-4.83
265646,0.41,11.18
265668,-0.33,-9.59
265691,-0.01,0.46
265713,0.33,8.66
265739,-0.24,-6.02
265761,0.42,11.18
265785,-0.30,-8.66
265807,-0.04,-0.60
265830,0.35,9.06
265852,-0.44,-12.10
265875,0.14,4.17
265897,0.16,3.90
265920,-0.47,-12.76
265944,0.27,7.74
265966,-0.03,-1.39
265989,-0.40,-10.25
266011,0.38,10.52
266034,-0.23,-6.28
266056,-0.18,-4.30
266080,0.39,10.52
266102,-0.37,-10.52
266125,0.07,2.58
266147,0.27,6.55
266170,-0.47,-12.76
266192,0.17,5.09
266215,0.09,1.65
266237,-0.47,-12.37
266261,0.33,9.19
266284,-0.12,-3.90
266306,-0.33,-8.13
266332,0.10,2.05
266354,-0.45,-12.10
266378,0.32,9.06
266400,-0.11,-3.90
266423,-0.34,-8.53
266445,0.41,11.04
266468,-0.25,-7.08
266490,-0.12,-2.71
266513,0.39,10.52
266536,-0.40,-11.18
266559,0.11,3.24
266582,0.21,5.09
266604,-0.47,-12.76
266627,0.22,6.42
266649,0.01,-0.46
266672,-0.43,-11.31
266695,0.37,10.12
266718,-0.20,-5.75
266740,-0.23,-5.89
266763,0.41,11.18
266785,-0.33,-9.59
266808,0.04,1.39
266830,0.34,8.80
266854,-0.42,-11.71
266876,0.16,4.43
266899,0.14,3.24
266921,-0.48,-12.90
266948,0.34,8.93
266971,-0.43,-11.84
266993,0.14,4.30
267016,0.16,3.77
267038,-0.47,-12.63
267061,0.29,8.27
267083,-0.06,-2.18
267106,-0.38,-9.72
267129,0.38,10.65
267152,-0.23,-6.42
267174,-0.17,-4.03
267197,0.40,10.78
267219,-0.38,-10.52
267242,0.06,2.31
267265,0.26,6.55
267288,-0.47,-12.76
267311,0.17,5.09
267333,0.09,1.65
267356,-0.46,-12.24
267378,0.33,9.33
267401,-0.13,-4.30
267423,-0.31,-7.87
267447,0.41,11.18
267469,-0.26,-7.34
267510,0.09,2.98
267533,0.13,2.84
267558,-0.03,-0.20
267582,0.34,8.93
267604,-0.43,-11.84
267627,0.15,4.56
267650,0.16,3.77
267672,-0.47,-12.50
267695,0.28,8.00
267717,-0.04,-1.65
267740,-0.41,-10.52
267763,0.39,10.65
267786,-0.22,-6.15
267808,-0.18,-4.17
267831,0.40,10.78
267853,-0.37,-10.38
267876,0.06,2.45
267898,0.27,6.68
267922,-0.46,-12.63
267944,0.17,4.96
267967,0.09,1.65
267990,-0.45,-12.24
268012,0.34,9.46
268035,-0.13,-4.17
268057,-0.32,-8.00
268080,0.41,11.18
268103,-0.25,-7.08
268126,-0.11,-2.31
268148,0.39,10.25
268174,-0.31,-7.74
268197,0.41,11.18
268220,-0.27,-7.87
268242,-0.09,-1.65
268265,0.37,9.72
268288,-0.41,-11.31
268310,0.12,3.64
268334,0.19,4.70
268356,-0.48,-12.76
268379,0.25,7.47
268401,-0.03,-1.26
268424,-0.42,-10.91
268446,0.38,10.52
268470,-0.22,-6.15
268492,-0.18,-4.30
268515,0.40,10.65
268537,-0.36,-10.38
268560,0.06,2.31
268582,0.26,6.55
268605,-0.46,-12.63
268628,0.17,5.09
268651,0.07,1.12
268674,-0.46,-12.10
268696,0.33,9.59
268719,-0.14,-4.30
268741,-0.30,-7.47
268768,0.06,0.99
268790,-0.46,-12.24
268813,0.34,9.33
268835,-0.13,-4.30
268858,-0.30,-7.47
268880,0.40,10.91
268904,-0.27,-7.61
268926,-0.09,-1.79
268949,0.37,9.72
268972,-0.41,-11.31
268994,0.13,3.90
269017,0.20,4.83
269039,-0.47,-12.90
269063,0.24,6.94
269085,-0.00,-0.73
269108,-0.43,-11.18
269130,0.38,10.52
269153,-0.22,-6.15
269175,-0.16,-3.51
269199,0.41,11.04
269221,-0.35,-10.12
269244,0.07,2.18
269266,0.28,6.94
269289,-0.46,-12.63
269312,0.16,4.70
269334,0.09,1.92
269357,-0.46,-12.24
269479,0.23,6.81
269557,-0.49,-13.16
269600,0.31,7.74
269623,-0.49,-13.16
269646,0.22,6.42
269669,-0.00,-0.73
269691,-0.42,-11.04
269714,0.37,10.25
269736,-0.22,-6.02
269759,-0.20,-4.70
269782,0.42,11.18
269805,-0.35,-9.99
269828,0.03,1.52
269850,0.30,7.74
269873,-0.45,-12.50
269895,0.15,4.17
269918,0.10,2.05
269940,-0.46,-12.24
269964,0.33,9.19
269986,-0.12,-3.90
270009,-0.31,-7.87
270031,0.42,11.44
270054,-0.26,-7.34
270076,-0.10,-2.05
270100,0.37,9.85
270123,-0.41,-11.44
270158,-0.35,-8.80
270181,0.40,10.91
270204,-0.24,-6.68
270227,-0.12,-2.45
270249,0.38,10.12
270272,-0.42,-11.57
270295,0.12,3.77
270317,0.20,4.83
270341,-0.48,-12.90
270363,0.24,7.08
270386,-0.01,-0.86
270408,-0.41,-10.65
270431,0.38,10.52
270453,-0.22,-6.02
270477,-0.19,-4.56
270499,0.39,10.52
270522,-0.38,-10.52
270544,0.10,2.98
270567,0.26,6.55
270589,-0.46,-12.50
270613,0.20,6.02
270636,0.06,0.86
270658,-0.44,-11.71
270681,0.34,9.46
270703,-0.18,-5.22
270726,-0.27,-6.81
270752,0.03,0.33
270775,-0.44,-11.71
270797,0.36,9.99
270820,-0.19,-5.62
270842,-0.27,-6.81
270866,0.40,10.91
270888,-0.32,-9.33
270911,0.03,1.12
270934,0.34,8.80
270956,-0.45,-12.24
270979,0.14,4.17
271001,0.13,3.11
271024,-0.48,-12.90
271047,0.30,8.53
271070,-0.08,-2.71
271092,-0.36,-9.06
271115,0.39,10.91
271137,-0.25,-7.08
271160,-0.15,-3.37
271183,0.39,10.25
271206,-0.42,-11.44
271228,0.12,3.51
271251,0.21,5.36
271273,-0.47,-12.76
271297,0.24,6.94
271320,-0.00,-0.73
271342,-0.43,-11.18
271368,0.18,4.30
271390,-0.48,-12.90
271414,0.26,7.87
271436,-0.03,-1.39
271459,-0.40,-10.38
271481,0.39,10.65
271510,-0.20,-4.83
271545,0.02,0.73
271567,0.35,8.93
271590,-0.43,-11.97
271612,0.14,4.17
271635,0.14,3.11
271657,-0.47,-12.76
271680,0.29,8.27
271703,-0.08,-2.71
271726,-0.36,-9.19
271749,0.41,11.31
271771,-0.26,-7.34
271794,-0.09,-1.79
271817,0.35,9.06
271840,-0.44,-12.24
271862,0.12,3.51
271885,0.12,2.84
271907,-0.46,-12.37
271931,0.32,8.93
271953,-0.15,-4.70
271980,0.17,5.22
272003,0.02,-0.07
272025,-0.43,-11.44
272048,0.37,10.38
272071,-0.24,-6.55
272094,-0.16,-3.77
272116,0.37,9.85
272140,-0.43,-11.84
272162,0.12,3.64
272185,0.17,4.17
272207,-0.47,-12.50
272231,0.30,8.40
272253,-0.10,-3.37
272276,-0.33,-8.53
272299,0.41,11.04
272322,-0.29,-8.40
272345,-0.05,-0.46
272367,0.33,8.53
272390,-0.46,-12.50
272413,0.15,4.43
272436,0.06,0.99
272458,-0.44,-11.84
272481,0.36,9.99
272504,-0.21,-5.89
272527,-0.23,-5.62
272549,0.39,10.52
272573,-0.41,-11.31
272599,0.42,11.44
272622,-0.26,-7.47
272645,-0.05,-0.73
272667,0.35,9.06
272690,-0.44,-11.97
272713,0.16,4.70
272736,0.09,1.79
272758,-0.45,-11.97
272781,0.35,9.72
272804,-0.19,-5.62
272827,-0.22,-5.49
272849,0.40,10.65
272872,-0.39,-10.78
272896,0.09,2.98
272918,0.21,5.36
272941,-0.48,-12.76
272964,0.27,7.74
272987,-0.05,-2.05
273009,-0.37,-9.59
273032,0.40,10.91
273055,-0.25,-7.08
273078,-0.12,-2.71
273100,0.38,10.12
273123,-0.42,-11.71
273146,0.13,3.77
273169,0.14,3.24
273195,-0.01,0.33
273218,0.29,7.21
273241,-0.47,-12.63
273263,0.18,5.36
273286,0.03,0.07
273308,-0.44,-11.57
273332,0.37,10.25
273354,-0.20,-5.75
273377,-0.24,-6.02
273399,0.41,11.18
273422,-0.36,-10.25
273452,0.30,7.47
273484,0.20,4.96
273508,-0.49,-13.29
273530,0.22,6.42
273553,0.02,-0.07
273575,-0.44,-11.84
273598,0.36,9.99
273620,-0.20,-5.75
273643,-0.25,-6.15
273667,0.40,10.78
273689,-0.33,-9.59
273712,-0.01,0.46
273734,0.33,8.13
273757,-0.45,-12.37
273779,0.17,4.96
273803,0.12,2.58
273822,-0.38,-10.65
273846,0.06,2.05
273868,0.26,6.28
273891,-0.47,-12.90
273913,0.18,5.22
273936,0.05,0.73
273958,-0.44,-11.84
273981,0.36,9.85
274004,-0.19,-5.49
274027,-0.24,-6.02
274050,0.40,10.78
274072,-0.34,-9.85
274095,0.00,0.73
274117,0.31,7.87
274141,-0.44,-12.24
274163,0.17,4.96
274186,0.11,2.18
274208,-0.48,-12.76
274231,0.31,8.66
274253,-0.13,-4.17
274277,-0.32,-8.13
274299,0.40,10.91
274322,-0.26,-7.61
274344,-0.08,-1.39
274367,0.36,9.46
274390,-0.42,-11.71
274416,0.41,10.91
274439,-0.32,-9.33
274461,-0.03,-0.07
274485,0.33,8.40
274507,-0.46,-12.63
274530,0.14,4.17
274552,0.11,2.18
274575,-0.47,-12.50
274597,0.32,8.93
274621,-0.14,-4.30
274643,-0.29,-7.21
274666,0.40,11.04
274689,-0.29,-8.53
274711,-0.05,-0.73
274735,0.34,8.93
274757,-0.44,-12.10
274780,0.16,4.56
274802,0.13,2.98
274825,-0.49,-13.16
274848,0.33,9.19
274871,-0.14,-4.43
274893,-0.27,-6.94
274916,0.40,10.91
274939,-0.33,-9.59
274962,0.04,1.52
274984,0.31,7.87
275007,-0.45,-12.24
275044,-0.23,-5.62
275066,0.41,11.18
275089,-0.37,-10.65
275112,0.07,2.18
275135,0.25,6.02
275158,-0.49,-13.16
275180,0.25,7.21
275204,-0.02,-1.12
275226,-0.40,-10.25
275249,0.39,10.65
275271,-0.23,-6.28
275294,-0.16,-3.64
275317,0.39,10.38
275340,-0.40,-11.18
275362,0.12,3.64
275391,-0.48,-13.03
275423,-0.34,-9.72
275445,0.01,0.86
275468,0.32,8.27
275490,-0.44,-12.10
275513,0.16,4.56
275535,0.11,2.45
275558,-0.47,-12.63
275581,0.32,8.93
275604,-0.11,-3.51
275627,-0.32,-8.00
275652,0.10,1.92
275675,-0.46,-12.37
275698,0.34,9.59
275721,-0.14,-4.30
275743,-0.30,-7.47
275766,0.41,11.18
275788,-0.29,-8.27
275812,-0.07,-1.12
275834,0.35,9.06
275857,-0.42,-11.57
275879,0.16,4.56
275902,0.14,3.24
275924,-0.47,-12.63
275948,0.31,8.53
275971,-0.10,-3.11
275993,-0.33,-8.40
276016,0.40,11.04
276038,-0.26,-7.34
276061,-0.11,-2.18
276084,0.37,9.72
276107,-0.41,-11.44
276129,0.14,4.03
276152,0.18,4.43
276174,-0.49,-13.16
276198,0.27,7.87
276220,-0.05,-1.79
276246,0.15,4.43
276269,0.15,3.64
276291,-0.47,-12.63
276315,0.29,8.40
276337,-0.07,-2.58
276360,-0.36,-9.19
276382,0.40,11.04
276405,-0.24,-6.94
276427,-0.14,-3.24
276451,0.38,9.99
276473,-0.41,-11.44
276496,0.11,3.37
276518,0.20,5.09
276541,-0.47,-12.63
276563,0.23,7.08
276587,-0.00,-0.73
276610,-0.43,-11.31
276632,0.38,10.65
276655,-0.22,-6.15
276677,-0.18,-4.30
276700,0.41,10.91
276723,-0.38,-10.65
276746,0.08,2.71
276768,0.23,5.75
276791,-0.47,-12.90
276813,0.20,6.02
276836,0.04,0.33
276862,0.08,2.45
276885,0.25,6.15
276908,-0.48,-13.03
276930,0.19,5.89
276953,0.03,0.33
276975,-0.44,-11.71
276999,0.35,9.72
277021,-0.19,-5.49
277044,-0.22,-5.22
277066,0.43,11.44
277089,-0.33,-9.33
277112,0.01,0.99
277135,0.32,8.00
277157,-0.44,-12.10
277180,0.15,4.30
277202,0.10,2.05
277225,-0.47,-12.37
277249,0.33,9.19
277271,-0.13,-4.03
277294,-0.31,-7.74
277322,-0.36,-10.12
277357,-0.46,-12.63
277381,0.17,5.09
277403,0.07,1.26
277426,-0.46,-12.24
277448,0.35,9.72
277471,-0.16,-4.83
277491,-0.47,-12.90
277514,0.23,6.94
277536,-0.01,-0.99
277560,-0.42,-10.78
277582,0.38,10.65
277605,-0.22,-6.15
277627,-0.18,-4.17
277650,0.40,10.91
277673,-0.39,-10.91
277696,0.07,2.58
277719,0.24,5.89
277741,-0.48,-12.90
277764,0.19,5.62
277786,0.02,-0.07
277809,-0.44,-11.57
277832,0.35,9.85
277855,-0.20,-5.75
277877,-0.24,-5.89
277900,0.41,11.18
277922,-0.34,-9.72
277946,0.00,0.73
277968,0.33,8.40
277991,-0.44,-12.10
278013,0.15,4.30
278036,0.11,2.45
278059,-0.46,-12.37
278085,0.30,7.34
278108,-0.46,-12.63
278130,0.18,5.36
278153,0.08,1.52
278175,-0.46,-12.37
278199,0.33,9.19
278221,-0.17,-5.09
278244,-0.27,-6.55
278266,0.43,11.71
278289,-0.29,-8.40
278311,-0.03,-0.20
278335,0.33,8.53
278358,-0.45,-12.24
278380,0.16,4.70
278403,0.12,2.71
278425,-0.47,-12.50
278448,0.33,9.06
278471,-0.11,-3.37
278494,-0.32,-8.00
278516,0.40,11.04
278539,-0.27,-7.74
278561,-0.09,-1.52
278584,0.37,9.59
278607,-0.41,-11.31
278630,0.14,4.17
278652,0.18,4.30
278678,-0.06,-0.86
278701,0.36,9.59
278724,-0.42,-11.57
278747,0.15,4.30
278769,0.17,4.03
278792,-0.48,-12.76
278814,0.27,7.74
278837,-0.06,-2.18
278860,-0.38,-9.59
278883,0.38,10.65
278905,-0.24,-6.81
278928,-0.08,-1.39
278950,0.40,10.52
278973,-0.39,-11.04
278996,0.12,3.51
279019,0.21,5.22
279042,-0.48,-12.90
279064,0.23,6.94
279087,-0.03,-1.39
279109,-0.41,-10.52
279133,0.39,10.78
279155,-0.22,-6.15
279178,-0.17,-4.03
279200,0.40,10.65
279223,-0.39,-10.91
279246,0.09,2.71
279285,0.32,8.13
279312,-0.13,-2.98
279334,0.38,10.25
279357,-0.40,-11.04
279379,0.13,4.17
279402,0.19,4.56
279425,-0.48,-12.90
279448,0.26,7.47
279471,-0.05,-1.92
279493,-0.39,-10.12
279516,0.40,10.91
279539,-0.23,-6.28
279562,-0.14,-3.11
279584,0.37,9.99
279607,-0.41,-11.44
279629,0.10,3.11
279652,0.21,4.96
279675,-0.48,-12.90
279698,0.25,7.21
279720,-0.01,-0.99
279743,-0.40,-10.52
279766,0.39,10.65
279789,-0.23,-6.55
279812,-0.17,-3.90
279834,0.39,10.38
279857,-0.40,-11.04
279880,0.11,3.37
279916,0.38,10.52
279939,-0.23,-6.42
279961,-0.15,-3.24
279985,0.39,10.38
280007,-0.39,-10.91
280030,0.11,3.64
280052,0.21,4.96
280075,-0.48,-13.16
280098,0.25,7.21
280121,-0.02,-1.26
280143,-0.40,-10.38
280166,0.39,10.78
280188,-0.23,-6.42
280212,-0.15,-3.64
280235,0.39,10.25
280257,-0.41,-11.31
280280,0.10,2.98
280302,0.21,5.22
280326,-0.47,-12.63
280348,0.24,6.94
280371,-0.02,-1.12
280393,-0.41,-10.52
280416,0.38,10.52
280439,-0.23,-6.55
280462,-0.17,-4.03
280484,0.39,10.65
280511,-0.35,-8.66
280534,0.40,10.91
280556,-0.25,-7.08
280579,-0.11,-2.18
280601,0.37,9.72
280624,-0.42,-11.57
280647,0.13,4.03
280670,0.18,4.56
280692,-0.48,-13.03
280715,0.27,7.61
280737,-0.05,-2.05
280761,-0.38,-9.85
280783,0.38,10.65
280806,-0.23,-6.68
280828,-0.15,-3.51
280851,0.38,10.12
280875,-0.40,-11.18
280897,0.12,3.64
280920,0.19,4.83
280942,-0.47,-12.90
280965,0.25,7.34
280987,-0.02,-1.26
281011,-0.40,-10.38
281033,0.39,10.78
281056,-0.23,-6.55
281078,-0.15,-3.64
281102,0.38,10.25
281121,-0.16,-4.83
281145,-0.28,-7.21
281167,0.41,11.18
281196,-0.08,-1.52
281229,-0.16,-3.90
281251,0.39,10.52
281274,-0.39,-10.91
281297,0.11,3.37
281320,0.20,4.96
281342,-0.47,-12.76
281365,0.24,6.94
281388,-0.01,-0.99
281410,-0.42,-10.78
281434,0.38,10.52
281456,-0.23,-6.28
281479,-0.17,-4.03
281501,0.39,10.52
281524,-0.38,-10.65
281547,0.09,2.84
281570,0.23,5.62
281592,-0.47,-12.76
281615,0.22,6.42
281637,0.00,-0.46
281660,-0.43,-11.31
281683,0.36,10.12
281706,-0.22,-6.15
281732,0.27,7.87
281754,-0.04,-1.52
281778,-0.39,-10.12
281800,0.38,10.65
281823,-0.24,-6.68
281845,-0.14,-3.24
281869,0.38,10.25
281891,-0.41,-11.31
281914,0.12,3.64
281936,0.19,4.70
281959,-0.47,-12.76
281982,0.26,7.47
282005,-0.04,-1.79
282028,-0.38,-9.85
282050,0.39,10.65
282073,-0.23,-6.55
282095,-0.16,-3.77
282119,0.39,10.38
282141,-0.39,-11.04
282164,0.11,3.24
282186,0.21,5.09
282209,-0.47,-12.76
282232,0.24,7.08
282255,-0.01,-0.99
282277,-0.42,-10.78
282300,0.38,10.52
282327,-0.48,-12.63
282349,0.30,8.40
282372,-0.09,-2.98
282394,-0.34,-8.66
282418,0.40,11.18
282440,-0.26,-7.21
282463,-0.11,-2.45
282485,0.37,9.99
282508,-0.41,-11.44
282531,0.12,3.77
282554,0.18,4.43
282576,-0.47,-12.63
282599,0.27,7.74
282621,-0.05,-1.92
282644,-0.38,-9.72
282668,0.38,10.52
282690,-0.24,-6.81
282713,-0.15,-3.51
282735,0.38,10.25
282758,-0.40,-11.18
282781,0.11,3.51
282804,0.20,4.96
282826,-0.47,-12.63
282849,0.25,7.21
282871,-0.02,-1.26
282894,-0.41,-10.65
282920,0.16,3.77
282943,-0.48,-12.76
282966,0.29,8.13
282989,-0.08,-2.58
283012,-0.35,-8.80
283034,0.40,10.91
283057,-0.25,-7.08
283079,-0.12,-2.71
283103,0.38,10.25
283131,0.14,4.03
283165,0.18,5.22
283188,0.05,0.60
283210,-0.45,-12.10
283234,0.34,9.59
283256,-0.16,-4.96
283279,-0.26,-6.55
283301,0.42,11.31
283324,-0.33,-9.19
283346,-0.02,0.20
283370,0.33,8.40
283393,-0.45,-12.24
283415,0.15,4.30
283438,0.12,2.84
283460,-0.46,-12.50
283483,0.32,8.80
283505,-0.11,-3.64
283529,-0.32,-8.00
283554,0.09,1.65
283577,-0.47,-12.50
283600,0.33,9.33
283623,-0.15,-4.43
283645,-0.28,-6.94
283668,0.42,11.44
283691,-0.30,-8.80
283713,-0.04,-0.46
283737,0.33,8.66
283759,-0.45,-12.24
283782,0.17,4.83
283804,0.12,2.71
283827,-0.47,-12.50
283850,0.32,8.93
283873,-0.12,-3.90
283895,-0.31,-8.00
283918,0.40,11.04
283940,-0.27,-7.87
283963,-0.08,-1.65
283986,0.36,9.46
284009,-0.42,-11.57
284032,0.15,4.30
284054,0.15,3.64
284077,-0.47,-12.50
284100,0.29,8.27
284123,-0.09,-2.84
284148,0.15,4.17
284171,0.12,2.84
284193,-0.47,-12.50
284217,0.32,9.06
284239,-0.11,-3.37
284262,-0.33,-8.27
284284,0.40,11.04
284307,-0.27,-7.74
284331,-0.09,-1.79
284353,0.36,9.46
284376,-0.41,-11.44
284398,0.14,4.30
284421,0.16,3.90
284443,-0.48,-12.90
284467,0.29,8.13
284489,-0.06,-2.31
284512,-0.37,-9.59
284534,0.39,10.91
284557,-0.24,-6.94
284580,-0.13,-2.98
284603,0.38,10.12
284625,-0.40,-11.18
284648,0.12,3.77
284670,0.18,4.43
284693,-0.47,-12.90
284717,0.26,7.47
284739,-0.04,-1.65
284775,-0.40,-11.04
284798,0.12,3.64
284821,0.19,4.70
284844,-0.48,-12.90
284866,0.26,7.61
284889,-0.05,-1.79
284912,-0.39,-9.99
284935,0.39,10.78
284957,-0.24,-6.68
284980,-0.14,-3.24
285002,0.38,10.12
285026,-0.40,-11.04
285048,0.11,3.64
285087,0.24,5.75
285111,-0.47,-12.63
285133,0.31,8.53
285156,-0.10,-3.24
285178,-0.33,-8.27
285202,0.40,11.04
285224,-0.26,-7.47
285247,-0.09,-1.79
285270,0.37,9.72
285292,-0.42,-11.71
285316,0.14,4.03
285338,0.16,3.64
285361,-0.48,-12.76
285386,0.33,8.40
285410,-0.44,-12.10
285432,0.16,4.70
285455,0.11,2.31
285477,-0.47,-12.50
285500,0.32,8.93
285523,-0.13,-4.17
285546,-0.30,-7.61
285569,0.42,11.31
285591,-0.29,-8.27
285614,-0.06,-0.86
285637,0.35,8.93
285660,-0.43,-11.71
285682,0.16,4.56
285705,0.12,2.84
285727,-0.46,-12.50
285751,0.32,8.80
285773,-0.12,-4.03
285796,-0.31,-7.87
285818,0.41,11.04
285841,-0.27,-7.87
285863,-0.07,-1.12
285887,0.35,9.06
285910,-0.42,-11.71
285932,0.16,4.56
285955,0.14,3.24
285977,-0.48,-12.76
286004,0.32,7.87
286026,-0.45,-12.37
286049,0.17,4.96
286072,0.08,1.52
286095,-0.45,-12.10
286117,0.33,9.33
286140,-0.16,-4.83
286162,-0.28,-6.94
286186,0.41,11.18
286209,-0.32,-9.06
286231,-0.02,0.20
286254,0.32,8.13
286276,-0.43,-11.84
286300,0.17,4.83
286322,0.10,1.92
286345,-0.46,-12.24
286367,0.32,8.93
286390,-0.14,-4.43
286412,-0.29,-7.21
286436,0.41,11.18
286458,-0.30,-8.53
286481,-0.02,0.20
286503,0.33,8.66
286526,-0.44,-12.24
286550,0.15,4.43
286572,0.11,2.45
286598,0.00,0.73
286620,0.32,8.00
286643,-0.44,-11.97
286666,0.16,4.56
286689,0.10,2.05
286711,-0.47,-12.63
286734,0.34,9.46
286756,-0.14,-4.56
286780,-0.29,-7.34
286802,0.41,11.04
286825,-0.30,-8.66
286848,-0.04,-0.46
286870,0.33,8.53
286894,-0.44,-11.97
286916,0.17,4.83
286939,0.11,2.45
286961,-0.47,-12.63
286984,0.33,9.19
287023,0.10,1.92
287045,-0.41,-10.65
287069,0.37,10.25
287091,-0.24,-6.68
287114,-0.15,-3.37
287136,0.38,10.12
287159,-0.40,-11.04
287182,0.12,3.77
287205,0.20,4.96
287230,-0.11,-2.45
287253,0.37,9.99
287277,-0.41,-11.31
287299,0.14,4.17
287322,0.17,4.17
287344,-0.47,-12.63
287367,0.28,8.00
287390,-0.07,-2.45
287413,-0.37,-9.33
287435,0.39,10.78
287458,-0.26,-7.21
287480,-0.12,-2.58
287504,0.37,9.99
287526,-0.40,-11.18
287549,0.13,4.03
287571,0.17,4.17
287594,-0.47,-12.63
287618,0.28,7.87
287640,-0.07,-2.31
287663,-0.36,-9.33
287685,0.39,10.91
287708,-0.25,-7.08
287731,-0.12,-2.58
287754,0.37,9.99
287776,-0.40,-11.18
287799,0.13,3.90
287825,-0.29,-8.13
287848,-0.06,-0.86
287870,0.34,8.93
287893,-0.43,-11.97
287916,0.16,4.70
287939,0.12,2.71
287962,-0.48,-12.76
287984,0.32,8.93
288007,-0.13,-4.03
288029,-0.29,-7.47
288053,0.40,10.91
288075,-0.30,-8.66
288098,-0.04,-0.60
288120,0.33,8.53
288143,-0.44,-12.10
288166,0.16,4.70
288189,0.11,2.45
288211,-0.46,-12.37
288234,0.32,8.93
288257,-0.14,-4.43
288280,-0.29,-7.21
288303,0.41,11.18
288325,-0.31,-8.80
288348,-0.04,-0.33
288370,0.33,8.53
288394,-0.44,-12.24
288416,0.17,4.83
288442,-0.36,-10.12
288465,0.06,2.05
288488,0.27,6.55
288510,-0.46,-12.63
288533,0.19,5.62
288556,0.03,0.20
288578,-0.44,-11.71
288602,0.34,9.59
288624,-0.19,-5.75
288647,-0.24,-5.89
288669,0.40,10.78
288692,-0.34,-9.72
288715,0.02,1.26
288738,0.29,7.34
288760,-0.46,-12.63
288783,0.17,5.09
288805,0.07,1.12
288828,-0.46,-12.24
288851,0.35,9.59
288874,-0.17,-5.09
288897,-0.25,-6.28
288919,0.41,11.04
288959,-0.38,-10.52
288983,0.15,4.43
289005,0.11,2.58
289028,-0.47,-12.63
289150,0.21,6.28
289228,-0.48,-12.90
289251,0.32,8.80
289274,-0.20,-6.02
289297,-0.26,-6.42
289319,0.41,10.91
289342,-0.34,-9.85
289364,0.01,0.86
289387,0.32,7.87
289411,-0.45,-12.50
289433,0.17,4.96
289456,0.08,1.52
289478,-0.46,-12.10
289501,0.34,9.59
289524,-0.16,-4.96
289547,-0.26,-6.55
289569,0.41,11.04
289592,-0.34,-9.72
289614,0.00,0.73
289638,0.31,7.87
289660,-0.45,-12.37
289683,0.18,5.22
289705,0.07,1.39
289728,-0.46,-12.10
289752,0.34,9.46
289774,-0.17,-5.22
289797,-0.24,-6.02
289833,0.19,5.49
289856,0.03,0.20
289879,-0.45,-11.71
289901,0.36,9.99
289924,-0.21,-6.02
289947,-0.22,-5.36
289970,0.40,10.78
289992,-0.37,-10.38
290015,0.08,2.71
290038,0.22,5.36
290061,-0.47,-12.90
290083,0.24,7.08
290106,-0.01,-0.86
290128,-0.40,-10.52
290152,0.37,10.38
290174,-0.25,-6.94
290197,-0.14,-3.11
290220,0.37,9.99
290243,-0.40,-11.18
290266,0.13,4.03
290288,0.17,4.17
290311,-0.47,-12.63
290334,0.30,8.40
290357,-0.09,-3.11
290379,-0.34,-8.53
290402,0.40,11.04
290424,-0.27,-7.87
290445,-0.43,-11.31
290468,0.36,9.99
290491,-0.23,-6.28
290513,-0.18,-4.30
290536,0.39,10.38
290560,-0.39,-10.78
290582,0.11,3.37
290605,0.20,4.96
290627,-0.48,-12.90
290650,0.26,7.47
290673,-0.05,-1.79
290696,-0.38,-9.72
290718,0.39,10.78
290741,-0.24,-6.94
290763,-0.12,-2.71
290787,0.37,9.85
290809,-0.41,-11.31
290832,0.14,4.03
290854,0.16,3.77
290877,-0.48,-12.90
290900,0.30,8.40
290923,-0.09,-2.98
290946,-0.33,-8.40
290968,0.40,11.04
290992,-0.27,-7.74
291014,-0.09,-1.65
291060,-0.45,-12.50
291084,0.27,7.74
291106,-0.07,-2.45
291129,-0.37,-9.46
291151,0.39,10.91
291174,-0.25,-7.21
291197,-0.11,-2.18
291220,0.36,9.59
291243,-0.42,-11.44
291265,0.15,4.30
291288,0.14,3.37
291311,-0.48,-12.76
291334,0.31,8.53
291356,-0.10,-3.24
291379,-0.33,-8.13
291401,0.41,11.18
291425,-0.28,-8.00
291447,-0.08,-1.39
291470,0.35,9.19
291492,-0.43,-11.97
291516,0.16,4.56
291538,0.12,2.58
291561,-0.46,-12.37
291584,0.33,9.33
291606,-0.15,-4.70
291630,-0.28,-6.94
291655,0.02,-0.07
291678,-0.44,-11.57
291701,0.37,10.12
291724,-0.22,-6.28
291746,-0.18,-4.30
291769,0.40,10.65
291791,-0.39,-10.91
291815,0.11,3.37
291837,0.20,4.83
291860,-0.48,-13.03
291883,0.27,7.61
291905,-0.05,-2.05
291929,-0.38,-9.85
291951,0.39,10.65
291974,-0.26,-7.34
291996,-0.12,-2.71
292020,0.38,9.99
292042,-0.41,-11.31
292065,0.14,4.03
292087,0.16,3.64
292110,-0.47,-12.76
292133,0.30,8.27
292156,-0.10,-3.37
292178,-0.33,-8.13
292201,0.42,11.44
292224,-0.29,-8.27
292250,0.33,9.19
292273,-0.19,-5.75
292295,-0.24,-6.15
292319,0.41,10.91
292341,-0.35,-9.99
292364,0.04,1.65
292386,0.27,6.81
292409,-0.48,-12.90
292432,0.20,5.89
292455,0.02,-0.07
292477,-0.44,-11.57
292500,0.36,10.12
292524,-0.23,-6.42
292546,-0.18,-4.30
292569,0.39,10.65
292591,-0.40,-11.04
292615,0.11,3.37
292637,0.19,4.70
292660,-0.48,-13.03
292682,0.27,7.74
292705,-0.06,-2.18
292728,-0.36,-9.19
292751,0.40,11.04
292773,-0.26,-7.34
292796,-0.10,-2.05
292818,0.36,9.59
292842,-0.41,-11.44
292868,0.41,11.18
292890,-0.34,-9.72
292914,0.00,0.60
292936,0.31,7.74
292959,-0.45,-12.37
292998,0.10,3.11
293020,0.08,1.52
293044,-0.46,-12.24
293066,0.34,9.46
293089,-0.17,-5.09
293111,-0.26,-6.42
293134,0.41,11.04
293157,-0.33,-9.59
293180,0.00,0.60
293202,0.29,7.21
293225,-0.46,-12.63
293249,0.22,6.28
293271,0.01,-0.33
293294,-0.43,-11.18
293316,0.37,10.38
293340,-0.25,-6.94
293362,-0.11,-2.45
293385,0.36,9.33
293408,-0.43,-11.97
293431,0.17,4.83
293453,0.08,1.52
293477,-0.45,-11.84
293497,0.13,3.90
293520,0.14,3.37
293542,-0.47,-12.50
293566,0.33,9.19
293588,-0.17,-5.09
293611,-0.24,-6.02
293635,0.40,10.65
293657,-0.37,-10.38
293680,0.07,2.31
293702,0.22,5.49
293726,-0.47,-12.63
293748,0.28,8.00
293771,-0.10,-3.11
293794,-0.31,-7.87
293817,0.40,10.91
293839,-0.32,-9.19
293863,0.02,0.99
293885,0.28,6.94
293908,-0.46,-12.63
293932,0.23,6.81
293954,-0.04,-1.65
293977,-0.37,-9.59
294000,0.40,10.91
294023,-0.28,-8.13
294045,-0.03,-0.20
294069,0.31,7.74
294094,-0.17,-4.17
294118,0.38,10.12
294140,-0.41,-11.18
294163,0.15,4.30
294187,0.13,2.98
294209,-0.46,-12.37
294232,0.33,9.33
294255,-0.18,-5.49
294278,-0.22,-5.36
294300,0.40,10.78
294324,-0.40,-11.31
294346,0.12,3.64
294369,0.16,3.77
294392,-0.48,-12.76
294415,0.33,9.33
294437,-0.16,-4.83
294461,-0.24,-6.02
294483,0.40,10.65
294506,-0.39,-10.91
294530,0.10,3.11
294552,0.19,4.56
294575,-0.47,-12.76
294597,0.29,8.13
294621,-0.08,-2.58
294643,-0.32,-8.00
294666,0.41,11.04
294703,0.06,0.86
294725,-0.44,-11.71
294749,0.36,9.99
294771,-0.23,-6.55
294794,-0.18,-4.30
294817,0.39,10.25
294840,-0.40,-11.18
294862,0.14,4.17
294885,0.15,3.64
294908,-0.48,-12.76
294947,0.28,7.87
294971,-0.19,-5.75
294993,-0.25,-6.28
295016,0.40,10.91
295038,-0.36,-10.12
295062,0.06,2.18
295085,0.25,6.28
295107,-0.46,-12.63
295130,0.22,6.42
295153,-0.01,-0.86
295176,-0.41,-10.78
295198,0.39,10.65
295221,-0.25,-6.94
295244,-0.12,-2.71
295267,0.37,9.72
295289,-0.42,-11.44
295312,0.15,4.43
295339,-0.32,-9.19
295361,0.00,0.73
295384,0.31,7.87
295406,-0.45,-12.50
295430,0.18,5.36
295452,0.05,0.73
295475,-0.45,-11.84
295497,0.36,9.99
295521,-0.22,-6.28
295543,-0.17,-4.03
295566,0.40,10.78
295589,-0.40,-11.18
295612,0.13,3.77
295634,0.16,3.90
295657,-0.47,-12.63
295681,0.31,8.66
295703,-0.11,-3.51
295726,-0.30,-7.47
295748,0.41,11.18
295772,-0.31,-8.93
295794,-0.03,-0.20
295817,0.32,8.00
295839,-0.46,-12.63
295862,0.18,5.36
295885,0.06,0.73
295908,-0.43,-11.57
295934,0.18,4.43
295957,-0.48,-13.03
295980,0.29,8.27
296002,-0.10,-3.24
296026,-0.32,-8.00
296048,0.41,11.18
296071,-0.29,-8.40
296093,-0.03,-0.20
296117,0.31,7.74
296139,-0.45,-12.50
296162,0.20,5.89
296185,0.03,0.20
296208,-0.43,-11.57
296230,0.36,10.12
296253,-0.23,-6.55
296276,-0.16,-3.77
296299,0.38,10.12
296322,-0.42,-11.57
296345,0.16,4.70
296368,0.09,1.65
296390,-0.45,-11.97
296414,0.35,9.72
296436,-0.20,-5.89
296459,-0.20,-4.96
296481,0.41,10.91
296505,-0.39,-10.91
296527,0.10,3.11
296554,-0.28,-8.00
296577,-0.06,-0.99
296599,0.33,8.40
296622,-0.45,-12.37
296645,0.19,5.49
296668,0.04,0.60
296690,-0.44,-11.71
296714,0.37,10.12
296736,-0.23,-6.42
296759,-0.19,-4.70
296781,0.39,10.38
296805,-0.39,-11.04
296827,0.11,3.64
296850,0.20,4.96
296889,-0.47,-12.76
296912,0.30,8.40
296935,-0.10,-3.37
296957,-0.33,-8.40
296981,0.41,11.18
297004,-0.28,-8.13
297026,-0.07,-1.12
297049,0.35,9.06
297071,-0.43,-11.84
297095,0.17,4.70
297117,0.11,2.31
297140,-0.46,-12.24
297166,0.27,6.68
297189,-0.47,-12.76
297211,0.22,6.28
297234,0.02,-0.20
297256,-0.43,-11.44
297280,0.37,10.25
297303,-0.23,-6.42
297325,-0.17,-4.03
297348,0.39,10.38
297371,-0.39,-11.04
297394,0.12,3.77
297416,0.18,4.43
297439,-0.48,-12.90
297462,0.28,8.00
297485,-0.07,-2.58
297507,-0.34,-8.80
297530,0.40,11.04
297552,-0.27,-7.74
297576,-0.08,-1.39
297598,0.36,9.33
297621,-0.43,-11.84
297644,0.16,4.70
297667,0.11,2.58
297690,-0.46,-12.24
297712,0.33,9.06
297735,-0.15,-4.56
297761,0.21,6.15
297784,0.03,0.07
297806,-0.44,-11.57
297829,0.37,10.12
297852,-0.22,-6.28
297875,-0.19,-4.56
297897,0.39,10.38
297920,-0.39,-10.65
297944,0.11,3.37
297966,0.19,4.70
297989,-0.47,-12.76
298011,0.29,8.13
298035,-0.06,-2.31
298057,-0.36,-9.06
298080,0.40,10.91
298102,-0.26,-7.47
298125,-0.08,-1.52
298148,0.36,9.33
298171,-0.43,-11.84
298193,0.16,4.70
298216,0.12,2.71
298240,-0.46,-12.24
298262,0.33,9.06
298285,-0.15,-4.56
298307,-0.28,-7.08
298330,0.41,11.04
298353,-0.33,-9.33
298379,0.37,10.25
298402,-0.23,-6.42
298425,-0.17,-4.03
298447,0.39,10.38
298470,-0.40,-11.18
298493,0.11,3.51
298516,0.19,4.70
298539,-0.48,-12.76
298561,0.29,8.13
298584,-0.07,-2.31
298607,-0.36,-9.19
298630,0.40,10.91
298652,-0.26,-7.47
298675,-0.09,-1.65
298698,0.36,9.46
298721,-0.43,-11.71
298743,0.16,4.56
298766,0.13,2.84
298788,-0.48,-12.63
298827,0.15,4.30
298850,0.01,-0.33
298872,-0.43,-11.44
298896,0.36,10.38
298918,-0.23,-6.42
298941,-0.13,-2.58
298963,0.38,10.25
298990,-0.33,-8.13
299013,0.40,11.04
299035,-0.29,-8.27
299059,-0.05,-0.73
299081,0.33,8.40
299104,-0.44,-12.10
299126,0.18,5.09
299150,0.09,1.92
299172,-0.45,-11.84
299195,0.34,9.46
299217,-0.18,-5.49
299241,-0.24,-6.02
299264,0.41,11.04
299286,-0.35,-9.99
299309,0.04,1.79
299331,0.27,6.68
299355,-0.46,-12.63
299377,0.21,6.28
299400,-0.00,-0.73
299422,-0.42,-11.04
299446,0.37,10.38
299468,-0.24,-6.55
299491,-0.13,-2.84
299514,0.38,10.12
299537,-0.41,-11.31
299559,0.15,4.43
299582,0.13,3.11
299619,-0.30,-8.40
299641,-0.05,-0.73
299664,0.33,8.53
299687,-0.44,-12.10
299710,0.17,4.96
299732,0.08,1.65
299755,-0.45,-12.10
299779,0.34,9.59
299801,-0.18,-5.36
299824,-0.24,-5.89
299846,0.41,10.91
299870,-0.36,-10.12
299892,0.07,2.31
299915,0.24,5.89
299937,-0.47,-12.76
299961,0.24,6.94
299983,-0.02,-0.99
300006,-0.40,-10.38
300028,0.38,10.52
300052,-0.25,-6.94
300075,-0.11,-2.45
300097,0.36,9.59
300120,-0.41,-11.31
300143,0.15,4.43
300166,0.14,3.37
300188,-0.48,-12.63
300215,0.30,7.61
300237,-0.45,-12.63
300260,0.20,5.75
300282,0.04,0.46
300305,-0.44,-11.71
300328,0.35,9.72
300351,-0.21,-5.89
300374,-0.21,-5.09
300396,0.40,10.65
300420,-0.38,-10.52
300442,0.09,2.98
300465,0.21,5.22
300487,-0.48,-12.90
300511,0.26,7.61
300533,-0.05,-1.92
300556,-0.36,-9.33
300578,0.39,10.65
300602,-0.26,-7.34
300624,-0.09,-1.65
300647,0.36,9.46
300669,-0.42,-11.71
300693,0.16,4.56
300716,0.12,2.71
300744,0.33,9.06
300778,0.37,10.12
300802,-0.24,-6.68
300824,-0.17,-4.03
300850,-0.10,-3.37
300873,-0.32,-8.00
300896,0.40,11.04
300918,-0.29,-8.27
300941,-0.05,-0.73
300963,0.34,8.80
300987,-0.43,-11.97
301009,0.18,5.09
301032,0.10,2.05
301054,-0.46,-12.10
301078,0.34,9.33
301101,-0.16,-4.96
301123,-0.26,-6.42
301146,0.40,10.78
301168,-0.34,-9.59
301192,0.02,1.26
301214,0.29,7.08
301237,-0.46,-12.63
301259,0.20,5.75
301283,0.03,0.20
301305,-0.44,-11.84
301328,0.36,9.99
301350,-0.22,-6.15
301373,-0.20,-4.83
301396,0.38,10.25
301419,-0.39,-10.91
301446,0.40,11.04
301468,-0.29,-8.13
301491,-0.06,-0.99
301513,0.33,8.66
301537,-0.44,-12.24
301559,0.17,4.70
301582,0.09,1.79
301604,-0.46,-12.37
301628,0.33,9.19
301650,-0.17,-5.22
301673,-0.25,-6.28
301696,0.40,10.91
301718,-0.36,-10.25
301742,0.03,1.39
301764,0.26,6.55
301787,-0.48,-13.03
301809,0.21,6.15
301833,0.01,-0.46
301855,-0.43,-11.18
301878,0.36,9.99
301900,-0.24,-6.55
301924,-0.18,-4.17
301946,0.38,10.12
301969,-0.40,-11.18
301991,0.12,3.77
302015,0.18,4.43
302038,-0.48,-12.90
302063,0.33,8.66
302087,-0.45,-12.37
302109,0.17,4.83
302132,0.08,1.39
302154,-0.45,-12.10
302178,0.34,9.46
302200,-0.19,-5.62
302223,-0.24,-5.89
302245,0.40,10.65
302268,-0.36,-10.25
302291,0.06,2.18
302314,0.24,5.89
302337,-0.48,-13.03
302360,0.22,6.55
302383,-0.02,-1.12
302405,-0.40,-10.52
302428,0.38,10.65
302451,-0.25,-7.21
302474,-0.11,-2.45
302496,0.37,9.72
302519,-0.42,-11.57
302542,0.15,4.30
302565,0.13,2.98
302587,-0.47,-12.50
302610,0.30,8.53
302632,-0.14,-4.43
302659,0.18,5.22
302698,0.11,2.45
302722,-0.43,-11.31
302744,0.37,10.12
302767,-0.24,-6.68
302790,-0.15,-3.37
302813,0.38,10.12
302835,-0.42,-11.57
302859,0.13,4.03
302881,0.16,3.77
302904,-0.48,-12.76
302926,0.30,8.40
302949,-0.11,-3.64
302972,-0.32,-8.13
302995,0.40,11.04
303017,-0.30,-8.40
303040,-0.04,-0.60
303064,0.33,8.53
303086,-0.44,-12.24
303109,0.17,4.96
303131,0.08,1.39
303154,-0.45,-11.97
303177,0.35,9.59
303200,-0.19,-5.62
303222,-0.24,-6.02
303245,0.40,10.65
303271,-0.39,-10.12
303294,0.38,10.52
303318,-0.25,-7.21
303340,-0.11,-2.18
303363,0.36,9.33
303385,-0.43,-11.84
303409,0.15,4.43
303431,0.12,2.84
303454,-0.47,-12.63
303476,0.32,8.93
303499,-0.14,-4.43
303522,-0.28,-7.08
303545,0.40,10.91
303567,-0.33,-9.33
303590,-0.00,0.46
303613,0.31,7.74
303636,-0.45,-12.50
303659,0.18,5.22
303681,0.05,0.60
303704,-0.45,-12.10
303727,0.35,9.59
303750,-0.20,-5.89
303772,-0.22,-5.36
303795,0.39,10.38
303818,-0.38,-10.52
303841,0.08,2.58
303863,0.22,5.36
303890,-0.12,-2.71
303912,0.37,9.72
303935,-0.42,-11.71
303958,0.14,4.30
303981,0.14,3.24
304004,-0.47,-12.63
304026,0.30,8.53
304049,-0.14,-4.30
304071,-0.29,-7.34
304095,0.40,10.91
304117,-0.32,-9.06
304140,-0.01,0.33
304162,0.31,7.74
304186,-0.46,-12.63
304208,0.18,5.36
304231,0.05,0.60
304253,-0.45,-11.97
304277,0.35,9.59
304300,-0.20,-5.89
304322,-0.22,-5.36
304345,0.39,10.52
304368,-0.40,-11.18
304391,0.08,2.84
304413,0.20,4.96
304436,-0.48,-12.90
304459,0.25,7.34
304495,0.37,9.85
304518,-0.42,-11.44
304541,0.14,4.03
304564,0.15,3.51
304586,-0.47,-12.63
304615,-0.11,-3.64
304648,0.01,-0.46
304670,-0.44,-11.57
304694,0.37,10.25
304716,-0.24,-6.81
304739,-0.14,-3.37
304761,0.37,9.85
304785,-0.41,-11.18
304807,0.14,4.17
304830,0.15,3.51
304852,-0.47,-12.63
304876,0.30,8.40
304899,-0.13,-4.03
304921,-0.30,-7.61
304944,0.41,11.04
304967,-0.32,-8.93
304990,-0.01,0.20
305012,0.30,7.61
305035,-0.45,-12.50
305058,0.19,5.49
305081,0.03,0.07
305103,-0.44,-11.57
305130,0.18,4.43
305153,-0.47,-12.76
305175,0.29,8.13
305198,-0.09,-3.11
305221,-0.33,-8.53
305244,0.40,10.91
305266,-0.29,-8.40
305290,-0.04,-0.33
305312,0.31,8.00
305335,-0.45,-12.37
305357,0.19,5.36
305380,0.06,0.86
305403,-0.45,-11.97
305426,0.35,9.72
305448,-0.22,-6.02
305471,-0.21,-4.96
305495,0.39,10.52
305517,-0.39,-10.78
305540,0.11,3.51
305563,0.19,4.43
305586,-0.48,-12.90
305608,0.29,8.13
305631,-0.10,-3.37
305654,-0.33,-8.40
305677,0.41,11.18
305699,-0.30,-8.53
305726,0.35,9.59
305748,-0.20,-5.89
305771,-0.22,-5.36
305794,0.40,10.65
305817,-0.38,-10.78
305840,0.09,3.11
305862,0.20,4.83
305885,-0.48,-13.03
305908,0.26,7.47
305931,-0.07,-2.58
305953,-0.36,-9.19
305977,0.40,11.04
305999,-0.26,-7.34
306022,-0.07,-1.12
306044,0.33,8.66
306068,-0.44,-12.10
306091,0.16,4.70
306113,0.07,1.26
306136,-0.46,-12.24
306159,0.35,9.72
306182,-0.20,-5.62
306204,-0.23,-5.62
306227,0.40,10.65
306250,-0.38,-10.78
306273,0.08,2.71
306295,0.20,4.83
306318,-0.48,-12.76
306344,0.36,9.33
306367,-0.43,-11.84
306391,0.15,4.30
306413,0.09,1.52
306436,-0.47,-12.50
306458,0.33,9.19
306481,-0.19,-5.36
306504,-0.23,-5.75
306527,0.40,10.65
306556,0.14,4.03
306590,0.19,5.49
306613,0.01,-0.33
306635,-0.44,-11.44
306659,0.36,10.25
306681,-0.22,-6.28
306704,-0.16,-3.64
306727,0.39,10.38
306750,-0.42,-11.57
306772,0.13,3.90
306795,0.14,3.37
306819,-0.47,-12.76
306841,0.31,8.66
306864,-0.14,-4.43
306886,-0.29,-7.34
306910,0.41,11.18
306932,-0.33,-9.33
306959,0.36,10.12
306981,-0.22,-6.02
307004,-0.15,-3.37
307026,0.37,9.99
307050,-0.42,-11.57
307073,0.13,3.90
307095,0.15,3.64
307118,-0.47,-12.63
307141,0.32,8.80
307164,-0.12,-4.03
307186,-0.28,-7.21
307209,0.41,10.91
307232,-0.33,-9.46
307255,0.01,0.86
307277,0.30,7.47
307300,-0.47,-13.03
307323,0.19,5.49
307346,0.02,0.07
307368,-0.44,-11.57
307391,0.37,10.25
307415,-0.23,-6.42
307437,-0.16,-3.77
307460,0.37,9.99
307482,-0.41,-11.31
307506,0.12,3.90
307528,0.15,3.64
307551,-0.48,-12.63
307577,0.30,7.47
307600,-0.46,-12.50
307622,0.20,5.75
307646,0.04,0.33
307668,-0.44,-11.71
307691,0.36,9.99
307714,-0.22,-6.28
307737,-0.17,-4.03
307760,0.39,10.25
307782,-0.40,-11.04
307806,0.12,3.77
307828,0.16,3.77
307851,-0.48,-12.76
307873,0.31,8.66
307896,-0.11,-3.77
307919,-0.31,-7.61
307942,0.40,10.78
307964,-0.32,-9.19
307988,-0.01,0.33
308011,0.31,7.74
308033,-0.46,-12.63
308056,0.18,5.49
308078,0.02,0.07
308102,-0.44,-11.71
308124,0.35,9.85
308147,-0.23,-6.42
308173,0.28,8.00
308196,-0.08,-2.58
308218,-0.34,-8.80
308241,0.39,10.78
308264,-0.29,-8.27
308287,-0.05,-0.73
308310,0.33,8.53
308332,-0.45,-12.37
308356,0.18,5.22
308378,0.06,0.86
308401,-0.45,-11.97
308424,0.34,9.59
308447,-0.22,-6.15
308469,-0.20,-4.83
308498,-0.38,-10.65
308532,-0.43,-11.71
308555,0.14,4.03
308578,0.13,2.98
308600,-0.48,-12.63
308623,0.32,8.93
308645,-0.15,-4.70
308669,-0.28,-6.94
308691,0.40,10.65
308714,-0.34,-9.72
308738,0.02,1.39
308760,0.29,7.21
308783,-0.46,-12.76
308904,0.12,3.64
308983,-0.52,-13.95
309006,0.28,7.74
309028,-0.12,-3.77
309051,-0.33,-8.40
309074,0.39,10.52
309097,-0.32,-9.06
309120,-0.02,-0.07
309143,0.30,7.47
309166,-0.46,-12.63
309188,0.20,5.75
309211,0.02,-0.07
309234,-0.44,-11.57
309257,0.37,10.12
309279,-0.24,-6.81
309303,-0.15,-3.37
309325,0.37,9.85
309348,-0.41,-11.31
309370,0.15,4.30
309394,0.14,3.11
309416,-0.47,-12.63
309439,0.31,8.66
309462,-0.15,-4.70
309485,-0.28,-6.94
309508,0.40,10.91
309530,-0.35,-9.85
309567,-0.43,-11.31
309590,0.36,10.25
309613,-0.24,-6.81
309636,-0.13,-2.98
309658,0.37,9.85
309681,-0.43,-11.84
309704,0.14,4.17
309727,0.13,2.84
309749,-0.47,-12.63
309772,0.32,8.93
309795,-0.16,-4.83
309818,-0.27,-6.68
309840,0.40,10.78
309863,-0.35,-9.85
309886,0.02,1.26
309909,0.26,6.28
309932,-0.47,-12.90
309954,0.22,6.42
309978,-0.02,-1.12
310000,-0.41,-10.65
310023,0.38,10.65
310046,-0.26,-7.34
310069,-0.10,-1.92
310091,0.35,9.33
310114,-0.43,-11.84
310137,0.15,4.43
310163,-0.37,-10.38
310187,0.06,2.05
310209,0.23,5.62
310232,-0.48,-13.03
310254,0.24,7.08
310278,-0.05,-1.79
310300,-0.39,-9.99
310323,0.39,10.78
310345,-0.27,-7.61
310369,-0.08,-1.52
310391,0.35,9.06
310414,-0.44,-12.10
310437,0.16,4.70
310460,0.08,1.39
310482,-0.45,-12.10
310505,0.33,9.33
310528,-0.21,-5.75
310551,-0.21,-5.22
310574,0.39,10.38
310605,0.33,9.33
310639,0.35,9.72
310662,-0.24,-6.55
310684,-0.18,-4.30
310707,0.38,10.12
310730,-0.41,-11.44
310753,0.13,3.90
310775,0.16,3.77
310802,-0.05,-0.60
310824,0.32,8.13
310847,-0.45,-12.37
310871,0.17,4.96
310893,0.06,0.86
310916,-0.45,-11.84
310938,0.34,9.46
310961,-0.22,-6.15
310984,-0.21,-4.96
311007,0.39,10.38
311029,-0.40,-11.04
311053,0.11,3.37
311075,0.18,4.43
311098,-0.48,-12.90
311120,0.29,8.27
311144,-0.11,-3.51
311166,-0.32,-8.00
311189,0.40,10.65
311212,-0.31,-8.93
311235,-0.04,-0.33
311258,0.30,7.47
311280,-0.47,-12.90
311304,0.19,5.62
311326,0.03,0.20
311349,-0.45,-11.97
311371,0.38,10.52
311395,-0.24,-6.68
311415,-0.47,-12.50
311438,0.33,9.33
311460,-0.19,-5.49
311483,-0.24,-5.89
311506,0.39,10.25
311529,-0.39,-10.91
311552,0.08,2.71
311575,0.21,5.22
311598,-0.48,-13.03
311620,0.27,7.74
311643,-0.07,-2.31
311666,-0.36,-9.06
311689,0.40,10.91
311711,-0.29,-8.27
311734,-0.07,-1.12
311757,0.33,8.27
311780,-0.44,-12.24
311802,0.18,5.09
311825,0.06,0.86
311848,-0.46,-12.10
311871,0.36,9.85
311894,-0.22,-6.15
311916,-0.21,-5.09
311940,0.38,10.38
311962,-0.39,-10.78
311985,0.11,3.51
312011,-0.30,-8.40
312034,-0.05,-0.86
312056,0.32,8.13
312080,-0.46,-12.63
312102,0.16,4.70
312125,0.06,0.99
312147,-0.45,-12.10
312171,0.35,9.99
312194,-0.21,-6.02
312216,-0.22,-5.22
312239,0.38,10.12
312262,-0.40,-10.91
312285,0.11,3.37
312307,0.18,4.30
312330,-0.48,-13.03
312353,0.28,8.13
312376,-0.09,-3.11
312398,-0.33,-8.40
312422,0.40,10.91
312444,-0.30,-8.53
312467,-0.04,-0.46
312489,0.31,7.87
312513,-0.45,-12.50
312536,0.17,5.09
312576,0.01,-0.20
312598,-0.34,-8.66
312625,0.08,1.39
312647,-0.46,-12.24
312671,0.33,9.33
312693,-0.21,-6.02
312716,-0.22,-5.49
312738,0.40,10.52
312762,-0.39,-10.91
312784,0.11,3.64
312807,0.16,3.90
312830,-0.48,-12.76
312853,0.31,8.53
312876,-0.15,-4.70
312899,-0.27,-6.81
312922,0.40,10.78
312944,-0.36,-10.25
312968,0.07,2.31
312990,0.20,4.96
313013,-0.49,-13.16
313036,0.28,8.00
313059,-0.12,-3.90
313081,-0.29,-7.21
313105,0.40,10.91
313127,-0.35,-9.99
313151,0.05,1.92
313174,0.23,5.62
313196,-0.50,-13.43
313220,0.26,7.47
313245,-0.44,-12.24
313269,0.16,4.70
313291,0.04,0.33
313314,-0.43,-11.31
313337,0.39,10.78
313360,-0.27,-7.61
313383,-0.09,-1.65
313406,0.32,8.00
313428,-0.45,-12.50
313452,0.17,5.09
313475,0.02,-0.20
313497,-0.41,-10.78
313521,0.40,11.04
313543,-0.26,-7.47
313567,-0.07,-1.26
313589,0.31,7.74
313612,-0.47,-12.90
313635,0.20,6.02
313658,-0.01,-0.86
313680,-0.39,-9.85
313704,0.39,10.78
313726,-0.27,-7.61
313750,-0.05,-0.73
313773,0.32,8.00
313795,-0.46,-12.63
313819,0.19,5.62
313844,-0.42,-11.71
313868,0.15,4.30
313890,0.08,1.65
313913,-0.47,-12.37
313936,0.35,9.85
313959,-0.23,-6.28
313982,-0.16,-3.77
314005,0.37,9.85
314028,-0.42,-11.57
314051,0.16,4.56
314074,0.08,1.39
314096,-0.46,-12.24
314120,0.35,9.72
314142,-0.22,-6.02
314165,-0.20,-4.83
314188,0.39,10.52
314211,-0.42,-11.84
314234,0.12,3.64
314257,0.13,2.84
314279,-0.46,-12.24
314303,0.34,9.59
314326,-0.21,-6.15
314348,-0.22,-5.36
314371,0.38,10.25
314394,-0.40,-11.04
314417,0.11,3.37
314439,0.19,4.70
314476,-0.25,-7.21
314515,-0.15,-3.24
314539,0.31,7.87
314561,-0.46,-12.50
314585,0.18,5.36
314607,0.03,0.20
314630,-0.45,-11.84
314653,0.37,10.25
314676,-0.23,-6.42
314698,-0.18,-4.17
314721,0.37,9.99
314744,-0.42,-11.57
314767,0.14,4.17
314789,0.14,3.37
314812,-0.47,-12.63
314835,0.32,8.93
314858,-0.15,-4.70
314881,-0.27,-6.55
314904,0.39,10.65
314927,-0.36,-10.25
314949,0.06,2.18
314973,0.22,5.49
314995,-0.47,-12.76
315018,0.25,7.34
315040,-0.07,-2.45
315064,-0.37,-9.33
315090,0.06,0.99
315113,-0.45,-12.10
315136,0.36,9.99
315158,-0.21,-5.89
315182,-0.19,-4.43
315204,0.38,10.25
315227,-0.41,-11.31
315250,0.12,3.77
315273,0.14,3.37
315295,-0.47,-12.63
315319,0.33,9.19
315341,-0.17,-5.09
315364,-0.26,-6.55
315386,0.41,11.18
315410,-0.36,-10.25
315432,0.06,2.18
315455,0.22,5.36
315479,-0.48,-13.03
315501,0.27,7.74
315524,-0.09,-3.11
315547,-0.34,-8.53
315570,0.41,10.91
315592,-0.31,-8.93
315616,0.02,1.12
315638,0.32,8.00
315661,-0.47,-12.90
315684,0.20,6.02
315704,0.36,9.46
315727,-0.44,-12.10
315750,0.14,4.03
315772,0.09,1.79
315796,-0.46,-12.24
315819,0.35,9.99
315841,-0.22,-6.28
315865,-0.20,-4.83
315887,0.37,9.99
315910,-0.42,-11.71
315933,0.14,3.90
315956,0.11,2.45
315978,-0.45,-11.97
316002,0.35,9.59
316024,-0.23,-6.42
316048,-0.21,-5.09
316070,0.37,9.99
316093,-0.41,-11.31
316116,0.14,4.17
316139,0.14,3.11
316162,-0.47,-12.50
316185,0.33,9.19
316208,-0.19,-5.62
316230,-0.22,-5.36
316254,0.39,10.25
316276,-0.40,-11.18
316303,0.41,11.04
316325,-0.32,-9.19
316348,-0.02,0.07
316371,0.30,7.61
316394,-0.47,-12.90
316417,0.20,5.75
316445,-0.45,-12.10
316478,-0.47,-12.50
316502,0.32,8.93
316524,-0.17,-5.09
316547,-0.26,-6.42
316570,0.40,10.65
316593,-0.35,-10.12
316615,0.07,2.31
316638,0.22,5.36
316661,-0.49,-13.16
316684,0.25,7.34
316706,-0.04,-1.79
316729,-0.38,-9.59
316752,0.40,11.04
316775,-0.26,-7.47
316797,-0.08,-1.52
316821,0.33,8.66
316844,-0.44,-12.10
316866,0.16,4.56
316889,0.08,1.39
316912,-0.45,-12.10
316933,0.12,3.64
316955,0.16,3.90
316978,-0.47,-12.76
317000,0.29,8.27
317024,-0.12,-4.03
317046,-0.30,-7.47
317069,0.41,11.18
317092,-0.32,-9.06
317115,-0.01,0.46
317137,0.29,7.21
317160,-0.49,-13.29
317184,0.18,5.49
317206,-0.00,-0.73
317229,-0.43,-11.18
317252,0.39,10.65
317275,-0.23,-6.42
317297,-0.11,-2.31
317320,0.37,9.59
317343,-0.43,-11.71
317366,0.14,4.03
317388,0.11,2.45
317411,-0.47,-12.63
317434,0.33,9.33
317457,-0.17,-5.22
317479,-0.24,-6.02
317503,0.40,10.78
317529,-0.39,-9.85
317552,0.38,10.52
317575,-0.26,-7.47
317597,-0.09,-1.65
317620,0.34,8.93
317643,-0.43,-11.84
317666,0.17,4.96
317688,0.09,1.65
317711,-0.45,-11.97
317734,0.34,9.46
317757,-0.21,-6.02
317779,-0.22,-5.36
317803,0.38,10.25
317826,-0.39,-10.91
317848,0.11,3.11
317872,0.19,4.43
317894,-0.48,-12.76
317917,0.30,8.40
317939,-0.10,-3.51
317963,-0.32,-7.87
317985,0.40,10.78
318008,-0.31,-8.80
318031,-0.03,-0.20
318054,0.30,7.61
318076,-0.48,-13.03
318099,0.17,5.22
318126,-0.40,-10.91
318148,0.12,3.51
318172,0.18,4.56
318194,-0.47,-12.63
318217,0.28,8.13
318239,-0.13,-4.03
318263,-0.31,-7.74
318285,0.40,10.65
318308,-0.32,-9.33
318331,-0.00,0.60
318354,0.30,7.47
318376,-0.46,-12.63
318416,0.20,6.15
318440,-0.14,-4.43
318462,-0.29,-7.47
318485,0.41,11.04
318509,-0.32,-9.19
318531,0.05,1.52
318554,0.31,7.61
318576,-0.46,-12.76
318600,0.16,4.83
318622,0.01,-0.46
318645,-0.44,-11.57
318667,0.37,10.25
318691,-0.23,-6.42
318713,-0.13,-2.98
318736,0.38,10.12
318763,-0.27,-6.81
318785,0.41,10.91
318809,-0.35,-9.99
318831,0.04,1.79
318854,0.25,6.15
318876,-0.46,-12.50
318900,0.24,6.94
318922,-0.04,-1.79
318945,-0.38,-9.72
318968,0.40,10.91
318991,-0.27,-7.74
319013,-0.08,-1.39
319037,0.33,8.53
319059,-0.45,-12.10
319082,0.19,5.49
319105,0.06,0.86
319128,-0.45,-11.84
319151,0.36,9.99
319173,-0.23,-6.28
319197,-0.19,-4.56
319219,0.38,10.25
319242,-0.41,-11.31
319265,0.15,4.17
319288,0.14,3.37
319310,-0.46,-12.50
319333,0.33,9.19
319370,0.31,7.74
319392,-0.45,-12.50
319416,0.19,5.62
319438,0.02,-0.20
319461,-0.44,-11.57
319484,0.37,10.25
319507,-0.23,-6.55
319529,-0.11,-2.05
319553,0.38,10.12
319576,-0.42,-11.57
319598,0.16,4.43
319622,0.09,1.79
319644,-0.47,-12.37
319667,0.34,9.46
319689,-0.20,-5.62
319713,-0.22,-5.36
319735,0.40,10.65
319758,-0.38,-10.78
319781,0.11,3.51
319804,0.18,4.30
319826,-0.48,-12.76
319850,0.30,8.27
319873,-0.11,-3.64
319895,-0.30,-7.47
319918,0.40,10.91
319941,-0.32,-9.19
319964,0.03,1.39
319990,-0.22,-6.15
320013,-0.16,-3.64
320035,0.38,10.12
320059,-0.42,-11.44
320081,0.14,3.90
320104,0.12,2.71
320126,-0.46,-12.24
320150,0.33,9.19
320173,-0.18,-5.36
320195,-0.24,-6.02
320219,0.40,10.91
320241,-0.37,-10.38
320264,0.08,2.71
320287,0.21,5.22
320310,-0.49,-13.16
320338,-0.02,-0.99
320372,-0.10,-3.11
320395,-0.34,-8.66
320417,0.42,11.44
320441,-0.29,-8.40
320463,-0.02,0.20
320486,0.34,8.66
320508,-0.44,-12.10
320532,0.18,5.22
320555,0.05,0.73
320577,-0.45,-11.97
320604,0.20,4.83
320626,-0.48,-13.03
320649,0.29,8.13
320672,-0.10,-3.11
320695,-0.34,-8.66
320717,0.40,10.91
320741,-0.29,-8.40
320763,-0.03,-0.20
320786,0.32,7.87
320808,-0.46,-12.76
320832,0.19,5.49
320855,0.02,-0.07
320877,-0.44,-11.57
320901,0.38,10.38
320923,-0.23,-6.55
320946,-0.13,-2.84
320969,0.38,10.12
320992,-0.41,-11.31
321014,0.16,4.70
321038,0.11,2.31
321060,-0.47,-12.50
321083,0.33,9.19
321105,-0.19,-5.62
321129,-0.24,-5.89
321152,0.40,10.78
321174,-0.37,-10.38
321201,0.40,10.91
321223,-0.29,-8.27
321247,-0.06,-0.86
321269,0.33,8.40
321292,-0.45,-12.37
321315,0.16,4.83
321338,0.06,0.99
321360,-0.44,-11.71
321383,0.35,9.85
321406,-0.23,-6.42
321429,-0.19,-4.43
321452,0.39,10.52
321475,-0.40,-11.04
321498,0.14,4.03
321520,0.16,3.90
321543,-0.47,-12.63
321566,0.31,8.53
321589,-0.14,-4.43
321611,-0.28,-6.81
321635,0.41,11.04
321657,-0.33,-9.46
321680,0.02,1.12
321702,0.28,6.94
321726,-0.47,-12.76
321748,0.21,6.28
321771,-0.01,-0.99
321794,-0.41,-10.52
321820,0.12,2.84
321843,-0.46,-12.37
321866,0.33,9.33
321889,-0.18,-5.22
321911,-0.25,-6.28
321935,0.40,10.91
321957,-0.36,-10.12
321980,0.10,3.11
322003,0.22,5.36
322026,-0.48,-12.90
322049,0.26,7.61
322072,-0.08,-2.84
322095,-0.35,-8.93
322117,0.40,11.04
322140,-0.28,-8.00
322163,-0.04,-0.46
322186,0.33,8.27
322208,-0.46,-12.50
322232,0.16,4.83
322254,0.03,0.20
322283,0.32,9.06
322316,0.29,8.27
322338,-0.09,-3.11
322361,-0.33,-8.40
322384,0.40,11.04
322407,-0.29,-8.40
322434,0.34,9.59
322456,-0.21,-5.89
322479,-0.21,-5.09
322501,0.40,10.65
322525,-0.39,-10.78
322547,0.11,3.37
322570,0.18,4.43
322592,-0.49,-13.16
322616,0.29,8.27
322638,-0.12,-3.90
322661,-0.32,-8.13
322684,0.40,10.91
322707,-0.31,-8.93
322729,0.01,0.99
322752,0.31,7.87
322776,-0.45,-12.37
322798,0.18,5.36
322821,0.02,-0.20
322844,-0.43,-11.31
322867,0.37,10.12
322889,-0.24,-6.68
322913,-0.06,-0.99
322935,0.39,10.38
322958,-0.42,-11.57
322981,0.15,4.43
323004,0.11,2.31
323026,-0.47,-12.76
323053,0.24,6.02
323076,-0.47,-12.63
323098,0.26,7.61
323122,-0.05,-2.05
323144,-0.37,-9.46
323167,0.39,10.78
323190,-0.27,-7.74
323213,-0.07,-1.26
323235,0.33,8.53
323258,-0.44,-12.24
323281,0.18,5.09
323304,0.06,0.99
323326,-0.45,-11.97
323350,0.35,9.72
323373,-0.22,-6.15
323395,-0.19,-4.43
323419,0.38,10.25
323441,-0.40,-11.31
323464,0.11,3.37
323487,0.17,4.03
323510,-0.47,-12.76
323532,0.30,8.40
323555,-0.14,-4.30
323578,-0.29,-7.47
323601,0.40,10.91
323623,-0.33,-9.33
323650,0.37,10.38
323673,-0.23,-6.55
323696,-0.13,-2.98
323719,0.37,9.85
323741,-0.42,-11.71
323764,0.14,4.17
323787,0.12,2.84
323810,-0.46,-12.37
323832,0.33,9.33
323856,-0.18,-5.36
323878,-0.24,-5.75
323901,0.41,10.91
323924,-0.38,-10.52
323947,0.09,2.84
323970,0.21,5.09
323992,-0.48,-12.90
324016,0.27,7.87
324038,-0.08,-2.58
324061,-0.33,-8.40
324084,0.40,11.04
324107,-0.29,-8.27
324129,-0.04,-0.46
324153,0.33,8.13
324175,-0.45,-12.50
324198,0.19,5.49
324227,-0.43,-11.18
324275,-0.46,-12.63
324298,0.18,5.36
324321,0.03,0.33
324343,-0.44,-11.71
324367,0.35,9.99
324389,-0.22,-6.15
324412,-0.16,-3.90
324435,0.38,10.12
324458,-0.40,-11.18
324481,0.15,4.30
324503,0.13,3.11
324527,-0.47,-12.63
324549,0.32,8.93
324572,-0.16,-4.96
324595,-0.25,-6.28
324618,0.41,11.04
324640,-0.36,-10.12
324664,0.07,2.58
324686,0.21,5.22
324709,-0.48,-12.90
324732,0.26,7.74
324755,-0.07,-2.58
324777,-0.34,-8.53
324801,0.40,11.04
324824,-0.29,-8.40
324846,-0.03,-0.20
324869,0.31,7.74
324895,-0.20,-4.70
324918,0.39,10.52
324941,-0.40,-11.04
324964,0.13,3.90
324986,0.16,3.77
325010,-0.47,-12.50
325032,0.31,8.66
325055,-0.14,-4.43
325079,-0.27,-6.81
325101,0.41,11.04
325124,-0.35,-9.99
325146,0.04,1.79
325170,0.26,6.42
325192,-0.47,-12.63
325215,0.23,6.68
325238,-0.04,-1.65
325261,-0.38,-9.72
325283,0.39,10.78
325307,-0.27,-7.61
325329,-0.08,-1.52
325352,0.34,8.93
325374,-0.44,-12.10
325398,0.17,4.83
325421,0.06,0.99
325443,-0.44,-11.84
325467,0.35,9.72
325492,-0.47,-12.76
325516,0.28,8.00
325538,-0.10,-3.24
325561,-0.33,-8.13
325584,0.41,11.04
325607,-0.31,-8.80
325629,-0.01,0.33
325653,0.31,7.74
325676,-0.45,-12.50
325698,0.19,5.49
325721,0.02,-0.20
325744,-0.42,-11.18
325767,0.37,10.25
325789,-0.24,-6.68
325813,-0.13,-2.98
325835,0.37,9.85
325858,-0.43,-11.71
325881,0.14,4.03
325904,0.11,2.45
325926,-0.46,-12.24
325950,0.33,9.19
325972,-0.19,-5.49
325995,-0.22,-5.49
326018,0.40,10.65
326041,-0.38,-10.78
326064,0.10,3.24
326086,0.18,4.43
326113,-0.01,0.33
326135,0.35,9.19
326164,0.13,3.77
326198,0.17,4.83
326220,0.09,1.65
326244,-0.47,-12.50
326266,0.34,9.46
326289,-0.20,-5.75
326311,-0.23,-5.62
326335,0.39,10.38
326358,-0.40,-11.04
326381,0.10,3.24
326404,0.19,4.56
326426,-0.50,-13.29
326449,0.30,8.53
326472,-0.09,-3.11
326495,-0.31,-7.61
326517,0.42,11.31
326541,-0.30,-8.80
326563,-0.02,-0.07
326586,0.28,7.08
326608,-0.47,-12.90
326632,0.18,5.49
326654,0.01,-0.33
326677,-0.42,-10.91
326701,0.41,11.18
326726,-0.48,-12.76
326750,0.32,8.80
326772,-0.17,-5.22
326795,-0.25,-6.28
326818,0.40,10.78
326841,-0.37,-10.52
326863,0.09,2.98
326887,0.22,5.49
326909,-0.47,-12.63
326932,0.27,7.87
326956,-0.07,-2.58
326978,-0.33,-8.40
327001,0.39,10.78
327024,-0.29,-8.40
327047,-0.03,-0.07
327069,0.31,7.61
327092,-0.45,-12.50
327115,0.19,5.49
327138,0.02,-0.07
327160,-0.43,-11.31
327184,0.37,10.38
327206,-0.23,-6.68
327229,-0.13,-2.98
327252,0.37,9.72
327275,-0.42,-11.57
327298,0.14,3.90
327321,0.11,2.45
327347,0.05,1.39
327369,0.28,6.81
327393,-0.47,-12.90
327415,0.19,5.62
327438,-0.02,-1.12
327461,-0.40,-10.38
327484,0.38,10.52
327506,-0.26,-7.47
327530,-0.08,-1.65
327553,0.35,9.06
327575,-0.43,-11.97
327599,0.16,4.56
327621,0.07,1.26
327644,-0.46,-12.24
327667,0.34,9.33
327690,-0.22,-6.02
327712,-0.19,-4.43
327735,0.39,10.38
327758,-0.39,-10.91
327781,0.13,4.03
327803,0.16,3.64
327827,-0.48,-12.90
327849,0.30,8.40
327872,-0.14,-4.43
327896,-0.27,-6.68
327918,0.42,11.44
327945,-0.42,-10.91
327967,0.39,10.65
327990,-0.25,-7.08
328013,-0.11,-2.45
328036,0.34,9.06
328058,-0.44,-12.10
328082,0.16,4.43
328111,-0.46,-12.37
328143,-0.48,-13.03
328166,0.29,8.40
328188,-0.11,-3.51
328212,-0.32,-8.00
328235,0.40,10.91
328257,-0.31,-9.06
328281,-0.02,-0.07
328303,0.30,7.34
328326,-0.47,-12.76
328349,0.18,5.36
328372,0.02,-0.20
328394,-0.43,-11.31
328418,0.37,10.38
328440,-0.24,-6.55
328463,-0.13,-2.84
328485,0.36,9.72
328509,-0.43,-11.71
328531,0.14,4.03
328654,0.15,3.64
328732,0.13,3.77
328755,0.03,0.20
328777,-0.46,-12.24
328801,0.35,9.72
328823,-0.22,-6.15
328846,-0.18,-4.43
328869,0.38,10.25
328892,-0.41,-11.18
328914,0.13,4.03
328938,0.15,3.51
328961,-0.47,-12.50
328983,0.32,8.80
329007,-0.15,-4.70
329029,-0.27,-6.68
329052,0.41,11.04
329075,-0.35,-9.85
329098,0.04,1.79
329120,0.25,6.28
329143,-0.47,-12.76
329166,0.24,7.08
329189,-0.04,-1.65
329211,-0.37,-9.46
329235,0.39,10.65
329257,-0.28,-7.87
329280,-0.06,-0.86
329304,0.33,8.53
329339,-0.18,-5.36
329363,-0.24,-6.02
329385,0.40,10.65
329408,-0.37,-10.38
329432,0.09,2.84
329454,0.19,4.83
329477,-0.47,-12.76
329500,0.29,8.27
329523,-0.10,-3.11
329545,-0.32,-8.00
329569,0.40,10.91
329591,-0.32,-9.06
329614,-0.00,0.60
329637,0.31,7.74
329660,-0.47,-12.76
329682,0.19,5.75
329706,0.01,-0.33
329729,-0.42,-11.04
329751,0.38,10.52
329775,-0.25,-6.94
329797,-0.10,-2.05
329820,0.37,9.59
329843,-0.43,-11.97
329866,0.15,4.43
329888,0.10,2.05
329911,-0.46,-12.24
329937,0.23,5.62
329961,-0.48,-13.03
329984,0.26,7.74
330006,-0.07,-2.45
330030,-0.34,-8.66
330052,0.41,11.18
330075,-0.29,-8.40
330098,-0.03,-0.20
330121,0.30,7.61
330143,-0.48,-13.16
330167,0.18,5.49
330189,0.02,0.07
330221,0.28,6.94
330255,0.21,5.22
330277,-0.48,-12.76
330300,0.27,7.74
330323,-0.08,-2.84
330346,-0.34,-8.80
330369,0.40,10.78
330392,-0.29,-8.40
330415,-0.04,-0.46
330437,0.33,8.27
330461,-0.47,-12.76
330483,0.16,4.96
330506,0.05,0.73
330528,-0.44,-11.57
330552,0.36,10.12
330577,-0.49,-13.03
330601,0.31,8.80
330624,-0.13,-4.03
330646,-0.29,-7.34
330670,0.41,11.18
330692,-0.33,-9.59
330716,0.05,1.65
330738,0.27,6.81
330761,-0.47,-12.76
330783,0.19,5.75
330807,-0.03,-1.52
330829,-0.39,-10.12
330852,0.38,10.65
330875,-0.26,-7.61
330898,-0.04,-0.33
330920,0.35,9.06
330944,-0.43,-11.84
330967,0.18,5.09
330989,0.06,0.73
331013,-0.45,-11.97
331035,0.35,9.72
331058,-0.22,-6.15
331081,-0.18,-4.43
331104,0.39,10.52
331126,-0.42,-11.71
331150,0.13,4.03
331175,-0.31,-8.80
331199,-0.00,0.46
331222,0.30,7.47
331244,-0.46,-12.63
331268,0.19,5.75
331290,0.01,-0.46
331313,-0.42,-10.91
331336,0.38,10.52
331359,-0.24,-6.81
331381,-0.11,-2.31
331405,0.35,9.19
331427,-0.43,-11.71
331450,0.16,4.56
331472,0.09,1.92
331496,-0.45,-12.10
331518,0.34,9.46
331541,-0.20,-5.75
331565,-0.22,-5.49
331587,0.39,10.52
331610,-0.39,-10.78
331633,0.10,3.24
331656,0.18,4.43
331678,-0.47,-12.76
331702,0.29,8.27
331724,-0.11,-3.51
331747,-0.30,-7.61
331770,0.40,10.91
331796,-0.44,-11.57
331820,0.38,10.38
331842,-0.23,-6.42
331865,-0.12,-2.84
331888,0.36,9.46
331911,-0.44,-12.10
331933,0.14,4.17
331957,0.11,2.31
331979,-0.46,-12.24
332002,0.34,9.46
332025,-0.20,-5.62
332048,-0.22,-5.49
332070,0.38,10.25
332094,-0.40,-11.18
332116,0.10,3.24
332139,0.18,4.43
332168,0.23,6.94
332219,0.32,8.93
332241,-0.21,-5.89
332265,-0.22,-5.49
332288,0.39,10.38
332310,-0.39,-10.78
332334,0.11,3.37
332356,0.18,4.43
332379,-0.48,-13.03
332402,0.29,8.13
332428,-0.46,-12.50
332451,0.22,6.68
332474,-0.03,-1.26
332497,-0.37,-9.46
332520,0.39,10.65
332542,-0.29,-8.40
332566,0.00,0.60
332589,0.30,7.47
332611,-0.46,-12.63
332635,0.23,6.68
332657,-0.04,-1.65
332681,-0.37,-9.33
332703,0.41,11.18
332727,-0.31,-8.80
332749,-0.01,0.60
332772,0.28,7.08
332795,-0.47,-12.63
332818,0.25,7.08
332841,-0.07,-2.45
332864,-0.33,-8.40
332887,0.40,11.04
332910,-0.31,-8.93
332933,0.01,0.86
332956,0.27,6.68
332979,-0.47,-12.90
333001,0.26,7.47
333025,-0.08,-2.84
333051,0.18,5.09
333074,0.04,0.46
333096,-0.44,-11.57
333120,0.37,10.25
333143,-0.25,-6.94
333166,-0.06,-0.99
333189,0.34,8.66
333211,-0.45,-12.37
333235,0.21,6.28
333257,-0.03,-1.39
333281,-0.37,-9.59
333303,0.39,10.78
333327,-0.29,-8.40
333349,0.03,0.99
333372,0.30,7.61
333395,-0.47,-12.76
333418,0.23,6.94
333442,-0.07,-2.31
333464,-0.34,-8.53
333488,0.40,10.91
333510,-0.33,-9.46
333533,0.05,1.92
333556,0.23,5.62
333579,-0.47,-12.63
333602,0.30,8.27
333625,-0.14,-4.43
333651,0.21,6.15
333674,-0.03,-1.39
333698,-0.36,-9.19
333720,0.40,11.04
333743,-0.29,-8.27
333766,-0.01,0.20
333789,0.31,7.74
333811,-0.45,-12.37
333835,0.20,5.89
333857,-0.03,-1.39
333881,-0.36,-9.19
333903,0.40,10.91
333927,-0.30,-8.80
333949,0.02,1.26
333972,0.27,6.81
333996,-0.46,-12.63
334018,0.23,6.68
334041,-0.02,-1.26
334064,-0.39,-10.12
334087,0.38,10.52
334109,-0.27,-8.00
334142,-0.08,-2.58
334176,-0.24,-6.55
334199,-0.13,-2.84
334222,0.37,9.85
334244,-0.42,-11.57
334268,0.15,4.30
334304,0.40,10.91
334327,-0.33,-9.59
334350,0.02,1.12
334372,0.26,6.42
334395,-0.48,-12.90
334418,0.23,6.81
334441,-0.04,-1.65
334464,-0.37,-9.46
334487,0.40,10.91
334510,-0.28,-8.13
334532,-0.05,-0.73
334556,0.32,8.13
334578,-0.45,-12.37
334602,0.19,5.62
334624,0.02,-0.20
334647,-0.41,-10.78
334670,0.37,10.38
334693,-0.25,-7.08
334715,-0.10,-1.92
334739,0.34,8.93
334761,-0.43,-12.10
334784,0.17,4.96
334808,0.07,1.12
334830,-0.44,-11.71
334853,0.36,10.12
334876,-0.23,-6.55
334902,0.30,8.40
334925,-0.12,-3.90
334948,-0.29,-7.21
334970,0.41,11.04
334994,-0.34,-9.72
335016,0.04,1.79
335039,0.24,5.89
335062,-0.47,-12.76
335085,0.25,7.34
335108,-0.06,-2.18
335131,-0.34,-8.66
335154,0.41,11.04
335176,-0.30,-8.80
335200,-0.04,-0.33
335222,0.30,7.47
335245,-0.46,-12.50
335268,0.21,6.15
335291,-0.01,-0.86
335313,-0.40,-10.25
335337,0.39,10.91
335360,-0.27,-7.87
335382,-0.08,-1.52
335406,0.33,8.40
335428,-0.44,-12.24
335451,0.17,5.09
335474,0.04,0.46
335497,-0.43,-11.44
335523,0.16,3.90
335546,-0.50,-13.43
335568,0.30,8.40
335592,-0.14,-4.43
335614,-0.27,-6.68
335637,0.41,11.18
335661,-0.36,-10.12
335683,0.08,2.71
335706,0.21,5.22
335729,-0.48,-13.03
335752,0.28,7.87
335774,-0.09,-2.98
335798,-0.32,-8.00
335820,0.42,11.44
335843,-0.30,-8.80
335866,-0.01,0.20
335889,0.29,7.08
335911,-0.48,-12.90
335935,0.20,6.15
335958,0.00,-0.60
335980,-0.41,-10.65
336004,0.40,11.04
336026,-0.26,-7.34
336049,-0.09,-1.79
336072,0.35,8.93
336111,-0.42,-11.44
336138,0.40,10.52
336160,-0.40,-11.04
336184,0.11,3.24
336206,0.16,3.90
336229,-0.47,-12.63
336252,0.32,8.93
336275,-0.16,-4.96
336297,-0.25,-6.02
336321,0.41,10.91
336344,-0.36,-10.25
336366,0.09,2.84
336390,0.21,5.22
336412,-0.48,-12.90
336435,0.27,7.74
336458,-0.10,-3.11
336481,-0.33,-8.27
336503,0.40,10.91
336527,-0.32,-9.06
336549,0.02,0.99
336572,0.28,7.21
336594,-0.46,-12.50
336618,0.20,5.89
336641,-0.03,-1.39
336663,-0.39,-10.12
336687,0.38,10.65
336709,-0.27,-7.87
336736,0.34,9.59
336758,-0.20,-5.75
336782,-0.20,-4.83
336804,0.39,10.38
336827,-0.41,-11.44
336850,0.12,3.64
336873,0.14,3.24
336896,-0.48,-12.76
336919,0.33,9.06
336942,-0.16,-4.83
336964,-0.24,-5.75
336988,0.40,10.78
337010,-0.37,-10.38
337033,0.09,2.98
337056,0.19,4.70
337079,-0.48,-13.03
337101,0.30,8.53
337125,-0.12,-3.90
337147,-0.31,-7.61
337170,0.42,11.31
337193,-0.34,-9.72
337216,0.06,2.05
337239,0.26,6.42
337261,-0.47,-12.76
337285,0.24,7.21
337307,-0.06,-2.31
337331,-0.36,-9.19
337356,0.08,1.52
337379,-0.46,-12.10
337402,0.36,9.99
337425,-0.21,-5.89
337448,-0.18,-4.30
337471,0.38,10.12
337494,-0.42,-11.44
337517,0.15,4.30
337540,0.13,2.98
337562,-0.46,-12.24
337586,0.35,9.85
337608,-0.19,-5.49
337631,-0.23,-5.75
337654,0.40,10.65
337677,-0.41,-11.31
337699,0.11,3.51
337723,0.16,3.90
337745,-0.47,-12.63
337768,0.32,9.06
337792,-0.15,-4.70
337814,-0.26,-6.55
337837,0.40,10.91
337860,-0.37,-10.38
337883,0.08,2.84
337905,0.21,5.09
337929,-0.48,-13.03
337954,0.35,8.93
337978,-0.43,-11.97
338000,0.16,4.70
338029,-0.47,-12.50
338063,-0.42,-10.91
338086,0.38,10.65
338109,-0.26,-7.34
338131,-0.08,-1.52
338155,0.33,8.66
338178,-0.44,-12.24
338200,0.16,4.70
338224,0.04,0.46
338246,-0.44,-11.57
338269,0.37,10.38
338292,-0.23,-6.42
338315,-0.13,-2.98
338337,0.35,9.33
338361,-0.44,-12.10
338383,0.15,4.43
338406,0.09,1.79
338428,-0.45,-12.10
338452,0.35,9.72
338475,-0.20,-5.75
338497,-0.19,-4.56
338521,0.39,10.52
338543,-0.40,-11.18
338567,0.12,3.51
338592,-0.33,-9.59
338616,0.02,1.12
338638,0.25,6.28
338661,-0.49,-13.16
338684,0.25,7.34
338707,-0.06,-2.18
338729,-0.35,-8.93
338753,0.42,11.31
338776,-0.30,-8.53
338798,0.03,1.39
338822,0.30,7.61
338844,-0.46,-12.50
338867,0.20,5.75
338890,-0.03,-1.39
338913,-0.39,-10.12
338936,0.40,10.91
338959,-0.28,-8.27
338981,0.03,1.12
339005,0.32,8.13
339027,-0.46,-12.63
339050,0.19,5.75
339074,-0.02,-1.12
339096,-0.40,-10.25
339119,0.40,10.91
339142,-0.28,-8.13
339165,-0.03,-0.07
339202,0.34,9.59
339224,-0.22,-6.15
339248,-0.20,-4.70
339270,0.39,10.52
339293,-0.41,-11.31
339316,0.14,3.90
339339,0.13,3.11
339361,-0.45,-12.10
339385,0.34,9.33
339407,-0.22,-6.15
339431,-0.22,-5.22
339453,0.38,10.25
339476,-0.41,-11.31
339500,0.15,4.56
339522,0.14,3.24
339545,-0.46,-12.37
339568,0.33,9.33
339591,-0.21,-6.02
339614,-0.21,-5.09
339637,0.39,10.52
339659,-0.39,-11.04
339683,0.15,4.43
339705,0.13,3.11
339728,-0.47,-12.37
339751,0.33,9.19
339774,-0.20,-5.75
339796,-0.22,-5.49
339818,0.31,8.66
339841,-0.14,-4.30
339863,-0.27,-6.81
339887,0.41,10.91
339909,-0.36,-10.25
339932,0.09,2.98
339955,0.20,4.96
339984,0.22,6.28
340016,0.08,2.84
340038,0.21,5.09
340061,-0.48,-13.03
340084,0.29,8.13
340107,-0.11,-3.37
340129,-0.30,-7.61
340153,0.41,11.31
340175,-0.33,-9.46
340198,0.05,1.65
340221,0.27,6.68
340244,-0.47,-12.76
340267,0.23,6.81
340290,-0.06,-2.18
340313,-0.36,-9.19
340335,0.40,11.04
340359,-0.28,-8.00
340381,-0.03,-0.33
340404,0.31,7.74
340430,-0.18,-4.43
340453,0.38,10.12
340476,-0.42,-11.44
340499,0.14,4.03
340521,0.11,2.58
340545,-0.46,-12.10
340568,0.34,9.33
340591,-0.21,-6.15
340614,-0.20,-4.96
340636,0.38,10.25
340660,-0.40,-11.04
340682,0.12,3.64
340705,0.13,3.11
340728,-0.46,-12.24
340751,0.33,9.33
340773,-0.20,-5.75
340797,-0.20,-4.70
340819,0.40,10.52
340842,-0.40,-10.91
340866,0.13,4.03
340888,0.14,3.51
340911,-0.46,-12.37
340934,0.33,9.19
340957,-0.19,-5.49
340980,-0.20,-4.70
341003,0.40,10.78
341025,-0.39,-10.91
341052,0.41,10.91
341075,-0.32,-9.33
341098,0.03,1.12
341121,0.28,7.08
341143,-0.46,-12.63
341167,0.23,6.68
341189,-0.04,-1.65
341213,-0.37,-9.46
341235,0.40,10.91
341258,-0.27,-7.87
341281,-0.04,-0.46
341304,0.31,7.87
341326,-0.46,-12.63
341350,0.21,6.02
341372,0.00,-0.60
341395,-0.41,-10.78
341419,0.40,11.04
341441,-0.26,-7.34
341464,-0.08,-1.39
341487,0.33,8.27
341510,-0.45,-12.37
341533,0.20,5.75
341556,0.03,0.07
341578,-0.44,-11.57
341602,0.37,10.38
341624,-0.24,-6.68
341651,0.33,9.19
341673,-0.16,-4.96
341696,-0.24,-6.02
341720,0.39,10.52
341742,-0.39,-10.91
341766,0.11,3.37
341788,0.18,4.30
341811,-0.47,-12.63
341834,0.32,9.06
341857,-0.15,-4.56
341879,-0.26,-6.55
341903,0.41,10.78
341932,0.12,3.77
341966,0.24,7.08
341989,-0.05,-1.92
342012,-0.35,-8.93
342035,0.40,10.78
342057,-0.30,-8.66
342081,-0.04,-0.33
342104,0.29,7.34
342126,-0.46,-12.50
342150,0.22,6.42
342172,-0.01,-0.86
342196,-0.40,-10.38
342218,0.39,10.78
342241,-0.27,-7.61
342267,0.36,10.12
342290,-0.21,-6.02
342313,-0.19,-4.56
342336,0.37,9.85
342359,-0.42,-11.71
342382,0.15,4.30
342405,0.13,2.84
342428,-0.45,-11.97
342451,0.34,9.46
342473,-0.20,-5.75
342497,-0.21,-5.09
342519,0.38,10.12
342542,-0.41,-11.44
342565,0.13,3.77
342588,0.14,3.37
342610,-0.46,-12.37
342634,0.34,9.46
342657,-0.18,-5.22
342680,-0.17,-3.90
342703,0.40,10.78
342725,-0.40,-11.04
342749,0.11,3.37
342771,0.15,3.64
342794,-0.47,-12.63
342817,0.33,9.06
342840,-0.17,-4.96
342862,-0.23,-5.62
342889,-0.06,-2.18
342913,-0.36,-9.06
342935,0.40,10.78
342958,-0.28,-8.27
342981,-0.03,-0.20
343004,0.30,7.47
343026,-0.47,-12.63
343050,0.21,6.28
343072,-0.02,-1.12
343095,-0.39,-9.99
343118,0.38,10.52
343141,-0.28,-7.74
343164,0.01,0.73
343187,0.35,8.93
343209,-0.44,-12.24
343233,0.17,4.96
343256,0.03,-0.07
343278,-0.43,-11.18
343302,0.38,10.52
343324,-0.24,-6.81
343347,-0.10,-2.05
343370,0.35,9.06
343393,-0.44,-12.10
343415,0.16,4.70
343439,0.07,1.12
343461,-0.44,-11.71
343488,0.18,4.43
343511,-0.48,-12.76
343533,0.30,8.40
343557,-0.14,-4.43
343579,-0.28,-6.94
343603,0.40,10.78
343625,-0.37,-10.52
343648,0.07,2.45
343671,0.20,4.96
343694,-0.48,-12.76
343716,0.30,8.53
343740,-0.11,-3.64
343762,-0.30,-7.34
343785,0.41,11.04
343809,-0.35,-9.99
343831,0.03,1.26
343854,0.25,6.28
343882,0.18,5.22
343916,0.25,7.21
343940,-0.07,-2.31
343962,-0.33,-8.27
343985,0.42,11.31
344008,-0.30,-8.66
344031,-0.02,0.20
344053,0.29,7.08
344077,-0.49,-13.29
344099,0.21,6.28
344136,0.37,9.85
344159,-0.42,-11.57
344182,0.12,3.77
344205,0.13,2.98
344227,-0.46,-12.10
344251,0.34,9.59
344273,-0.19,-5.62
344296,-0.22,-5.49
344320,0.39,10.38
344342,-0.42,-11.57
344366,0.12,3.64
344388,0.14,3.24
344411,-0.45,-12.10
344434,0.34,9.33
344457,-0.19,-5.49
344479,-0.23,-5.62
344503,0.40,10.65
344525,-0.39,-11.04
344549,0.12,3.64
344571,0.15,3.64
344594,-0.48,-12.50
344617,0.33,9.19
344640,-0.17,-5.22
344663,-0.24,-5.89
344686,0.40,10.65
344709,-0.39,-10.91
344735,0.40,11.04
344758,-0.31,-8.93
344781,-0.00,0.60
344804,0.28,6.81
344826,-0.47,-12.76
344850,0.24,6.94
344872,-0.04,-1.65
344895,-0.37,-9.46
344919,0.41,11.18
344941,-0.30,-8.53
344965,-0.01,0.33
344987,0.31,7.74
345010,-0.46,-12.50
345033,0.22,6.42
345056,-0.02,-1.12
345078,-0.38,-9.85
345102,0.38,10.52
345124,-0.28,-7.87
345148,-0.04,-0.46
345170,0.32,8.13
345193,-0.46,-12.63
345217,0.20,6.02
345239,-0.00,-0.73
345262,-0.41,-10.52
345285,0.39,10.65
345308,-0.28,-8.00
345331,-0.05,-0.73
345357,-0.22,-6.15
345380,-0.17,-3.90
345403,0.38,10.12
345425,-0.41,-11.44
345449,0.15,4.30
345472,0.09,1.92
345495,-0.45,-11.97
345518,0.35,9.72
345540,-0.21,-5.89
345564,-0.18,-4.30
345586,0.38,10.25
345609,-0.41,-11.44
345632,0.15,4.30
345655,0.11,2.45
345678,-0.45,-11.97
345701,0.34,9.46
345723,-0.21,-6.02
345747,-0.19,-4.56
345769,0.38,10.25
345792,-0.41,-11.31
345816,0.14,4.03
345853,0.33,8.53
345877,-0.48,-13.03
345901,0.27,7.87
345923,-0.09,-2.98
345946,-0.31,-7.87
345972,0.04,0.20
345995,-0.43,-11.44
346018,0.37,10.25
346041,-0.24,-6.81
346063,-0.11,-2.45
346087,0.35,9.33
346109,-0.43,-11.97
346132,0.17,4.83
346156,0.06,0.99
346178,-0.44,-11.71
346202,0.36,9.99
346224,-0.23,-6.28
346247,-0.15,-3.51
346270,0.37,9.99
346293,-0.42,-11.44
346315,0.16,4.56
346339,0.09,1.79
346361,-0.44,-11.84
346384,0.35,9.85
346407,-0.23,-6.42
346430,-0.17,-4.03
346452,0.37,9.99
346476,-0.41,-11.31
346499,0.15,4.43
346522,0.11,2.45
346545,-0.45,-11.97
346571,0.21,5.22
346594,-0.47,-12.76
346616,0.28,8.00
346640,-0.10,-3.37
346662,-0.31,-7.74
346686,0.40,10.78
346708,-0.33,-9.46
346731,0.04,1.65
346755,0.25,6.02
346777,-0.46,-12.50
346800,0.26,7.47
346823,-0.08,-2.71
346846,-0.32,-8.13
346868,0.41,11.04
346892,-0.33,-9.33
346914,0.01,0.86
346937,0.28,6.94
346960,-0.47,-12.76
346983,0.25,7.08
347006,-0.06,-2.05
347029,-0.35,-9.06
347052,0.39,10.65
347075,-0.31,-8.93
347098,-0.01,0.20
347120,0.29,7.34
347144,-0.46,-12.63
347166,0.23,6.68
347193,-0.44,-11.97
347215,0.16,4.56
347239,0.10,1.92
347261,-0.45,-11.84
347284,0.35,9.85
347308,-0.22,-6.28
347330,-0.17,-4.17
347353,0.37,9.85
347376,-0.42,-11.44
347399,0.16,4.56
347421,0.11,2.31
347445,-0.45,-12.10
347467,0.35,9.72
347491,-0.21,-6.02
347513,-0.19,-4.56
347536,0.38,10.12
347559,-0.42,-11.57
347582,0.15,4.30
347606,0.11,2.45
347628,-0.46,-12.37
347651,0.34,9.46
347674,-0.22,-6.02
347697,-0.19,-4.43
347719,0.38,10.12
347743,-0.41,-11.18
347765,0.14,4.17
347809,-0.44,-12.10
347833,0.16,4.70
347855,0.06,0.86
347878,-0.45,-11.97
347901,0.35,9.72
347924,-0.23,-6.42
347947,-0.16,-3.64
347970,0.37,9.99
347993,-0.41,-11.44
348015,0.15,4.43
348039,0.09,1.92
348061,-0.47,-12.50
348084,0.33,9.46
348107,-0.21,-6.02
348130,-0.20,-4.83
348152,0.39,10.25
348176,-0.41,-11.44
348198,0.13,3.64
348222,0.12,2.71
348244,-0.46,-12.24
348267,0.33,9.06
348291,-0.21,-6.02
348313,-0.14,-2.98
348337,0.38,10.25
348359,-0.40,-11.18
348382,0.14,4.03
348405,0.11,2.45
348527,-0.52,-13.95
348606,-0.04,-1.65
348628,-0.42,-10.78
348652,0.37,10.25
348675,-0.29,-8.13
348697,-0.05,-0.86
348721,0.31,7.61
348743,-0.47,-12.76
348767,0.20,6.02
348789,-0.01,-0.99
348812,-0.40,-10.25
348835,0.39,10.65
348858,-0.29,-8.27
348880,-0.03,-0.20
348904,0.30,7.34
348926,-0.47,-12.90
348950,0.22,6.28
348973,-0.03,-1.39
348995,-0.38,-9.85
349019,0.40,10.91
349041,-0.28,-8.00
349064,-0.05,-0.73
349087,0.30,7.47
349110,-0.46,-12.63
349133,0.20,5.89
349156,-0.02,-1.12
349193,-0.41,-11.31
349215,0.14,4.30
349239,0.11,2.45
349261,-0.46,-12.24
349284,0.33,9.33
349307,-0.22,-6.15
349330,-0.19,-4.43
349352,0.37,9.85
349376,-0.41,-11.31
349399,0.12,3.64
349422,0.12,2.71
349445,-0.46,-12.24
349467,0.33,9.19
349491,-0.21,-6.02
349513,-0.20,-4.83
349536,0.39,10.38
349559,-0.41,-11.31
349582,0.14,4.03
349605,0.11,2.58
349628,-0.46,-12.37
349650,0.33,9.33
349674,-0.21,-6.15
349697,-0.19,-4.56
349720,0.39,10.25
349743,-0.42,-11.44
349765,0.15,4.43
349789,0.11,2.45
349809,-0.39,-10.91
349832,0.12,3.51
349854,0.15,3.51
349878,-0.47,-12.63
349921,0.33,8.53
349943,-0.48,-12.90
349967,0.27,7.74
349989,-0.10,-3.24
350013,-0.32,-8.13
350035,0.40,10.91
350058,-0.33,-9.46
350082,0.02,1.12
350104,0.25,6.15
350127,-0.48,-13.03
350150,0.24,7.21
350173,-0.07,-2.58
350195,-0.33,-8.40
350219,0.40,10.78
350241,-0.32,-9.19
350265,0.02,1.26
350287,0.26,6.42
350310,-0.47,-12.76
350333,0.24,7.08
350356,-0.06,-2.18
350379,-0.35,-8.93
350402,0.40,10.91
350429,-0.44,-11.44
350451,0.36,10.12
350474,-0.25,-6.81
350497,-0.10,-1.92
350520,0.34,9.06
350543,-0.44,-12.24
350566,0.17,4.83
350588,0.03,0.07
350612,-0.44,-11.57
350635,0.37,10.25
350657,-0.25,-7.08
350681,-0.09,-1.79
350703,0.33,8.66
350727,-0.44,-12.24
350749,0.18,5.09
350772,0.03,0.07
350795,-0.43,-11.44
350818,0.36,10.25
350840,-0.25,-7.08
350864,-0.10,-1.79
350886,0.34,8.80
350910,-0.45,-12.37
350932,0.17,5.09
350955,0.03,0.07
350979,-0.43,-11.31
351001,0.37,10.38
351028,-0.47,-12.37
351050,0.33,8.93
351074,-0.20,-5.89
351096,-0.20,-4.83
351119,0.39,10.52
351142,-0.41,-11.31
351165,0.14,4.17
351188,0.11,2.45
351211,-0.47,-12.37
351234,0.33,9.19
351257,-0.22,-6.28
351280,-0.18,-4.30
351303,0.37,9.99
351326,-0.40,-11.18
351348,0.15,4.30
351372,0.11,2.31
351394,-0.45,-12.10
351417,0.33,9.19
351440,-0.22,-6.15
351463,-0.17,-4.03
351486,0.38,10.12
351509,-0.41,-11.44
351533,0.16,4.56
351555,0.08,1.52
351578,-0.46,-12.10
351601,0.34,9.59
351624,-0.22,-6.28
351650,0.28,7.87
351673,-0.12,-3.90
351695,-0.29,-7.34
351719,0.40,10.91
351741,-0.35,-9.99
351764,0.05,1.92
351788,0.23,5.49
351810,-0.49,-13.16
351833,0.27,7.61
351872,0.05,0.60
351895,-0.35,-9.06
351919,0.39,10.65
351941,-0.31,-8.66
351964,-0.02,0.20
351987,0.28,7.08
352010,-0.47,-12.76
352032,0.20,6.02
352056,-0.04,-1.79
352078,-0.36,-9.19
352102,0.39,10.78
352124,-0.33,-9.46
352148,0.03,1.26
352171,0.25,6.15
352193,-0.47,-12.76
352217,0.27,7.74
352239,-0.11,-3.77
352263,-0.29,-7.21
352288,-0.03,-1.39
352312,-0.37,-9.59
352334,0.39,10.91
352358,-0.32,-9.19
352380,0.03,1.39
352404,0.22,5.36
352427,-0.48,-12.90
352450,0.30,8.27
352473,-0.14,-4.30
352496,-0.26,-6.55
352519,0.40,10.78
352541,-0.38,-10.52
352565,0.12,3.64
352587,0.14,3.37
352611,-0.47,-12.37
352633,0.34,9.33
352657,-0.23,-6.42
352679,-0.15,-3.37
352703,0.37,9.72
352726,-0.44,-12.10
352749,0.17,5.09
352772,0.01,-0.33
352794,-0.41,-10.65
352818,0.40,10.78
352841,-0.31,-8.80
352864,0.06,1.79
352890,-0.26,-7.08
352913,-0.10,-1.92
352936,0.31,7.74
352959,-0.48,-13.03
352983,0.20,6.02
353005,-0.03,-1.26
353029,-0.34,-8.66
353051,0.40,10.91
353075,-0.35,-10.12
353097,0.07,2.45
353121,0.17,4.17
353143,-0.48,-12.90
353167,0.33,9.06
353189,-0.18,-5.36
353213,-0.18,-4.30
353235,0.37,9.99
353258,-0.42,-11.71
353282,0.16,4.70
353305,0.05,0.60
353328,-0.43,-11.31
353351,0.39,10.78
353374,-0.28,-8.00
353396,-0.03,-0.33
353420,0.27,6.68
353442,-0.48,-12.90
353466,0.26,7.47
353492,-0.43,-11.97
353515,0.19,5.36
353539,-0.00,-0.73
353561,-0.40,-10.12
353585,0.39,10.78
353607,-0.32,-9.19
353631,0.00,0.73
353653,0.27,6.68
353676,-0.47,-12.76
353699,0.25,7.08
353722,-0.08,-2.58
353744,-0.33,-8.27
353768,0.40,10.91
353790,-0.32,-9.19
353830,0.06,2.05
353854,0.11,2.18
353876,-0.45,-12.24
353900,0.34,9.33
353923,-0.22,-6.15
353946,-0.17,-4.03
353969,0.37,9.85
353991,-0.42,-11.57
354015,0.15,4.43
354037,0.11,2.31
354060,-0.45,-12.10
354083,0.34,9.46
354106,-0.21,-6.02
354143,-0.48,-12.76
354165,0.28,8.00
354189,-0.11,-3.37
354211,-0.29,-7.21
354235,0.40,10.91
354257,-0.36,-10.25
354280,0.08,2.71
354304,0.19,4.70
354326,-0.47,-12.63
354350,0.30,8.40
354372,-0.15,-4.56
354395,-0.25,-6.28
354418,0.39,10.52
354441,-0.38,-10.78
354464,0.11,3.51
354487,0.15,3.64
354509,-0.46,-12.24
354533,0.33,9.06
354555,-0.20,-5.75
354579,-0.22,-5.36
354601,0.39,10.52
354624,-0.40,-11.04
354648,0.13,3.77
354670,0.12,2.58
354694,-0.44,-11.84
354716,0.35,9.72
354743,-0.49,-13.16
354765,0.27,7.61
354789,-0.13,-4.17
354811,-0.28,-6.94
354834,0.40,10.91
354857,-0.37,-10.52
354880,0.10,3.11
354904,0.17,4.30
354926,-0.46,-12.50
354949,0.31,8.66
354972,-0.16,-4.96
354995,-0.24,-5.89
355017,0.40,10.65
355041,-0.39,-10.78
355063,0.12,3.77
355087,0.15,3.51
355109,-0.47,-12.50
355133,0.33,9.06
355155,-0.19,-5.49
355178,-0.21,-5.09
355202,0.39,10.52
355224,-0.41,-11.31
355248,0.14,4.03
355270,0.11,2.45
355293,-0.46,-12.24
355316,0.35,9.72
355339,-0.22,-6.15
355365,0.29,8.00
355388,-0.11,-3.51
355410,-0.30,-7.47
355434,0.41,11.04
355457,-0.36,-10.12
355480,0.09,2.98
355503,0.19,4.56
355525,-0.47,-12.63
355549,0.31,8.53
355571,-0.16,-4.96
355595,-0.25,-6.15
355617,0.41,10.91
355641,-0.39,-10.91
355663,0.12,3.77
355686,0.14,3.37
355709,-0.47,-12.50
355732,0.33,9.19
355761,-0.26,-6.42
355794,-0.14,-2.98
355818,0.37,9.85
355841,-0.42,-11.44
355864,0.16,4.56
355887,0.08,1.39
355909,-0.46,-12.10
355933,0.36,9.85
355955,-0.23,-6.42
355982,0.29,8.27
356004,-0.14,-4.30
356027,-0.27,-6.68
356050,0.39,10.65
356073,-0.37,-10.38
356097,0.11,3.24
356119,0.17,4.03
356142,-0.48,-12.90
356165,0.31,8.80
356188,-0.17,-5.09
356211,-0.24,-5.89
356234,0.38,10.25
356256,-0.40,-11.04
356280,0.12,3.64
356302,0.12,2.84
356326,-0.47,-12.50
356348,0.33,9.46
356371,-0.20,-5.89
356395,-0.20,-4.83
356417,0.38,10.12
356441,-0.42,-11.57
356463,0.15,4.43
356486,0.08,1.65
356509,-0.45,-11.97
356532,0.36,9.99
356555,-0.22,-6.28
356578,-0.14,-3.11
356604,-0.16,-4.96
356627,-0.25,-6.28
356651,0.40,10.65
356673,-0.38,-10.78
356696,0.11,3.64
356719,0.14,3.37
356742,-0.47,-12.37
356765,0.32,8.93
356788,-0.20,-5.89
356810,-0.21,-5.09
356834,0.39,10.38
356856,-0.40,-11.18
356880,0.14,4.17
356902,0.11,2.31
356925,-0.46,-12.10
356948,0.34,9.46
356971,-0.22,-6.15
356994,-0.17,-4.03
357017,0.36,9.72
357040,-0.43,-11.71
357063,0.16,4.56
357086,0.08,1.52
357108,-0.46,-12.10
357132,0.36,9.99
357154,-0.24,-6.55
357178,-0.16,-3.51
357203,-0.16,-4.83
357227,-0.25,-6.28
357250,0.39,10.52
357273,-0.38,-10.78
357296,0.12,3.77
357318,0.13,3.11
357342,-0.47,-12.50
357364,0.34,9.33
357388,-0.20,-5.75
357410,-0.20,-4.96
357433,0.38,10.25
357456,-0.41,-11.44
357479,0.14,4.17
357502,0.09,1.79
357525,-0.46,-12.37
357548,0.36,9.99
357571,-0.23,-6.28
357594,-0.16,-3.90
357617,0.37,9.85
357640,-0.43,-11.71
357662,0.13,3.77
357686,0.06,1.12
357714,0.32,8.93
357747,0.33,9.06
357771,-0.19,-5.62
357793,-0.22,-5.36
357816,0.38,10.25
357842,-0.32,-8.00
357865,0.40,10.91
357889,-0.33,-9.46
357911,0.03,1.52
357935,0.23,5.62
357957,-0.47,-12.63
357980,0.28,8.00
358003,-0.10,-3.24
358026,-0.31,-7.74
358048,0.39,10.65
358072,-0.35,-9.99
358094,0.05,1.79
358118,0.22,5.49
358140,-0.47,-12.76
358163,0.29,8.00
358187,-0.11,-3.77
358209,-0.29,-7.21
358233,0.40,10.78
358255,-0.37,-10.38
358278,0.08,2.71
358301,0.19,4.70
358324,-0.48,-12.90
358347,0.30,8.53
358370,-0.14,-4.43
358392,-0.25,-6.15
358416,0.40,10.65
358441,-0.35,-8.80
358465,0.39,10.65
358488,-0.32,-9.06
358511,0.00,0.73
358534,0.26,6.42
358556,-0.48,-12.90
358580,0.26,7.61
358602,-0.10,-3.11
358626,-0.30,-7.61
358648,0.39,10.65
358671,-0.35,-9.85
358694,0.06,2.18
358717,0.21,5.22
358740,-0.47,-12.76
358763,0.29,8.40
358786,-0.13,-4.30
358809,-0.26,-6.55
358832,0.40,10.78
358855,-0.38,-10.52
358878,0.12,3.64
358901,0.14,3.37
358924,-0.47,-12.50
358946,0.33,9.19
358970,-0.20,-5.89
358992,-0.20,-4.83
359016,0.38,10.25
359038,-0.41,-11.31
359075,-0.29,-7.21
359098,0.40,10.91
359121,-0.36,-10.25
359144,0.10,3.11
359168,0.17,4.03
359190,-0.48,-12.76
359214,0.32,8.80
359236,-0.17,-5.09
359259,-0.23,-5.49
359282,0.39,10.52
359305,-0.39,-11.04
359328,0.14,4.30
359351,0.12,2.58
359373,-0.46,-12.37
359397,0.35,9.59
359419,-0.22,-6.15
359443,-0.17,-4.03
359465,0.37,10.12
359488,-0.42,-11.57
359512,0.17,4.83
359534,0.05,0.73
359558,-0.44,-11.71
359580,0.36,9.99
359603,-0.24,-6.81
359626,-0.11,-2.31
359649,0.36,9.33
359693,-0.17,-4.17
359715,0.36,9.72
359738,-0.43,-11.57
359761,0.15,4.43
359784,0.07,1.39
359808,-0.45,-11.84
359830,0.36,10.12
359853,-0.25,-6.94
359876,-0.12,-2.71
359899,0.35,9.19
359922,-0.45,-12.37
359945,0.19,5.36
359967,0.02,0.07
359991,-0.42,-11.18
360013,0.38,10.52
360037,-0.26,-7.61
360059,-0.06,-0.86
360083,0.32,8.00
360105,-0.46,-12.76
360128,0.21,6.28
360152,-0.03,-1.26
360174,-0.37,-9.33
360198,0.40,10.91
360220,-0.30,-8.80
360243,-0.01,0.33
360266,0.27,6.81
360289,-0.47,-12.63
360309,-0.04,-0.46
360333,0.29,7.21
360355,-0.46,-12.63
360379,0.23,6.81
360401,-0.06,-2.05
360424,-0.34,-8.66
360448,0.40,10.78
360470,-0.32,-9.06
360494,0.02,1.12
360516,0.25,6.15
360539,-0.47,-12.76
360562,0.26,7.61
360585,-0.09,-3.11
360608,-0.31,-7.87
360631,0.40,10.78
360653,-0.35,-9.85
360677,0.06,2.18
360699,0.21,5.22
360723,-0.47,-12.63
360745,0.29,8.27
360768,-0.13,-4.17
360792,-0.27,-6.68
360814,0.40,10.65
360838,-0.37,-10.52
360860,0.11,3.37
360883,0.16,3.90
360909,-0.03,-0.20
360933,0.29,7.21
360955,-0.47,-12.76
360978,0.23,6.81
361001,-0.06,-2.18
361024,-0.34,-8.53
361048,0.40,10.91
361070,-0.33,-9.19
361093,0.02,1.26
361116,0.24,6.02
361139,-0.48,-12.90
361162,0.26,7.47
361185,-0.09,-3.11
361207,-0.30,-7.47
361231,0.41,10.91
361253,-0.35,-9.99
361277,0.05,2.05
361299,0.21,5.22
361322,-0.48,-12.90
361346,0.29,8.13
361368,-0.13,-4.17
361392,-0.27,-6.68
361414,0.40,10.78
361437,-0.38,-10.52
361460,0.10,3.37
361483,0.15,3.77
361506,-0.47,-12.63
361532,0.26,6.55
361555,-0.47,-12.90
361578,0.26,7.47
361602,-0.07,-2.45
361640,-0.40,-10.25
361664,0.40,10.78
361688,-0.38,-10.65
361710,0.11,3.37
361733,0.16,3.90
361756,-0.47,-12.63
361779,0.31,8.66
361801,-0.18,-5.49
361825,-0.22,-5.49
361847,0.39,10.38
361871,-0.39,-10.91
361893,0.14,4.17
361917,0.12,2.84
361939,-0.46,-12.37
361962,0.34,9.46
361986,-0.21,-6.15
362008,-0.18,-4.30
362032,0.39,10.25
362054,-0.42,-11.44
362078,0.16,4.56
362100,0.07,1.12
362123,-0.44,-11.71
362149,0.17,4.03
362172,-0.46,-12.50
362195,0.31,8.80
362218,-0.17,-5.22
362242,-0.23,-5.62
362264,0.39,10.38
362288,-0.39,-10.91
362310,0.14,4.17
362333,0.13,2.98
362356,-0.46,-12.24
362379,0.33,9.33
362402,-0.21,-6.02
362425,-0.18,-4.43
362447,0.38,10.25
362471,-0.42,-11.44
362493,0.16,4.70
362517,0.08,1.65
362540,-0.45,-11.97
362563,0.35,9.85
362586,-0.24,-6.55
362608,-0.14,-3.24
362632,0.37,9.85
362654,-0.42,-11.71
362678,0.17,4.96
362700,0.06,0.99
362723,-0.44,-11.71
362749,0.17,4.17
362772,-0.47,-12.63
362796,0.32,8.93
362818,-0.18,-5.36
362842,-0.21,-5.36
362864,0.39,10.38
362888,-0.40,-10.91
362910,0.15,4.30
362933,0.12,2.58
362956,-0.46,-12.37
362979,0.34,9.46
363002,-0.23,-6.42
363025,-0.17,-4.17
363047,0.38,10.12
363071,-0.42,-11.71
363094,0.17,4.96
363117,0.07,1.26
363140,-0.44,-11.71
363163,0.35,9.85
363186,-0.24,-6.68
363208,-0.11,-2.45
363232,0.35,9.06
363254,-0.44,-11.97
363278,0.18,5.22
363300,0.03,0.20
363323,-0.43,-11.31
363346,0.38,10.52
363373,-0.46,-12.24
363396,0.33,9.46
363418,-0.22,-6.28
363442,-0.18,-4.17
363464,0.37,9.99
363488,-0.41,-11.18
363510,0.16,4.56
363534,0.08,1.65
363556,-0.45,-11.97
363594,0.20,5.75
363618,-0.13,-4.17
363641,-0.27,-6.94
363664,0.40,10.91
363686,-0.37,-10.38
363710,0.09,3.11
363732,0.18,4.43
363756,-0.47,-12.63
363779,0.31,8.53
363801,-0.16,-4.83
363825,-0.24,-6.02
363847,0.40,10.65
363871,-0.38,-10.65
363893,0.12,3.64
363917,0.15,3.51
363939,-0.46,-12.37
363962,0.33,9.06
363999,0.27,6.55
364022,-0.48,-12.90
364045,0.26,7.47
364067,-0.08,-2.71
364091,-0.31,-7.87
364113,0.41,11.04
364137,-0.33,-9.59
364160,0.05,2.05
364183,0.21,5.22
364206,-0.47,-12.63
364229,0.29,8.13
364252,-0.13,-4.17
364274,-0.26,-6.42
364298,0.40,10.78
364320,-0.38,-10.52
364344,0.11,3.64
364366,0.15,3.64
364389,-0.46,-12.37
364412,0.33,9.06
364435,-0.20,-5.89
364459,-0.20,-4.70
364481,0.39,10.25
364505,-0.42,-11.57
364527,0.16,4.70
364551,0.09,1.92
364573,-0.44,-11.84
364596,0.35,9.59
364622,-0.47,-12.76
364646,0.31,8.66
364668,-0.15,-4.70
364692,-0.23,-5.89
364715,0.40,10.65
364737,-0.40,-11.04
364761,0.13,3.90
364783,0.12,2.84
364807,-0.45,-12.10
364829,0.33,9.46
364853,-0.21,-6.02
364875,-0.17,-4.03
364898,0.38,9.99
364921,-0.42,-11.57
364944,0.16,4.56
364967,0.09,1.79
364990,-0.44,-11.84
365014,0.35,9.85
365036,-0.23,-6.28
365059,-0.13,-2.98
365082,0.36,9.59
365105,-0.44,-12.10
365128,0.18,5.09
365151,0.05,0.73
365173,-0.44,-11.71
365197,0.36,9.99
365223,-0.47,-12.50
365246,0.33,9.19
365268,-0.19,-5.49
365292,-0.21,-5.09
365315,0.38,10.25
365338,-0.41,-11.18
365361,0.16,4.43
365384,0.11,2.31
365407,-0.45,-12.24
365430,0.34,9.59
365453,-0.23,-6.42
365475,-0.15,-3.24
365499,0.36,9.59
365528,0.16,4.56
365562,0.27,7.74
365585,-0.10,-3.24
365608,-0.30,-7.61
365631,0.40,10.91
365655,-0.36,-10.25
365677,0.06,2.18
365700,0.20,4.83
365723,-0.47,-12.63
365746,0.31,8.66
365769,-0.13,-4.03
365792,-0.28,-6.94
365814,0.39,10.52
365838,-0.38,-10.78
365864,0.39,10.65
365887,-0.30,-8.66
365911,0.02,1.26
365933,0.28,6.94
365956,-0.46,-12.63
365979,0.24,6.94
366002,-0.08,-2.71
366025,-0.33,-8.27
366048,0.41,11.18
366071,-0.34,-9.72
366094,0.06,1.92
366116,0.25,6.15
366140,-0.47,-12.76
366162,0.26,7.47
366186,-0.11,-3.77
366209,-0.29,-7.21
366232,0.39,10.65
366255,-0.37,-10.52
366278,0.09,2.98
366301,0.19,4.56
366323,-0.48,-12.76
366347,0.32,8.80
366369,-0.17,-5.09
366393,-0.24,-6.02
366415,0.39,10.65
366438,-0.39,-10.78
366465,0.41,11.18
366488,-0.34,-9.72
366511,0.07,2.18
366534,0.22,5.62
366557,-0.47,-12.76
366580,0.29,8.27
366603,-0.12,-3.77
366625,-0.27,-6.81
366649,0.39,10.52
366671,-0.37,-10.52
366695,0.09,3.11
366717,0.18,4.30
366740,-0.47,-12.76
366764,0.31,8.66
366786,-0.16,-4.83
366810,-0.22,-5.09
366832,0.40,10.78
366856,-0.38,-10.52
366878,0.12,3.51
366901,0.14,3.37
366924,-0.46,-12.37
366947,0.33,9.19
366970,-0.21,-6.02
366993,-0.21,-4.96
367016,0.39,10.38
367039,-0.40,-11.18
367063,0.15,4.43
367088,-0.36,-10.25
367112,0.09,2.84
367134,0.18,4.43
367158,-0.48,-12.90
367180,0.32,8.93
367203,-0.16,-4.83
367226,-0.24,-6.02
367249,0.40,10.65
367272,-0.39,-11.04
367295,0.13,3.90
367319,0.13,3.11
367341,-0.46,-12.24
367365,0.34,9.33
367387,-0.21,-5.89
367410,-0.18,-4.43
367433,0.38,10.12
367456,-0.42,-11.71
367485,0.13,2.98
367519,0.00,-0.60
367542,-0.42,-10.91
367565,0.38,10.52
367588,-0.27,-7.61
367611,0.02,0.99
367634,0.33,8.53
367656,-0.45,-12.37
367680,0.19,5.49
367707,-0.42,-11.57
367729,0.15,4.43
367752,0.11,2.31
367775,-0.44,-11.71
367798,0.36,9.85
367821,-0.23,-6.42
367844,-0.15,-3.64
367867,0.37,9.85
367890,-0.43,-11.97
367912,0.16,4.70
367936,0.07,1.12
367959,-0.43,-11.31
367982,0.36,10.12
368005,-0.25,-6.94
368028,-0.08,-1.52
368051,0.34,8.66
368073,-0.45,-12.37
368097,0.19,5.75
368119,-0.01,-0.73
368143,-0.39,-10.12
368165,0.39,10.65
368189,-0.29,-8.13
368211,-0.01,0.20
368235,0.28,6.94
368258,-0.47,-13.03
368281,0.23,6.81
368304,-0.07,-2.45
368425,-0.47,-12.24
368504,-0.23,-6.68
368528,-0.24,-6.02
368550,0.37,9.72
368573,-0.41,-11.31
368596,0.15,4.30
368619,0.11,2.45
368643,-0.46,-12.24
368665,0.34,9.59
368689,-0.22,-6.15
368711,-0.16,-3.64
368735,0.37,9.72
368757,-0.42,-11.44
368780,0.17,4.96
368803,0.06,0.99
368826,-0.43,-11.44
368849,0.37,10.52
368872,-0.25,-7.08
368896,-0.09,-1.92
368918,0.33,8.53
368941,-0.46,-12.63
368964,0.21,6.02
368987,-0.02,-1.12
369010,-0.38,-9.85
369033,0.40,10.91
369056,-0.29,-8.27
369093,-0.46,-12.24
369116,0.37,10.25
369139,-0.23,-6.55
369162,-0.09,-1.65
369185,0.35,9.06
369208,-0.45,-12.24
369231,0.20,5.75
369254,-0.01,-0.86
369276,-0.39,-10.12
369300,0.41,11.31
369323,-0.30,-8.53
369346,-0.01,0.33
369369,0.26,6.42
369392,-0.47,-12.76
369415,0.27,7.61
369438,-0.09,-2.98
369461,-0.31,-7.74
369484,0.41,11.18
369507,-0.36,-10.12
369530,0.09,2.98
369553,0.19,4.70
369575,-0.47,-12.76
369608,-0.43,-11.97
369642,-0.48,-12.90
369666,0.32,8.93
369688,-0.16,-5.09
369715,0.23,6.68
369738,-0.04,-1.79
369761,-0.35,-9.06
369783,0.40,10.91
369807,-0.31,-8.80
369829,0.01,0.86
369853,0.27,6.68
369875,-0.47,-12.90
369899,0.26,7.34
369922,-0.08,-2.71
369944,-0.31,-7.74
369968,0.40,10.78
369990,-0.34,-9.59
370014,0.05,1.92
370036,0.22,5.36
370059,-0.47,-12.76
370082,0.30,8.27
370105,-0.13,-4.30
370128,-0.27,-6.94
370151,0.39,10.52
370174,-0.36,-10.25
370197,0.12,3.77
370221,0.15,3.37
370243,-0.45,-12.10
370267,0.33,9.19
370289,-0.21,-6.02
370312,-0.20,-4.83
370333,0.31,8.80
370356,-0.18,-5.36
370378,-0.22,-5.49
370402,0.39,10.38
370424,-0.40,-11.18
370448,0.15,4.43
370470,0.10,2.05
370494,-0.45,-11.97
370516,0.35,9.72
370540,-0.23,-6.42
370563,-0.13,-2.98
370585,0.36,9.59
370609,-0.43,-11.97
370631,0.18,5.22
370655,0.04,0.60
370677,-0.42,-11.04
370701,0.37,10.38
370723,-0.26,-7.34
370747,-0.07,-1.26
370769,0.31,7.87
370792,-0.46,-12.63
370816,0.22,6.42
370838,-0.03,-1.52
370862,-0.35,-8.93
370884,0.40,10.91
370908,-0.31,-8.80
370933,0.36,9.99
370957,-0.24,-6.68
370979,-0.11,-2.18
371003,0.34,9.06
371025,-0.44,-12.10
371049,0.19,5.49
371072,0.01,-0.33
371094,-0.41,-10.65
371118,0.39,10.78
371140,-0.27,-7.87
371164,-0.03,-0.20
371186,0.28,6.94
371210,-0.46,-12.63
371232,0.24,6.81
371256,-0.07,-2.45
371278,-0.32,-8.13
371301,0.40,10.91
371324,-0.33,-9.59
371347,0.05,1.92
371371,0.24,5.89
371393,-0.47,-12.63
371417,0.28,8.00
371439,-0.12,-3.77
371462,-0.28,-6.94
371485,0.40,10.78
371508,-0.36,-10.12
371534,0.41,11.04
371563,-0.08,-1.39
371598,0.11,3.37
371620,0.14,3.51
371644,-0.47,-12.50
371666,0.32,8.80
371690,-0.20,-5.75
371713,-0.20,-4.83
371736,0.39,10.38
371759,-0.41,-11.31
371782,0.15,4.30
371805,0.07,1.26
371827,-0.44,-11.57
371851,0.38,10.52
371874,-0.25,-7.21
371897,-0.04,-0.20
371920,0.30,7.61
371943,-0.46,-12.50
371965,0.22,6.55
371989,-0.08,-2.71
372012,-0.31,-7.74
372035,0.40,10.91
372059,-0.38,-10.78
372081,0.11,3.24
372105,0.13,2.84
372127,-0.45,-11.97
372151,0.34,9.46
372177,-0.47,-12.37
372200,0.33,9.33
372224,-0.22,-6.02
372246,-0.18,-4.17
372270,0.38,10.12
372292,-0.42,-11.71
372316,0.19,5.49
372338,-0.00,-0.60
372362,-0.38,-9.85
372384,0.40,10.91
372408,-0.33,-9.33
372430,0.03,1.52
372454,0.20,4.96
372476,-0.47,-12.63
372500,0.34,9.46
372524,-0.20,-5.75
372546,-0.13,-2.71
372570,0.37,9.72
372592,-0.43,-11.97
372616,0.16,4.56
372638,0.02,-0.07
372662,-0.39,-9.99
372684,0.40,10.91
372708,-0.28,-8.27
372730,-0.02,0.20
372754,0.26,6.42
372780,-0.11,-2.18
372803,0.33,8.40
372827,-0.46,-12.50
372849,0.22,6.68
372873,-0.07,-2.31
372895,-0.30,-7.47
372919,0.40,10.78
372941,-0.37,-10.38
372965,0.13,3.90
372987,0.13,2.98
373011,-0.44,-11.84
373035,0.36,9.99
373057,-0.24,-6.81
373081,-0.08,-1.39
373103,0.30,7.47
373127,-0.47,-12.76
373149,0.22,6.42
373173,-0.06,-2.18
373195,-0.33,-8.13
373218,0.41,10.91
373241,-0.36,-10.25
373265,0.10,3.11
373287,0.16,3.77
373311,-0.47,-12.50
373334,0.34,9.46
373357,-0.22,-6.02
373380,-0.14,-3.24
373406,-0.17,-5.09
373429,-0.24,-6.02
373452,0.38,10.38
373475,-0.40,-11.18
373498,0.15,4.30
373527,-0.46,-12.37
373562,-0.41,-10.65
373584,0.40,11.04
373608,-0.27,-7.74
373630,-0.03,-0.33
373653,0.27,6.68
373677,-0.48,-13.03
373699,0.22,6.42
373723,-0.08,-2.58
373745,-0.33,-8.40
373769,0.41,11.04
373791,-0.33,-9.59
373814,0.05,1.92
373837,0.23,5.75
373860,-0.47,-12.76
373883,0.29,8.27
373906,-0.13,-4.17
373928,-0.27,-6.81
373952,0.41,10.78
373975,-0.37,-10.52
373998,0.11,3.11
374035,0.40,10.65
374057,-0.31,-8.80
374081,0.01,0.73
374104,0.26,6.42
374126,-0.47,-12.63
374150,0.28,8.13
374172,-0.11,-3.51
374196,-0.29,-7.34
374218,0.40,10.78
374242,-0.37,-10.38
374264,0.10,2.98
374288,0.17,4.03
374310,-0.47,-12.50
374334,0.34,9.46
374356,-0.20,-5.75
374379,-0.19,-4.56
374403,0.38,10.25
374425,-0.43,-11.71
374449,0.15,4.43
374471,0.06,1.12
374495,-0.43,-11.31
374517,0.38,10.52
374541,-0.25,-7.21
374563,-0.08,-1.52
374587,0.30,7.74
374609,-0.46,-12.76
374636,0.37,9.85
374659,-0.41,-11.31
374682,0.17,4.96
374705,0.04,0.33
374728,-0.43,-11.31
374751,0.37,10.38
374774,-0.26,-7.47
374797,-0.04,-0.46
374820,0.31,7.74
374843,-0.46,-12.63
374866,0.23,6.68
374889,-0.07,-2.45
374912,-0.33,-8.13
374935,0.40,10.91
374958,-0.34,-9.72
374981,0.08,2.71
375004,0.21,4.96
375027,-0.47,-12.63
375050,0.32,9.06
375073,-0.16,-4.96
375096,-0.21,-4.83
375118,0.39,10.52
375142,-0.40,-11.18
375165,0.14,4.03
375188,0.11,2.58
375211,-0.45,-11.97
375234,0.35,9.72
375261,-0.47,-12.63
375283,0.31,8.66
375306,-0.18,-5.22
375329,-0.22,-5.36
375352,0.38,10.12
375375,-0.40,-11.04
375398,0.15,4.43
375421,0.09,1.92
375444,-0.46,-12.24
375468,0.35,9.59
375504,0.12,2.71
375528,-0.41,-10.65
375552,0.39,10.52
375574,-0.28,-8.13
375598,0.03,1.12
375620,0.29,7.08
375643,-0.46,-12.50
375666,0.23,6.81
375689,-0.08,-2.98
375712,-0.33,-8.40
375735,0.40,10.78
375758,-0.33,-9.46
375781,0.08,2.31
375803,0.24,5.89
375827,-0.47,-12.76
375849,0.29,8.00
375876,-0.48,-13.03
375900,0.21,6.02
375922,-0.03,-1.65
375945,-0.34,-8.53
375968,0.42,11.57
375991,-0.32,-9.19
376014,0.02,1.12
376037,0.22,5.36
376060,-0.48,-13.03
376083,0.29,8.27
376107,-0.12,-3.90
376129,-0.26,-6.42
376152,0.41,11.04
376175,-0.41,-11.31
376198,0.11,3.37
376221,0.14,3.37
376244,-0.46,-12.24
376267,0.33,9.46
376290,-0.20,-5.75
376313,-0.17,-4.17
376336,0.37,9.85
376358,-0.42,-11.57
376382,0.17,4.70
376404,0.07,1.12
376428,-0.43,-11.44
376451,0.37,10.25
376474,-0.24,-6.81
376501,0.32,8.93
376523,-0.21,-5.89
376546,-0.20,-4.70
376569,0.38,10.12
376592,-0.42,-11.44
376615,0.16,4.56
376638,0.06,0.86
376662,-0.43,-11.44
376684,0.36,10.12
376708,-0.25,-7.21
376730,-0.06,-0.99
376754,0.31,7.87
376776,-0.46,-12.63
376800,0.22,6.42
376822,-0.05,-1.92
376845,-0.34,-8.66
376868,0.40,11.04
376891,-0.33,-9.33
376914,0.06,2.18
376937,0.22,5.49
376961,-0.47,-12.76
376983,0.30,8.40
377007,-0.13,-4.17
377029,-0.23,-5.49
377053,0.41,10.78
377075,-0.38,-10.52
377102,0.39,10.78
377124,-0.33,-9.59
377148,0.07,2.18
377170,0.23,5.75
377193,-0.47,-12.50
377217,0.28,8.00
377239,-0.13,-4.30
377263,-0.28,-6.94
377285,0.39,10.52
377309,-0.38,-10.78
377331,0.12,3.77
377355,0.15,3.64
377377,-0.45,-11.97
377401,0.34,9.46
377423,-0.20,-5.89
377464,-0.00,0.60
377488,0.16,3.90
377510,-0.48,-12.90
377534,0.32,8.80
377556,-0.19,-5.62
377579,-0.21,-5.22
377603,0.38,10.25
377625,-0.40,-11.18
377649,0.15,4.43
377671,0.09,1.65
377695,-0.44,-11.71
377717,0.35,9.85
377744,-0.47,-12.50
377766,0.32,8.93
377790,-0.19,-5.62
377812,-0.22,-5.49
377836,0.38,10.25
377859,-0.41,-11.18
377882,0.16,4.56
377905,0.10,1.92
377928,-0.44,-11.71
377951,0.36,10.12
377974,-0.25,-6.94
377997,-0.10,-1.92
378019,0.33,8.66
378043,-0.44,-11.97
378065,0.19,5.49
378089,-0.01,-0.86
378112,-0.37,-9.59
378135,0.39,10.65
378158,-0.31,-8.80
378181,0.00,0.73
378204,0.27,6.68
378226,-0.46,-12.63
378250,0.26,7.61
378272,-0.09,-2.98
378296,-0.30,-7.47
378318,0.40,10.78
378345,-0.40,-10.25
378369,0.40,11.04
378391,-0.29,-8.40
378415,0.02,1.12
378437,0.26,6.55
378460,-0.48,-13.03
378483,0.27,7.74
378506,-0.12,-4.03
378529,-0.25,-6.42
378552,0.40,10.91
378575,-0.39,-10.78
378598,0.13,3.77
378621,0.12,2.71
378644,-0.45,-11.97
378668,0.35,9.72
378690,-0.22,-6.15
378714,-0.13,-2.98
378736,0.35,9.19
378759,-0.45,-12.50
378782,0.17,5.09
378805,0.01,-0.33
378828,-0.39,-10.12
378851,0.41,11.18
378874,-0.29,-8.40
378897,0.01,0.86
378920,0.26,6.42
378943,-0.48,-13.03
378980,-0.09,-1.92
379003,0.32,8.13
379026,-0.44,-12.24
379049,0.21,6.15
379072,-0.06,-2.18
379096,-0.33,-8.53
379118,0.41,11.04
379142,-0.34,-9.72
379164,0.07,2.31
379187,0.21,5.09
379210,-0.47,-12.76
379233,0.31,8.66
379256,-0.18,-5.49
379279,-0.22,-5.62
379302,0.39,10.38
379325,-0.40,-11.18
379348,0.16,4.70
379371,0.08,1.26
379400,0.33,9.33
379432,0.18,5.49
379455,-0.01,-0.99
379479,-0.39,-9.99
379501,0.41,11.04
379524,-0.29,-8.27
379547,0.01,0.86
379570,0.26,6.28
379596,-0.11,-1.92
379620,0.35,9.19
379642,-0.43,-11.97
379666,0.18,5.36
379688,-0.02,-1.26
379711,-0.37,-9.33
379735,0.40,10.91
379757,-0.33,-9.33
379781,0.03,1.39
379803,0.23,5.75
379827,-0.48,-12.76
379849,0.31,8.80
379873,-0.15,-4.70
379895,-0.25,-6.15
379919,0.39,10.52
379941,-0.40,-11.18
379965,0.14,4.03
379987,0.10,2.05
380010,-0.45,-11.84
380034,0.36,10.12
380057,-0.24,-6.68
380080,-0.09,-1.79
380103,0.32,8.13
380126,-0.47,-12.76
380149,0.23,6.55
380172,-0.05,-2.05
380194,-0.33,-8.27
380221,0.03,0.07
380244,-0.42,-11.04
380267,0.40,10.91
380291,-0.28,-8.00
380313,-0.03,-0.20
380337,0.27,6.81
380359,-0.47,-12.76
380383,0.27,7.74
380405,-0.11,-3.64
380428,-0.26,-6.42
380451,0.41,10.91
380474,-0.39,-10.78
380497,0.11,3.24
380520,0.13,3.11
380544,-0.46,-12.37
380566,0.34,9.46
380590,-0.22,-6.15
380612,-0.08,-1.12
380636,0.36,9.46
380658,-0.43,-11.97
380682,0.19,5.49
380704,-0.00,-0.73
380728,-0.39,-10.25
380750,0.40,10.78
380774,-0.31,-8.93
380796,0.02,1.26
380823,-0.24,-6.55
380846,-0.09,-1.52
380869,0.32,8.13
380892,-0.46,-12.50
380915,0.20,6.02
380938,-0.06,-2.31
380961,-0.33,-8.13
380984,0.39,10.78
381007,-0.35,-9.99
381030,0.09,2.84
381052,0.19,4.70
381076,-0.46,-12.37
381099,0.33,9.19
381122,-0.20,-5.89
381145,-0.19,-4.56
381168,0.37,9.99
381191,-0.42,-11.57
381214,0.17,4.96
381237,0.05,0.73
381260,-0.43,-11.44
381283,0.38,10.65
381306,-0.27,-7.74
381329,0.02,0.86
381358,-0.46,-12.76
381392,-0.47,-12.63
381415,0.34,9.33
381442,-0.48,-13.16
381465,0.26,7.61
381488,-0.11,-3.77
381511,-0.26,-6.28
381534,0.41,10.91
381556,-0.38,-10.52
381580,0.13,3.90
381602,0.14,3.11
381626,-0.46,-12.24
381648,0.37,10.12
381672,-0.22,-6.15
381694,-0.11,-2.45
381718,0.35,8.93
381741,-0.46,-12.50
381764,0.19,5.62
381787,-0.04,-1.52
381810,-0.34,-8.53
381833,0.41,11.04
381856,-0.34,-9.72
381879,0.06,2.18
381902,0.20,4.83
381925,-0.49,-13.16
381948,0.32,9.06
381971,-0.17,-4.96
381993,-0.20,-4.83
382017,0.38,10.25
382040,-0.44,-12.10
382066,0.39,10.52
382090,-0.41,-11.44
382113,0.16,4.43
382136,0.10,2.05
382158,-0.44,-11.71
382182,0.38,10.52
382204,-0.25,-7.34
382228,-0.07,-1.26
382251,0.30,7.47
382274,-0.47,-12.90
382297,0.26,7.47
382320,-0.10,-3.24
382343,-0.28,-6.68
382366,0.42,11.18
382389,-0.38,-10.52
382412,0.11,3.64
382435,0.13,2.98
382458,-0.47,-12.50
382481,0.35,9.85
382504,-0.21,-5.89
382527,-0.05,-0.73
382551,0.36,9.46
382573,-0.45,-12.37
382597,0.19,5.62
382619,-0.03,-1.39
382642,-0.37,-9.33
382668,0.06,0.99
382692,-0.43,-11.31
382714,0.39,10.91
382738,-0.25,-7.34
382760,-0.02,0.07
382784,0.27,6.68
382807,-0.48,-13.16
382830,0.27,7.61
382853,-0.11,-3.64
382875,-0.25,-6.02
382899,0.42,11.18
382921,-0.39,-10.91
382945,0.13,3.64
382967,0.10,1.92
382991,-0.46,-12.10
383013,0.36,9.85
383037,-0.22,-6.15
383059,-0.01,0.20
383083,0.34,8.80
383106,-0.46,-12.63
383129,0.20,6.02
383152,-0.06,-2.18
383175,-0.35,-8.80
383198,0.41,11.18
383221,-0.33,-9.46
383244,0.08,2.71
383266,0.19,4.70
383288,-0.34,-9.85
383316,0.23,5.75
383350,0.13,3.11
383373,-0.46,-12.37
383396,0.33,9.33
383419,-0.23,-6.42
383442,-0.13,-2.84
383465,0.36,9.46
383489,-0.44,-12.24
383511,0.20,5.75
383535,-0.02,-0.99
383557,-0.37,-9.33
383581,0.40,10.91
383603,-0.32,-9.06
383627,0.04,1.65
383649,0.23,5.49
383672,-0.48,-13.03
383695,0.32,8.93
383718,-0.16,-4.83
383741,-0.22,-5.36
383764,0.39,10.38
383788,-0.41,-11.44
383810,0.17,4.70
383834,0.06,0.99
383856,-0.43,-11.31
383880,0.38,10.52
383917,0.13,2.84
383939,-0.45,-11.97
383963,0.35,9.99
383985,-0.24,-6.55
384009,-0.10,-2.18
384031,0.34,8.80
384054,-0.46,-12.63
384077,0.23,6.68
384100,-0.05,-1.92
384123,-0.31,-7.87
384146,0.41,10.91
384169,-0.36,-10.25
384193,0.11,3.51
384216,0.14,3.37
384238,-0.47,-12.37
384262,0.35,9.72
384284,-0.23,-6.55
384308,-0.12,-2.71
384330,0.35,9.06
384354,-0.46,-12.50
384376,0.22,6.42
384400,-0.04,-1.65
384422,-0.33,-8.40
384446,0.40,11.04
384468,-0.35,-9.99
384492,0.08,2.84
384515,0.18,4.43
384541,-0.02,0.07
384564,0.27,6.81
384587,-0.47,-12.76
384610,0.29,8.13
384633,-0.12,-4.03
384656,-0.25,-6.15
384679,0.40,10.52
384702,-0.40,-11.18
384726,0.15,4.56
384748,0.08,1.52
384772,-0.43,-11.31
384794,0.38,10.65
384818,-0.26,-7.47
384840,-0.05,-0.60
384864,0.28,7.08
384886,-0.48,-12.90
384910,0.28,7.87
384932,-0.11,-3.64
384956,-0.27,-6.68
384978,0.40,10.65
385002,-0.38,-10.65
385025,0.15,4.30
385048,0.10,2.05
385071,-0.44,-11.84
385094,0.36,10.12
385117,-0.25,-6.94
385143,0.33,9.06
385166,-0.21,-5.89
385189,-0.16,-3.77
385212,0.36,9.59
385235,-0.42,-11.57
385258,0.18,5.22
385296,0.37,9.99
385319,-0.45,-12.37
385342,0.22,6.55
385366,-0.07,-2.45
385388,-0.32,-8.13
385412,0.41,11.04
385434,-0.36,-10.12
385458,0.10,3.11
385480,0.16,3.90
385503,-0.46,-12.37
385526,0.33,9.33
385549,-0.22,-6.02
385572,-0.15,-3.51
385595,0.36,9.46
385618,-0.43,-11.97
385641,0.19,5.49
385665,0.01,-0.46
385687,-0.40,-10.38
385711,0.40,10.91
385733,-0.31,-8.80
385760,0.37,10.38
385783,-0.26,-7.34
385806,-0.05,-0.60
385829,0.29,7.34
385852,-0.47,-12.63
385875,0.26,7.47
385898,-0.10,-3.24
385922,-0.28,-6.94
385944,0.39,10.65
385967,-0.38,-10.65
385990,0.13,4.03
386014,0.11,2.58
386036,-0.45,-11.84
386060,0.36,9.99
386082,-0.25,-6.81
386105,-0.11,-2.31
386128,0.33,8.53
386151,-0.46,-12.63
386174,0.22,6.55
386197,-0.05,-1.92
386221,-0.33,-8.13
386243,0.41,11.04
386267,-0.36,-10.12
386289,0.09,2.98
386313,0.17,4.17
386335,-0.47,-12.50
386359,0.34,9.46
386385,-0.48,-12.90
386408,0.30,8.40
386432,-0.14,-4.30
386454,-0.24,-6.02
386478,0.40,10.65
386500,-0.40,-11.04
386524,0.16,4.56
386546,0.09,1.79
386569,-0.44,-11.71
386592,0.36,10.25
386616,-0.26,-7.34
386638,-0.06,-0.86
386662,0.31,7.87
386684,-0.46,-12.63
386708,0.26,7.47
386731,-0.09,-2.84
386753,-0.30,-7.61
386777,0.40,10.78
386799,-0.38,-10.65
386823,0.12,3.77
386845,0.14,3.11
386869,-0.45,-11.97
386891,0.34,9.46
386915,-0.23,-6.28
386937,-0.13,-2.84
386961,0.36,9.33
386988,-0.22,-5.49
387010,0.39,10.38
387034,-0.42,-11.44
387056,0.17,4.96
387080,0.06,0.99
387102,-0.43,-11.44
387126,0.37,10.52
387148,-0.28,-7.87
387172,-0.04,-0.33
387194,0.28,7.08
387217,-0.48,-12.90
387259,0.37,10.25
387282,-0.34,-9.72
387305,0.06,2.18
387329,0.19,4.70
387351,-0.48,-12.76
387375,0.32,8.80
387397,-0.17,-5.22
387420,-0.21,-5.22
387443,0.39,10.38
387466,-0.41,-11.44
387489,0.17,4.96
387512,0.07,1.12
387535,-0.43,-11.57
387558,0.38,10.52
387581,-0.27,-7.61
387604,-0.05,-0.60
387631,-0.23,-6.42
387654,-0.13,-2.98
387677,0.36,9.33
387700,-0.44,-12.10
387723,0.20,5.89
387746,-0.02,-0.99
387769,-0.38,-9.72
387792,0.41,11.31
387815,-0.31,-8.93
387838,0.04,1.65
387861,0.23,5.62
387884,-0.47,-12.63
387907,0.30,8.40
387930,-0.15,-4.70
387953,-0.23,-5.62
387976,0.38,10.25
387999,-0.41,-11.44
388023,0.17,4.83
388045,0.07,1.26
388068,-0.44,-11.57
388091,0.38,10.38
388114,-0.27,-7.61
388137,-0.04,-0.33
388160,0.29,7.21
388184,-0.47,-12.63
388207,0.27,7.61
388329,-0.06,-2.18
388408,0.31,8.53
388430,-0.25,-6.81
388454,-0.11,-2.05
388476,0.35,9.33
388499,-0.44,-12.24
388523,0.20,5.75
388545,-0.01,-0.99
388569,-0.37,-9.59
388591,0.40,10.91
388615,-0.32,-9.19
388638,0.03,1.52
388661,0.22,5.62
388683,-0.47,-12.50
388707,0.30,8.40
388729,-0.16,-4.96
388753,-0.22,-5.49
388775,0.39,10.38
388799,-0.41,-11.31
388822,0.16,4.70
388845,0.08,1.39
388868,-0.43,-11.57
388891,0.38,10.38
388914,-0.27,-7.61
388937,-0.05,-0.60
388960,0.30,7.47
388997,-0.23,-6.42
389020,-0.13,-2.98
389043,0.36,9.46
389066,-0.44,-12.24
389089,0.20,5.89
389112,-0.01,-0.86
389135,-0.38,-9.72
389158,0.40,10.91
389181,-0.31,-8.80
389204,0.03,1.39
389227,0.24,6.02
389250,-0.47,-12.63
389273,0.30,8.40
389296,-0.15,-4.43
389319,-0.23,-5.75
389342,0.39,10.38
389385,-0.45,-11.84
389408,0.39,10.78
389431,-0.33,-9.46
389454,0.04,1.79
389477,0.22,5.49
389500,-0.47,-12.50
389523,0.30,8.53
389547,-0.16,-4.83
389569,-0.22,-5.36
389593,0.38,10.25
389615,-0.40,-11.04
389642,0.40,10.78
389664,-0.38,-10.52
389688,0.12,3.64
389710,0.14,3.37
389734,-0.45,-12.10
389757,0.34,9.59
389780,-0.23,-6.28
389803,-0.13,-3.11
389826,0.35,9.33
389849,-0.43,-11.97
389872,0.20,5.89
389895,-0.01,-0.86
389918,-0.37,-9.46
389941,0.40,10.91
389964,-0.32,-9.06
389987,0.03,1.39
390010,0.23,5.62
390033,-0.47,-12.50
390056,0.31,8.40
390079,-0.16,-4.83
390103,-0.23,-5.49
390125,0.39,10.38
390149,-0.41,-11.31
390171,0.17,4.70
390195,0.08,1.39
390217,-0.43,-11.57
390244,0.15,3.64
390267,-0.46,-12.24
390290,0.34,9.46
390313,-0.22,-6.28
390336,-0.13,-2.98
390360,0.36,9.46
390382,-0.43,-11.71
390406,0.20,5.62
390428,-0.01,-0.86
390452,-0.37,-9.46
390474,0.40,10.91
390498,-0.32,-9.19
390520,0.04,1.65
390543,0.23,5.75
390566,-0.48,-12.90
390590,0.31,8.53
390612,-0.16,-4.70
390635,-0.22,-5.36
390659,0.38,10.25
390681,-0.40,-11.31
390705,0.17,4.96
390728,0.06,0.99
390751,-0.44,-11.57
390774,0.38,10.52
390797,-0.26,-7.47
390820,-0.03,-0.20
390843,0.28,7.08
390870,-0.14,-3.11
390892,0.36,9.59
390916,-0.44,-12.10
390938,0.20,5.75
390962,-0.00,-0.73
390984,-0.39,-10.12
391008,0.40,11.04
391030,-0.32,-9.06
391054,0.03,1.39
391076,0.24,5.89
391100,-0.48,-12.76
391122,0.31,8.53
391146,-0.16,-4.83
391169,-0.24,-5.89
391192,0.40,10.78
391215,-0.40,-11.04
391238,0.16,4.56
391261,0.08,1.39
391283,-0.43,-11.44
391307,0.36,10.25
391347,-0.25,-6.94
391370,0.02,1.12
391393,0.24,6.02
391416,-0.47,-12.76
391439,0.30,8.27
391462,-0.15,-4.70
391488,0.22,6.55
391512,-0.05,-1.79
391534,-0.33,-8.53
391558,0.40,10.78
391581,-0.36,-10.25
391604,0.13,3.90
391627,0.14,3.37
391650,-0.45,-11.97
391673,0.35,9.85
391696,-0.25,-6.94
391719,-0.11,-2.05
391742,0.33,8.53
391766,-0.46,-12.63
391789,0.26,7.34
391812,-0.11,-3.51
391835,-0.27,-6.68
391858,0.39,10.52
391881,-0.40,-11.04
391905,0.16,4.70
391927,0.04,0.33
391951,-0.40,-10.38
391973,0.39,10.78
391997,-0.31,-8.93
392019,0.03,1.39
392043,0.22,5.49
392066,-0.47,-12.76
392089,0.33,9.06
392116,-0.47,-12.63
392139,0.31,8.80
392162,-0.19,-5.49
392185,-0.19,-4.56
392208,0.37,9.85
392231,-0.43,-11.97
392255,0.20,5.89
392278,-0.04,-1.65
392301,-0.33,-8.13
392325,0.40,10.91
392347,-0.38,-10.65
392371,0.13,3.90
392393,0.11,2.18
392417,-0.44,-11.57
392439,0.36,10.12
392463,-0.26,-7.47
392486,-0.04,-0.60
392509,0.26,6.28
392532,-0.47,-12.63
392555,0.32,8.80
392579,-0.19,-5.49
392602,-0.18,-4.17
392625,0.38,9.99
392648,-0.43,-11.97
392671,0.19,5.62
392694,-0.03,-1.39
392721,0.18,5.09
392743,0.02,-0.07
392767,-0.39,-10.12
392791,0.40,10.78
392813,-0.36,-10.12
392837,0.11,3.37
392860,0.14,3.24
392883,-0.45,-11.97
392906,0.36,9.85
392929,-0.23,-6.42
392952,-0.11,-2.45
392975,0.33,8.66
392998,-0.46,-12.50
393021,0.24,6.81
393044,-0.08,-2.71
393068,-0.29,-7.21
393091,0.40,10.65
393114,-0.39,-10.78
393137,0.15,4.43
393160,0.09,1.65
393183,-0.44,-11.57
393206,0.37,10.25
393229,-0.26,-7.34
393252,-0.05,-0.73
393275,0.30,7.34
393315,-0.48,-13.03
393342,0.24,5.89
393365,-0.48,-12.76
393389,0.29,8.13
393411,-0.14,-4.30
393435,-0.24,-5.89
393457,0.39,10.52
393481,-0.40,-11.04
393503,0.15,4.56
393527,0.09,1.65
393549,-0.44,-11.57
393573,0.37,10.25
393595,-0.26,-7.08
393619,-0.06,-0.99
393641,0.32,8.00
393665,-0.46,-12.63
393688,0.25,7.21
393711,-0.07,-2.45
393734,-0.31,-7.87
393757,0.40,10.78
393780,-0.35,-9.99
393803,0.10,3.24
393826,0.16,4.03
393848,-0.47,-12.50
393872,0.33,9.19
393894,-0.21,-5.89
393918,-0.16,-3.77
393940,0.36,9.59
393977,-0.14,-4.30
394001,-0.24,-5.89
394023,0.38,10.38
394047,-0.40,-11.18
394070,0.16,4.70
394093,0.07,1.26
394116,-0.43,-11.44
394139,0.37,10.25
394162,-0.27,-7.74
394185,-0.03,-0.20
394208,0.27,6.81
394231,-0.47,-12.76
394254,0.28,8.00
394277,-0.12,-3.90
394300,-0.25,-6.15
394323,0.39,10.52
394347,-0.39,-10.91
394370,0.16,4.56
394393,0.07,1.26
394416,-0.43,-11.44
394439,0.38,10.65
394462,-0.27,-7.61
394485,-0.03,-0.20
394508,0.28,6.94
394531,-0.47,-12.76
394554,0.28,7.74
394580,-0.46,-12.50
394604,0.22,6.55
394627,-0.05,-2.05
394650,-0.32,-8.00
394673,0.40,10.91
394696,-0.37,-10.25
394719,0.11,3.37
394742,0.14,3.24
394765,-0.45,-12.10
394788,0.35,9.72
394811,-0.23,-6.42
394834,-0.12,-2.71
394857,0.35,9.06
394881,-0.45,-12.50
394903,0.21,6.15
394927,-0.04,-1.79
394949,-0.33,-8.40
394973,0.41,11.04
394995,-0.34,-9.72
395019,0.08,2.58
395041,0.17,4.17
395065,-0.47,-12.37
395087,0.33,9.19
395111,-0.21,-6.02
395133,-0.16,-3.64
395157,0.37,9.72
395180,-0.43,-11.97
395206,0.38,10.25
395230,-0.41,-11.18
395269,0.12,3.64
395292,-0.01,-0.86
395316,-0.37,-9.59
395338,0.40,10.91
395362,-0.32,-9.06
395384,0.03,1.39
395408,0.22,5.36
395430,-0.48,-12.76
395454,0.30,8.40
395476,-0.16,-4.96
395500,-0.22,-5.22
395523,0.39,10.38
395546,-0.41,-11.31
395569,0.17,4.83
395592,0.05,0.60
395615,-0.43,-11.18
395638,0.38,10.65
395661,-0.28,-8.00
395684,-0.01,0.33
395707,0.27,6.55
395730,-0.48,-12.90
395753,0.29,8.13
395777,-0.13,-4.30
395799,-0.24,-5.89
395826,-0.07,-2.31
395849,-0.30,-7.61
395872,0.39,10.65
395895,-0.37,-10.38
395918,0.12,3.64
395941,0.13,2.98
395964,-0.45,-11.97
395987,0.35,9.72
396010,-0.23,-6.55
396034,-0.11,-2.45
396056,0.34,8.66
396080,-0.45,-12.37
396102,0.22,6.28
396126,-0.06,-2.18
396148,-0.32,-8.00
396172,0.40,10.78
396194,-0.36,-9.99
396218,0.09,2.98
396240,0.17,4.17
396264,-0.46,-12.24
396286,0.33,9.19
396310,-0.21,-6.15
396333,-0.14,-3.24
396356,0.36,9.33
396379,-0.43,-11.97
396402,0.19,5.62
396428,-0.41,-11.31
396451,0.17,4.83
396475,0.04,0.60
396497,-0.42,-11.18
396521,0.39,10.78
396544,-0.29,-8.27
396567,0.01,0.99
396590,0.25,6.02
396612,-0.47,-12.76
396636,0.30,8.40
396659,-0.15,-4.83
396682,-0.22,-5.36
396705,0.39,10.25
396728,-0.41,-11.44
396751,0.17,4.96
396774,0.04,0.33
396797,-0.42,-10.91
396820,0.39,10.78
396844,-0.30,-8.40
396866,0.00,0.73
396890,0.25,6.28
396912,-0.47,-12.63
396936,0.30,8.40
396958,-0.15,-4.56
396982,-0.22,-5.62
397004,0.39,10.38
397028,-0.41,-11.31
397054,0.40,10.78
397077,-0.38,-10.78
397101,0.14,4.17
397123,0.11,2.18
397147,-0.44,-11.57
397169,0.37,10.25
397193,-0.25,-7.21
397232,-0.22,-5.22
397255,0.33,8.40
397278,-0.45,-12.50
397301,0.22,6.55
397324,-0.06,-2.18
397347,-0.32,-8.13
397370,0.41,11.04
397393,-0.35,-9.99
397416,0.09,2.98
397440,0.17,4.17
397462,-0.46,-12.37
397486,0.33,9.19
397508,-0.22,-6.15
397532,-0.14,-3.24
397554,0.37,9.72
397578,-0.43,-11.97
397600,0.19,5.62
397624,-0.02,-0.99
397646,-0.37,-9.46
397673,0.07,1.26
397696,-0.43,-11.44
397719,0.39,10.78
397743,-0.28,-8.13
397765,-0.01,0.20
397789,0.27,6.55
397811,-0.48,-12.90
397835,0.29,8.13
397857,-0.13,-4.03
397881,-0.24,-6.02
397903,0.39,10.52
397927,-0.40,-11.18
397949,0.17,4.83
397973,0.07,1.26
397996,-0.42,-11.18
398019,0.38,10.52
398042,-0.28,-8.00
398065,-0.02,0.07
398088,0.27,6.81
398111,-0.46,-12.63
398134,0.29,8.13
398157,-0.13,-4.17
398180,-0.25,-6.15
398203,0.39,10.52
398226,-0.39,-11.04
398249,0.16,4.43
398272,0.07,1.12
398299,0.10,3.24
398321,0.15,3.64
398345,-0.45,-11.97
398368,0.35,9.59
398391,-0.24,-6.68
398414,-0.11,-2.31
398437,0.33,8.40
398460,-0.45,-12.37
398483,0.24,6.94
398507,-0.08,-2.58
398529,-0.29,-7.21
398553,0.39,10.52
398575,-0.38,-10.65
398599,0.14,4.30
398621,0.11,2.18
398645,-0.44,-11.57
398667,0.37,10.25
398691,-0.26,-7.47
398714,-0.04,-0.33
398737,0.28,6.81
398760,-0.47,-12.63
398783,0.29,8.27
398807,-0.14,-4.43
398829,-0.23,-5.75
398853,0.39,10.52
398875,-0.41,-11.44
398912,-0.26,-6.28
398936,0.39,10.52
398959,-0.40,-11.18
398982,0.16,4.70
399005,0.05,0.73
399028,-0.43,-11.18
399051,0.39,10.78
399074,-0.28,-8.13
399097,0.00,0.73
399120,0.26,6.42
399143,-0.47,-12.63
399173,-0.16,-4.83
399207,-0.22,-6.28
399229,-0.13,-2.98
399253,0.34,8.93
399276,-0.45,-12.50
399299,0.21,6.15
399322,-0.05,-1.79
399345,-0.32,-8.00
399368,0.40,10.91
399391,-0.36,-9.99
399414,0.10,3.11
399437,0.16,3.77
399460,-0.45,-12.10
399483,0.34,9.59
399506,-0.22,-6.28
399529,-0.12,-2.84
399556,-0.19,-5.62
399579,-0.19,-4.43
399602,0.38,9.99
399625,-0.42,-11.44
399648,0.19,5.36
399671,-0.00,-0.60
399694,-0.39,-9.72
399717,0.40,10.91
399740,-0.32,-9.06
399763,0.05,1.92
399787,0.21,5.09
399809,-0.47,-12.63
399833,0.33,9.06
399855,-0.19,-5.49
399879,-0.18,-4.17
399901,0.37,9.85
399925,-0.43,-11.97
399948,0.18,5.22
399971,-0.01,-0.86
399994,-0.37,-9.33
400017,0.41,11.18
400040,-0.34,-9.59
400063,0.06,2.31
400087,0.19,4.56
400109,-0.46,-12.24
400133,0.33,9.19
400159,-0.48,-12.90
400182,0.30,8.40
400205,-0.16,-4.83
400228,-0.22,-5.22
400251,0.39,10.38
400274,-0.41,-11.44
400297,0.17,4.96
400320,0.02,0.07
400344,-0.41,-10.78
400366,0.39,10.65
400390,-0.30,-8.53
400412,0.02,1.12
400436,0.24,5.75
400458,-0.48,-12.63
400482,0.31,8.80
400504,-0.17,-5.09
400528,-0.20,-4.96
400551,0.38,10.12
400574,-0.43,-11.84
400598,0.18,5.09
400620,0.01,-0.33
400644,-0.39,-10.12
400666,0.39,10.78
400690,-0.32,-9.06
400712,0.05,1.79
400736,0.21,5.09
400758,-0.47,-12.50
400780,0.07,2.31
400802,0.18,4.43
400825,-0.47,-12.50
400848,0.33,9.19
400871,-0.20,-5.89
400894,-0.15,-3.51
400918,0.36,9.59
400941,-0.44,-12.10
400964,0.19,5.62
400987,-0.03,-1.26
401010,-0.34,-8.80
401033,0.40,10.91
401056,-0.34,-9.72
401079,0.08,2.71
401102,0.18,4.30
401125,-0.47,-12.50
401165,0.31,8.66
401188,-0.24,-6.81
401211,-0.08,-1.52
401234,0.31,7.87
401257,-0.46,-12.76
401281,0.25,7.21
401304,-0.09,-3.11
401327,-0.28,-7.08
401350,0.39,10.65
401373,-0.38,-10.65
401399,0.39,10.65
401423,-0.36,-10.25
401445,0.11,3.51
401469,0.15,3.51
401491,-0.46,-12.24
401515,0.35,9.59
401538,-0.24,-6.55
401561,-0.12,-2.58
401584,0.34,8.80
401607,-0.46,-12.50
401630,0.22,6.42
401653,-0.06,-2.18
401676,-0.31,-7.74
401699,0.40,10.91
401722,-0.37,-10.52
401745,0.12,3.77
401769,0.12,2.98
401792,-0.45,-12.10
401815,0.36,9.99
401838,-0.24,-6.68
401861,-0.09,-1.79
401884,0.33,8.40
401907,-0.46,-12.63
401930,0.23,6.94
401953,-0.09,-2.84
401976,-0.29,-7.21
402002,-0.02,-1.12
402026,-0.35,-8.93
402049,0.40,10.78
402072,-0.34,-9.46
402095,0.08,2.84
402118,0.18,4.30
402141,-0.47,-12.50
402164,0.33,9.19
402187,-0.22,-6.15
402210,-0.14,-3.24
402233,0.36,9.59
402256,-0.44,-11.97
402279,0.20,5.89
402302,-0.03,-1.52
402325,-0.34,-8.53
402349,0.40,10.78
402371,-0.35,-9.72
402395,0.09,2.98
402417,0.17,4.03
402441,-0.46,-12.37
402464,0.34,9.59
402487,-0.22,-6.42
402510,-0.13,-2.98
402533,0.35,9.06
402556,-0.45,-12.37
402579,0.22,6.28
402603,-0.05,-1.92
402629,0.18,4.96
402652,0.03,0.07
402674,-0.41,-10.78
402698,0.40,10.91
402721,-0.31,-8.93
402744,0.02,1.26
402767,0.23,5.62
402790,-0.47,-12.76
402813,0.32,8.93
402836,-0.17,-5.22
402860,-0.19,-4.70
402882,0.38,10.12
402906,-0.42,-11.57
402928,0.18,5.22
402952,-0.00,-0.73
402974,-0.38,-9.59
402998,0.40,10.91
403020,-0.32,-9.19
403044,0.05,2.05
403066,0.20,4.96
403090,-0.47,-12.63
403128,0.16,4.56
403151,-0.08,-2.58
403175,-0.31,-7.74
403197,0.40,10.91
403221,-0.37,-10.25
403248,0.39,10.78
403270,-0.34,-9.59
403294,0.07,2.45
403316,0.18,4.43
403340,-0.47,-12.63
403363,0.33,9.19
403386,-0.21,-6.02
403409,-0.15,-3.37
403432,0.36,9.46
403456,-0.43,-11.84
403478,0.20,5.75
403502,-0.04,-1.52
403524,-0.34,-8.53
403548,0.41,11.18
403570,-0.34,-9.72
403594,0.09,2.84
403616,0.17,4.17
403640,-0.46,-12.24
403662,0.33,9.06
403686,-0.22,-6.15
403708,-0.13,-3.11
403732,0.35,9.33
403755,-0.45,-12.24
403778,0.20,6.02
403801,-0.03,-1.39
403824,-0.34,-8.66
403847,0.40,10.91
403884,0.01,-0.46
403907,-0.38,-9.85
403930,0.40,10.78
403953,-0.32,-9.06
403977,0.04,1.79
403999,0.20,4.96
404022,-0.47,-12.63
404045,0.33,9.06
404069,-0.20,-5.89
404091,-0.16,-3.90
404115,0.37,9.72
404137,-0.43,-11.97
404161,0.19,5.49
404184,-0.02,-0.99
404207,-0.35,-8.93
404230,0.40,10.91
404253,-0.34,-9.85
404276,0.09,2.84
404299,0.18,4.30
404322,-0.46,-12.37
404345,0.33,9.33
404369,-0.22,-6.42
404391,-0.13,-2.98
404415,0.34,8.93
404438,-0.45,-12.37
404461,0.22,6.28
404488,-0.42,-11.71
404510,0.18,5.36
404534,-0.00,-0.73
404556,-0.38,-9.72
404580,0.40,11.04
404602,-0.33,-9.33
404626,0.05,2.05
404648,0.20,4.83
404672,-0.48,-12.63
404695,0.33,9.19
404718,-0.20,-5.89
404741,-0.16,-3.77
404764,0.36,9.46
404787,-0.44,-12.10
404810,0.19,5.62
404834,-0.03,-1.26
404856,-0.34,-8.66
404880,0.41,11.18
404902,-0.34,-9.72
404926,0.09,2.71
404948,0.17,4.17
404972,-0.46,-12.37
404995,0.33,9.06
405018,-0.22,-6.15
405041,-0.11,-2.45
405070,-0.46,-12.63
405105,-0.46,-12.24
405132,0.18,4.43
405155,-0.47,-12.63
405178,0.33,9.19
405201,-0.21,-6.15
405224,-0.15,-3.37
405248,0.36,9.46
405270,-0.44,-12.24
405294,0.20,5.75
405316,-0.03,-1.39
405340,-0.34,-8.66
405362,0.42,11.31
405386,-0.34,-9.72
405409,0.08,2.58
405432,0.18,4.30
405454,-0.47,-12.50
405478,0.33,9.33
405501,-0.21,-6.02
405524,-0.13,-3.11
405548,0.36,9.46
405570,-0.45,-12.24
405594,0.21,6.15
405616,-0.04,-1.79
405640,-0.33,-8.27
405662,0.40,10.78
405686,-0.36,-10.25
405709,0.11,3.51
405735,-0.32,-9.19
405758,0.04,1.65
405781,0.21,5.09
405805,-0.47,-12.63
405827,0.32,8.93
405851,-0.18,-5.49
405873,-0.19,-4.56
405897,0.37,9.99
405919,-0.42,-11.71
405943,0.19,5.49
405966,0.00,-0.46
405989,-0.39,-9.85
406012,0.40,11.04
406035,-0.32,-9.06
406059,0.03,1.52
406081,0.22,5.36
406105,-0.47,-12.63
406127,0.31,8.66
406151,-0.18,-5.36
406173,-0.18,-4.43
406197,0.37,9.99
406219,-0.42,-11.71
406243,0.18,5.36
406265,0.02,-0.20
406289,-0.39,-10.25
406311,0.39,10.78
406335,-0.32,-9.19
406362,0.38,10.38
406385,-0.28,-7.74
406408,-0.01,0.20
406431,0.26,6.55
406454,-0.48,-12.90
406477,0.29,8.27
406500,-0.15,-4.56
406523,-0.22,-5.49
406546,0.38,10.12
406569,-0.41,-11.18
406592,0.17,4.96
406616,0.04,0.46
406638,-0.41,-10.65
406662,0.39,10.78
406685,-0.31,-8.80
406708,0.02,1.26
406731,0.23,5.62
406754,-0.47,-12.76
406777,0.32,8.93
406800,-0.18,-5.36
406823,-0.19,-4.70
406846,0.37,9.99
406870,-0.42,-11.57
406892,0.18,5.09
406916,0.02,-0.07
406938,-0.40,-10.25
406965,0.08,1.65
406988,-0.43,-11.44
407011,0.37,10.25
407051,-0.26,-7.34
407074,0.06,2.31
407098,0.18,4.43
407120,-0.48,-12.63
407144,0.33,9.19
407166,-0.21,-6.02
407190,-0.16,-3.64
407213,0.37,9.72
407236,-0.43,-11.97
407260,0.19,5.49
407282,-0.02,-0.99
407306,-0.35,-9.06
407328,0.40,10.91
407352,-0.33,-9.33
407374,0.06,2.31
407398,0.19,4.56
407420,-0.47,-12.50
407444,0.33,9.06
407467,-0.20,-5.89
407490,-0.16,-3.90
407513,0.37,9.72
407536,-0.43,-11.97
407559,0.19,5.49
407582,-0.02,-0.99
407609,0.16,4.70
407631,0.07,1.26
407655,-0.43,-11.44
407677,0.38,10.52
407701,-0.28,-8.13
407725,-0.01,0.33
407747,0.24,6.15
407770,-0.47,-12.76
407793,0.31,8.80
407817,-0.16,-4.96
407839,-0.20,-4.96
407863,0.38,10.12
407885,-0.42,-11.44
407909,0.18,5.22
407931,0.01,-0.20
407955,-0.39,-9.99
407977,0.40,11.18
408001,-0.32,-9.06
408025,0.03,1.26
408047,0.22,5.36
408071,-0.47,-12.50
408093,0.32,8.93
408117,-0.19,-5.49
408139,-0.18,-4.43
408163,0.36,9.72
408185,-0.42,-11.71
408308,0.11,3.24
408387,-0.51,-13.82
408410,0.29,8.00
408433,-0.17,-5.09
408456,-0.22,-5.36
408479,0.38,10.12
408502,-0.43,-11.71
408525,0.18,5.22
408548,0.01,-0.33
408571,-0.39,-9.99
408595,0.40,10.91
408617,-0.32,-8.93
408641,0.04,1.65
408664,0.21,5.09
408687,-0.47,-12.50
408710,0.32,8.93
408733,-0.20,-5.75
408756,-0.18,-4.43
408779,0.37,9.85
408802,-0.42,-11.57
408825,0.18,5.22
408848,0.00,-0.46
408871,-0.38,-9.59
408895,0.40,10.78
408918,-0.32,-9.06
408941,0.05,1.79
408964,0.20,4.96
409000,-0.27,-7.61
409024,-0.02,-0.07
409047,0.25,6.15
409070,-0.48,-12.90
409093,0.31,8.53
409116,-0.15,-4.56
409139,-0.23,-5.62
409183,-0.07,-2.31
409206,-0.20,-4.83
409229,0.36,9.72
409252,-0.42,-11.57
409275,0.19,5.22
409298,0.02,-0.07
409321,-0.39,-9.99
409345,0.39,10.52
409367,-0.32,-8.93
409391,0.04,1.52
409413,0.21,5.09
409437,-0.47,-12.50
409460,0.33,9.06
409483,-0.19,-5.62
409506,-0.19,-4.43
409529,0.37,9.85
409552,-0.43,-11.71
409575,0.19,5.49
409598,-0.00,-0.60
409625,0.15,4.43
409648,0.07,1.39
409671,-0.44,-11.57
409694,0.38,10.52
409717,-0.27,-7.74
409740,-0.01,0.33
409763,0.26,6.42
409786,-0.47,-12.50
409809,0.29,8.13
409833,-0.15,-4.70
409856,-0.22,-5.36
409879,0.39,10.25
409902,-0.41,-11.31
409925,0.17,4.96
409948,0.02,0.07
409971,-0.41,-10.78
409994,0.39,10.65
410017,-0.30,-8.40
410041,0.03,1.39
410063,0.23,5.62
410087,-0.46,-12.50
410109,0.31,8.66
410133,-0.18,-5.36
410156,-0.19,-4.70
410179,0.37,9.99
410202,-0.41,-11.31
410225,0.18,5.22
410252,-0.40,-11.04
410274,0.15,4.43
410298,0.07,1.26
410320,-0.44,-11.44
410344,0.39,10.65
410368,-0.27,-7.74
410390,-0.01,0.33
410414,0.26,6.28
410436,-0.47,-12.76
410460,0.30,8.27
410482,-0.15,-4.70
410506,-0.22,-5.36
410528,0.39,10.38
410552,-0.41,-11.31
410575,0.15,4.30
410598,0.02,-0.20
410621,-0.39,-10.25
410644,0.40,11.04
410668,-0.33,-9.33
410690,0.04,1.52
410714,0.21,4.96
410736,-0.47,-12.63
410760,0.33,9.06
410782,-0.20,-5.75
410806,-0.17,-4.03
410829,0.36,9.59
410855,-0.23,-5.75
410878,0.38,10.25
410902,-0.41,-11.31
410925,0.17,4.83
410948,0.04,0.46
410971,-0.42,-10.91
410994,0.39,10.78
411017,-0.30,-8.53
411040,0.01,0.99
411063,0.24,5.89
411086,-0.47,-12.76
411109,0.30,8.40
411150,-0.18,-5.49
411173,-0.08,-1.39
411196,0.32,7.87
411219,-0.47,-12.76
411242,0.25,7.08
411266,-0.09,-3.11
411288,-0.28,-7.08
411312,0.40,10.65
411334,-0.38,-10.52
411358,0.14,4.17
411381,0.08,1.65
411404,-0.43,-11.18
411427,0.38,10.65
411450,-0.28,-8.13
411473,0.02,1.12
411500,-0.27,-7.47
411524,-0.06,-0.73
411546,0.27,6.68
411570,-0.47,-12.90
411592,0.30,8.53
411616,-0.18,-5.36
411639,-0.18,-4.30
411662,0.37,9.72
411685,-0.43,-11.97
411709,0.21,6.15
411731,-0.06,-2.31
411755,-0.28,-7.21
411779,0.40,10.78
411801,-0.39,-10.91
411825,0.16,4.56
411847,0.06,0.99
411871,-0.43,-11.18
411894,0.40,11.04
411917,-0.33,-9.33
411940,0.07,2.45
411964,0.17,4.03
411986,-0.47,-12.50
412010,0.34,9.46
412033,-0.24,-6.68
412056,-0.08,-1.65
412080,0.31,7.74
412106,-0.13,-3.11
412129,0.33,8.66
412152,-0.47,-12.76
412176,0.25,7.21
412198,-0.11,-3.51
412222,-0.25,-6.28
412244,0.38,10.12
412268,-0.42,-11.44
412292,0.17,4.83
412314,0.02,-0.20
412338,-0.37,-9.59
412361,0.40,10.91
412384,-0.35,-10.12
412407,0.12,3.64
412431,0.11,2.45
412453,-0.45,-11.84
412477,0.37,10.38
412499,-0.26,-7.34
412523,-0.02,0.20
412547,0.24,6.02
412569,-0.47,-12.76
412593,0.33,9.06
412616,-0.22,-6.15
412639,-0.13,-2.84
412662,0.32,8.13
412686,-0.47,-12.76
412708,0.25,7.08
412735,-0.45,-12.24
412759,0.21,6.28
412781,-0.06,-2.31
412805,-0.30,-7.47
412828,0.39,10.38
412851,-0.40,-11.04
412874,0.16,4.56
412898,0.06,0.99
412920,-0.43,-11.31
412944,0.38,10.52
412966,-0.28,-8.00
412990,-0.01,0.33
413012,0.26,6.28
413036,-0.48,-12.76
413060,0.30,8.40
413082,-0.16,-4.96
413122,-0.26,-6.42
413146,0.34,8.93
413168,-0.46,-12.63
413192,0.21,6.02
413214,-0.05,-1.79
413238,-0.32,-8.13
413261,0.40,10.91
413284,-0.37,-10.38
413307,0.11,3.51
413330,0.14,3.24
413357,0.02,1.12
413380,0.23,5.49
413403,-0.47,-12.63
413426,0.32,8.93
413449,-0.18,-5.49
413472,-0.19,-4.70
413495,0.37,9.85
413518,-0.42,-11.71
413541,0.17,5.09
413564,0.02,-0.20
413587,-0.38,-9.85
413611,0.39,10.65
413633,-0.31,-8.80
413657,0.03,1.52
413679,0.21,5.09
413703,-0.48,-12.90
413726,0.31,8.80
413749,-0.19,-5.49
413772,-0.18,-4.30
413795,0.38,9.99
413818,-0.42,-11.84
413841,0.17,4.96
413864,-0.00,-0.73
413887,-0.38,-9.72
413911,0.41,11.18
413933,-0.32,-9.19
413957,0.05,2.05
413993,0.39,10.78
414016,-0.29,-8.13
414040,-0.00,0.60
414063,0.23,5.75
414086,-0.48,-13.03
414109,0.31,8.53
414132,-0.18,-5.36
414155,-0.19,-4.70
414178,0.38,9.99
414201,-0.43,-11.71
414225,0.18,5.09
414247,0.00,-0.46
414271,-0.38,-9.72
414294,0.39,10.78
414317,-0.33,-9.33
414340,0.06,2.31
414363,0.18,4.43
414386,-0.47,-12.63
414409,0.33,9.19
414432,-0.22,-6.15
414455,-0.14,-3.24
414479,0.35,9.33
414501,-0.45,-12.37
414525,0.21,6.15
414547,-0.06,-2.18
414571,-0.30,-7.61
414598,-0.01,-0.86
414620,-0.36,-9.33
414644,0.39,10.65
414666,-0.34,-9.72
414690,0.08,2.71
414713,0.17,4.17
414736,-0.45,-12.10
414759,0.34,9.72
414782,-0.23,-6.55
414806,-0.12,-2.71
414828,0.33,8.40
414852,-0.47,-12.76
414875,0.25,7.08
414898,-0.08,-2.58
414921,-0.28,-7.08
414944,0.41,10.91
414967,-0.40,-11.04
414990,0.14,4.17
415013,0.08,1.52
415036,-0.43,-11.31
415066,-0.24,-6.55
415097,-0.11,-3.64
415121,-0.26,-6.42
415144,0.38,10.25
415167,-0.40,-11.18
415191,0.16,4.83
415213,0.05,0.60
415235,-0.42,-11.71
415257,0.18,5.22
415281,0.01,-0.46
415303,-0.39,-9.99
415327,0.39,10.78
415349,-0.32,-9.06
415373,0.04,1.65
415395,0.20,4.96
415419,-0.47,-12.50
415441,0.33,8.93
415465,-0.21,-6.02
415489,-0.17,-4.03
415511,0.36,9.59
415535,-0.44,-12.10
415557,0.20,5.75
415581,-0.02,-1.12
415603,-0.34,-8.66
415627,0.40,10.91
415649,-0.35,-9.99
415673,0.09,2.98
415696,0.15,3.64
415719,-0.46,-12.24
415742,0.34,9.46
415765,-0.23,-6.55
415789,-0.09,-1.79
415811,0.33,8.27
415838,-0.16,-3.90
415861,0.37,9.72
415884,-0.44,-12.10
415907,0.19,5.62
415930,-0.03,-1.26
415953,-0.34,-8.53
415977,0.40,10.78
416000,-0.35,-9.99
416023,0.11,3.37
416046,0.14,3.24
416069,-0.46,-12.10
416092,0.35,9.72
416115,-0.24,-6.68
416138,-0.10,-1.92
416161,0.32,8.00
416185,-0.47,-12.76
416207,0.25,7.21
416231,-0.10,-3.37
416253,-0.26,-6.42
416277,0.39,10.52
416300,-0.40,-10.91
416323,0.16,4.56
416347,0.05,0.73
416369,-0.42,-11.04
416393,0.38,10.52
416415,-0.30,-8.53
416439,0.02,1.12
416465,-0.26,-7.08
416488,-0.06,-0.86
416512,0.29,7.34
416534,-0.48,-12.90
416558,0.28,7.87
416581,-0.13,-4.17
416604,-0.24,-5.89
416627,0.40,10.65
416650,-0.42,-11.44
416673,0.16,4.70
416696,0.03,0.07
416719,-0.42,-10.78
416743,0.39,10.78
416765,-0.31,-8.80
416789,0.03,1.39
416812,0.21,5.22
416835,-0.47,-12.63
416858,0.32,8.93
416881,-0.20,-5.89
416904,-0.18,-4.17
416927,0.37,9.85
416950,-0.42,-11.84
416973,0.19,5.62
416997,-0.02,-0.99
417019,-0.35,-8.93
417060,0.35,9.06
417088,-0.12,-2.58
417111,0.33,8.40
417134,-0.45,-12.37
417157,0.24,6.81
417180,-0.07,-2.58
417203,-0.29,-7.34
417226,0.40,10.78
417249,-0.38,-10.78
417272,0.14,4.17
417296,0.10,2.05
417318,-0.44,-11.71
417342,0.37,10.25
417364,-0.26,-7.21
417388,-0.04,-0.46
417411,0.27,6.55
417434,-0.46,-12.50
417458,0.28,8.00
417480,-0.14,-4.43
417504,-0.23,-5.49
417526,0.39,10.38
417550,-0.41,-11.44
417572,0.18,5.09
417596,0.02,0.07
417618,-0.40,-10.38
417642,0.39,10.78
417666,-0.32,-9.19
417692,0.38,10.52
417715,-0.27,-7.74
417738,-0.01,0.20
417761,0.26,6.28
417784,-0.47,-12.76
417807,0.29,8.13
417830,-0.17,-5.09
417853,-0.20,-4.96
417876,0.38,10.12
417900,-0.42,-11.71
417923,0.18,5.36
417946,-0.01,-0.73
417969,-0.37,-9.46
417992,0.40,10.91
418015,-0.34,-9.72
418038,0.07,2.58
418062,0.17,4.03
418084,-0.46,-12.24
418108,0.35,9.59
418130,-0.23,-6.28
418154,-0.12,-2.58
418177,0.34,8.66
418200,-0.45,-12.37
418223,0.23,6.55
418246,-0.07,-2.45
418270,-0.29,-7.47
418292,0.39,10.52
418319,-0.34,-8.53
418342,0.41,10.91
418365,-0.36,-10.25
418388,0.11,3.51
418411,0.12,2.84
418435,-0.44,-11.71
418458,0.36,9.99
418481,-0.25,-7.21
418504,-0.06,-0.86
418527,0.28,7.08
418550,-0.47,-12.90
418574,0.29,8.27
418596,-0.15,-4.56
418620,-0.21,-5.22
418642,0.38,9.99
418666,-0.42,-11.44
418690,0.18,5.09
418712,0.01,-0.20
418736,-0.37,-9.72
418758,0.41,11.04
418782,-0.33,-9.33
418804,0.06,2.18
418828,0.18,4.43
418850,-0.46,-12.37
418874,0.33,9.19
418897,-0.22,-6.28
418934,-0.48,-12.63
418957,0.33,9.19
418980,-0.21,-6.02
419018,-0.47,-12.37
419042,0.41,11.04
419064,-0.33,-9.46
419088,0.06,2.31
419110,0.19,4.56
419134,-0.47,-12.50
419158,0.33,9.06
419180,-0.23,-6.28
419204,-0.12,-2.58
419226,0.34,8.80
419250,-0.45,-12.24
419272,0.22,6.55
419296,-0.08,-2.58
419319,-0.29,-7.34
419342,0.40,10.91
419365,-0.38,-10.65
419388,0.15,4.30
419411,0.08,1.39
419434,-0.43,-11.31
419458,0.38,10.78
419481,-0.28,-8.13
419504,0.01,0.99
419527,0.24,5.75
419550,-0.48,-12.76
419576,0.30,7.34
419600,-0.48,-12.90
419623,0.29,8.13
419646,-0.15,-4.70
419670,-0.22,-5.49
419692,0.39,10.38
419716,-0.42,-11.57
419738,0.18,5.09
419762,0.01,-0.33
419785,-0.38,-9.72
419808,0.40,10.91
419831,-0.34,-9.59
419854,0.07,2.45
419877,0.18,4.43
419900,-0.46,-12.37
419923,0.33,9.33
419946,-0.23,-6.28
419970,-0.12,-2.58
419993,0.34,8.66
420016,-0.46,-12.63
420039,0.24,6.81
420062,-0.08,-2.71
420085,-0.27,-6.81
420109,0.40,10.78
420131,-0.39,-10.91
420155,0.15,4.30
420182,-0.36,-10.25
420204,0.13,3.90
420228,0.12,2.71
420250,-0.45,-11.84
420274,0.37,10.52
420297,-0.27,-7.61
420320,-0.03,-0.33
420343,0.26,6.55
420366,-0.47,-12.76
420389,0.31,8.53
420413,-0.17,-4.96
420435,-0.20,-4.83
420459,0.38,9.99
420482,-0.42,-11.71
420505,0.18,5.36
420528,-0.01,-0.86
420551,-0.35,-8.93
420575,0.41,11.04
420597,-0.35,-9.99
420621,0.08,2.84
420643,0.16,3.90
420667,-0.46,-12.24
420689,0.35,9.72
420713,-0.24,-6.68
420737,-0.09,-1.92
420759,0.32,7.87
420783,-0.47,-12.76
420809,0.35,9.06
420832,-0.44,-12.10
420855,0.22,6.55
420878,-0.06,-2.18
420901,-0.31,-7.74
420925,0.40,10.91
420947,-0.38,-10.65
420987,0.09,2.84
421011,0.04,0.46
421033,-0.42,-10.91
421057,0.39,10.78
421081,-0.30,-8.66
421103,0.04,1.65
421127,0.21,5.09
421149,-0.47,-12.63
421173,0.33,8.93
421195,-0.20,-5.75
421219,-0.16,-3.77
421242,0.37,9.59
421265,-0.44,-11.97
421288,0.19,5.62
421311,-0.05,-1.79
421335,-0.32,-8.13
421357,0.40,10.78
421381,-0.37,-10.25
421404,0.13,3.90
421431,-0.33,-9.33
421453,0.07,2.45
421477,0.17,4.03
421499,-0.46,-12.24
421523,0.33,9.33
421545,-0.22,-6.28
421569,-0.11,-2.31
421593,0.35,9.06
421615,-0.46,-12.63
421639,0.23,6.81
421661,-0.09,-2.98
421685,-0.27,-6.81
421707,0.40,10.65
421731,-0.39,-10.78
421754,0.16,4.56
421777,0.07,1.12
421800,-0.43,-11.31
421823,0.39,10.65
421847,-0.29,-8.27
421870,0.02,1.12
421893,0.23,5.62
421916,-0.47,-12.50
421939,0.32,8.93
421962,-0.19,-5.75
421985,-0.17,-4.17
422008,0.36,9.46
422031,-0.44,-12.10
422057,0.38,10.25
422081,-0.42,-11.57
422105,0.18,5.22
422127,-0.00,-0.60
422151,-0.36,-9.19
422173,0.40,10.91
422197,-0.34,-9.72
422220,0.09,2.98
422243,0.16,3.90
422266,-0.46,-12.37
422289,0.35,9.72
422312,-0.23,-6.42
422336,-0.10,-1.92
422359,0.32,7.87
422382,-0.47,-12.63
422405,0.26,7.34
422428,-0.11,-3.64
422451,-0.25,-6.28
422474,0.39,10.65
422498,-0.39,-10.91
422520,0.16,4.70
422544,0.03,0.20
422566,-0.40,-10.65
422590,0.39,10.52
422614,-0.31,-8.93
422636,0.05,1.92
422663,-0.27,-7.74
422686,-0.02,-0.07
422709,0.26,6.42
422732,-0.47,-12.76
422755,0.31,8.53
422778,-0.17,-5.09
422801,-0.19,-4.56
422824,0.37,9.85
422848,-0.43,-11.84
422871,0.18,5.22
422894,-0.01,-0.86
422917,-0.37,-9.33
422957,0.39,10.65
422980,-0.39,-10.91
423004,0.16,4.56
423027,0.06,0.99
423050,-0.42,-11.18
423073,0.38,10.52
423096,-0.29,-8.40
423119,0.01,0.86
423142,0.24,5.89
423165,-0.47,-12.63
423189,0.31,8.80
423212,-0.18,-5.36
423235,-0.19,-4.70
423258,0.37,9.85
423284,-0.25,-6.28
423308,0.39,10.52
423330,-0.40,-11.04
423354,0.16,4.70
423376,0.03,0.20
423400,-0.41,-10.78
423424,0.39,10.78
423446,-0.32,-9.06
423470,0.05,1.92
423492,0.21,5.09
423516,-0.47,-12.63
423538,0.33,9.06
423562,-0.21,-5.89
423585,-0.15,-3.37
423608,0.35,9.33
423631,-0.45,-12.24
423654,0.22,6.42
423677,-0.06,-1.92
423700,-0.31,-7.61
423724,0.40,10.78
423747,-0.38,-10.52
423770,0.13,3.90
423793,0.11,2.31
423816,-0.44,-11.84
423839,0.38,10.52
423863,-0.27,-7.87
423885,-0.02,0.07
423922,0.36,9.85
423946,-0.25,-6.94
423968,-0.07,-1.26
423992,0.30,7.61
424014,-0.48,-12.90
424038,0.27,7.74
424061,-0.14,-4.30
424084,-0.23,-5.75
424108,0.38,10.38
424130,-0.41,-11.31
424154,0.18,5.22
424177,-0.01,-0.73
424200,-0.38,-9.59
424223,0.40,10.78
424247,-0.34,-9.59
424269,0.09,3.11
424293,0.17,4.03
424315,-0.46,-12.24
424339,0.35,9.59
424361,-0.24,-6.81
424385,-0.10,-2.05
424409,0.33,8.27
424431,-0.47,-12.50
424455,0.26,7.47
424477,-0.11,-3.64
424501,-0.25,-6.42
424527,-0.07,-2.31
424550,-0.30,-7.34
424573,0.39,10.52
424597,-0.39,-10.78
424620,0.15,4.43
424643,0.07,1.26
424666,-0.42,-11.18
424689,0.40,11.04
424713,-0.29,-8.40
424735,0.03,1.26
424759,0.22,5.36
424781,-0.48,-12.76
424805,0.32,8.93
424828,-0.21,-6.02
424851,-0.14,-3.37
424875,0.36,9.33
424903,0.15,4.30
424935,-0.07,-1.26
424958,0.30,7.47
424981,-0.47,-12.76
425005,0.27,7.74
425027,-0.12,-3.90
425051,-0.24,-5.89
425074,0.39,10.38
425097,-0.41,-11.31
425120,0.17,4.96
425143,0.02,-0.07
425169,0.14,4.03
425193,0.11,2.18
425216,-0.44,-11.57
425239,0.37,10.38
425263,-0.28,-7.87
425285,-0.02,0.07
425309,0.26,6.42
425331,-0.47,-12.63
425355,0.31,8.66
425378,-0.18,-5.36
425401,-0.18,-4.30
425424,0.37,9.99
425447,-0.43,-11.97
425470,0.19,5.49
425494,-0.02,-1.26
425517,-0.33,-8.40
425540,0.40,10.91
425563,-0.36,-10.12
425586,0.12,3.77
425610,0.11,2.45
425632,-0.44,-11.84
425656,0.36,10.12
425678,-0.26,-7.47
425702,-0.02,0.20
425725,0.26,6.28
425748,-0.47,-12.76
425775,0.30,7.61
425798,-0.47,-12.76
425821,0.27,7.74
425844,-0.13,-4.17
425868,-0.24,-5.89
425890,0.40,10.52
425914,-0.41,-11.44
425936,0.17,4.83
425960,0.02,-0.20
425984,-0.38,-9.85
426006,0.39,10.65
426030,-0.32,-9.06
426052,0.06,2.31
426076,0.19,4.70
426098,-0.46,-12.50
426122,0.33,9.33
426145,-0.22,-6.15
426168,-0.12,-2.84
426191,0.34,8.93
426214,-0.46,-12.63
426237,0.24,6.94
426261,-0.09,-2.84
426284,-0.27,-6.81
426307,0.41,10.91
426330,-0.40,-11.04
426353,0.15,4.30
426377,0.07,1.26
426402,0.11,3.51
426426,0.14,3.24
426449,-0.45,-11.97
426472,0.36,9.99
426496,-0.25,-6.94
426518,-0.05,-0.73
426542,0.29,7.08
426564,-0.47,-12.63
426588,0.29,8.27
426611,-0.14,-4.43
426634,-0.22,-5.22
426657,0.38,10.25
426681,-0.42,-11.71
426703,0.18,5.22
426727,-0.01,-0.86
426749,-0.35,-8.93
426773,0.41,11.18
426797,-0.35,-9.99
426819,0.10,3.11
426843,0.15,3.64
426880,-0.32,-9.19
426925,0.29,7.34
426948,-0.47,-12.90
426971,0.27,7.74
426994,-0.12,-3.90
427018,-0.25,-6.15
427043,-0.08,-2.58
427067,-0.29,-7.21
427090,0.40,10.78
427113,-0.38,-10.78
427137,0.14,4.30
427159,0.08,1.52
427183,-0.44,-11.44
427206,0.38,10.65
427229,-0.28,-8.00
427252,-0.00,0.46
427275,0.25,6.28
427298,-0.47,-12.50
427322,0.32,8.93
427344,-0.18,-5.36
427368,-0.19,-4.43
427390,0.37,9.99
427414,-0.44,-12.10
427438,0.20,5.75
427460,-0.03,-1.26
427484,-0.33,-8.40
427506,0.40,11.04
427530,-0.37,-10.25
427553,0.12,3.77
427576,0.12,2.58
427599,-0.44,-11.84
427622,0.37,10.38
427645,-0.26,-7.47
427672,0.36,9.85
427696,-0.24,-6.68
427718,-0.08,-1.52
427742,0.31,7.87
427764,-0.47,-12.76
427788,0.27,7.74
427811,-0.12,-3.77
427834,-0.24,-6.02
427857,0.40,10.78
427880,-0.42,-11.71
427904,0.17,4.96
427927,0.03,0.33
427950,-0.41,-10.52
427973,0.41,11.18
427996,-0.33,-9.46
428019,0.06,2.31
428043,0.19,4.70
428065,-0.46,-12.37
428089,0.35,9.72
428111,-0.23,-6.55
428135,-0.12,-2.58
428158,0.35,8.93
428181,-0.48,-13.03
428205,0.26,7.47
428227,-0.09,-2.84
428251,-0.28,-6.94
428374,0.39,10.78
428451,-0.14,-3.24
428475,0.32,8.13
428498,-0.51,-13.95
428521,0.29,8.27
428545,-0.11,-3.77
428567,-0.28,-6.94
428591,0.43,11.57
428614,-0.46,-12.63
428637,0.18,5.22
428660,0.04,0.46
428683,-0.43,-11.18
428706,0.45,12.24
428730,-0.36,-10.38
428752,0.09,2.98
428776,0.19,4.43
428800,-0.50,-13.16
428822,0.39,10.78
428846,-0.25,-6.94
428868,-0.07,-1.39
428892,0.33,8.27
428915,-0.50,-13.69
428938,0.31,8.66
428961,-0.14,-4.43
428985,-0.25,-6.02
429007,0.41,11.04
429046,-0.37,-10.52
429076,0.16,3.90
429100,-0.48,-12.63
429122,0.37,10.38
429146,-0.26,-7.21
429169,-0.07,-1.26
429192,0.28,7.08
429215,-0.46,-12.50
429238,0.30,8.40
429261,-0.14,-4.43
429284,-0.21,-5.22
429307,0.38,10.12
429331,-0.44,-12.10
429353,0.18,5.36
429377,-0.00,-0.60
429401,-0.35,-8.93
429423,0.41,10.91
429447,-0.34,-9.72
429469,0.09,2.84
429493,0.14,3.37
429515,-0.44,-11.84
429539,0.33,9.33
429562,-0.23,-6.55
429585,-0.07,-1.12
429608,0.27,6.81
429631,-0.43,-11.57
429655,0.26,7.34
429681,-0.41,-11.18
429705,0.20,6.02
429727,-0.11,-3.51
429751,-0.23,-5.62
429774,0.34,9.06
429797,-0.34,-9.33
429820,0.15,4.17
429843,0.05,0.73
429867,-0.37,-9.85
429889,0.32,8.80
429913,-0.24,-6.68
429935,0.00,0.60
429959,0.21,5.09
429981,-0.40,-10.91
430005,0.23,6.68
430028,-0.16,-4.83
430051,-0.14,-3.37
430074,0.31,8.27
430097,-0.34,-9.46
430120,0.16,4.43
430144,-0.05,-1.65
430167,-0.29,-7.34
430190,0.32,8.66
430213,-0.29,-8.13
430236,0.08,2.84
430260,0.11,2.45
430282,-0.37,-9.72
430309,0.15,3.64
430332,-0.38,-10.12
430355,0.24,6.68
430379,-0.21,-5.75
430401,-0.10,-2.18
430425,0.29,7.34
430448,-0.34,-9.33
430471,0.17,4.83
430494,-0.08,-2.71
430517,-0.24,-6.02
430540,0.29,8.00
430563,-0.29,-8.00
430586,0.12,3.64
430610,0.07,1.52
430632,-0.34,-9.06
430656,0.26,7.08
430679,-0.21,-5.75
430702,-0.02,-0.20
430725,0.21,5.22
430748,-0.36,-9.85
430772,0.19,5.62
430794,-0.13,-3.90
430818,-0.17,-4.03
430840,0.27,7.08
430864,-0.31,-8.53
430887,0.14,4.03
430913,-0.28,-7.61
430937,0.11,3.37
430960,0.05,0.99
430989,0.19,5.36
431023,0.22,6.28
431046,-0.24,-6.68
431069,0.01,0.73
431092,0.17,4.03
431115,-0.33,-8.93
431138,0.22,6.15
431161,-0.14,-4.43
431184,-0.14,-3.37
431208,0.23,6.15
431230,-0.32,-8.66
431254,0.14,3.77
431278,-0.04,-1.52
431300,-0.21,-5.09
431324,0.24,6.55
431346,-0.25,-6.81
431370,0.10,2.98
431393,0.03,0.33
431416,-0.28,-7.34
431439,0.19,5.49
431462,-0.19,-5.22
431485,0.03,1.12
431509,0.11,2.45
431532,-0.29,-7.74
431555,0.17,4.70
431576,0.04,0.73
431599,-0.25,-6.81
431623,0.16,4.56
431645,-0.19,-5.22
431669,0.00,0.46
431692,0.11,2.71
431715,-0.23,-6.15
431738,0.14,4.17
431761,-0.15,-4.43
431784,-0.07,-1.52
431808,0.14,3.77
431832,-0.23,-6.42
431854,0.07,1.92
431878,-0.10,-2.84
431901,-0.10,-2.18
431924,0.17,4.43
431947,-0.19,-5.09
431971,0.09,2.18
431993,-0.07,-2.31
432017,-0.18,-4.56
432040,0.15,4.30
432063,-0.15,-4.30
432087,0.10,2.98
432109,0.00,-0.20
432133,-0.19,-5.22
432156,0.10,2.84
432183,-0.22,-5.89
432205,0.13,3.64
432229,-0.12,-3.24
432252,0.03,0.99
432275,0.06,1.26
432299,-0.20,-5.49
432322,0.08,2.18
432345,-0.16,-4.43
432368,-0.02,-0.20
432392,0.11,2.98
432414,-0.16,-4.56
432438,0.06,1.79
432461,-0.14,-3.90
432485,-0.07,-1.52
432507,0.11,2.71
432531,-0.16,-4.30
432555,0.08,1.92
432577,-0.08,-2.31
432601,-0.12,-2.98
432623,0.10,2.71
432647,-0.12,-3.64
432670,0.07,1.92
432693,-0.03,-0.99
432716,-0.13,-3.64
432740,0.07,1.92
432762,-0.08,-2.05
432786,0.03,1.12
432813,-0.11,-2.58
432836,0.03,0.86
432859,0.05,0.99
432882,-0.15,-4.03
432905,0.04,1.12
432928,-0.12,-3.37
432951,-0.05,-1.12
432991,0.10,2.58
433014,-0.16,-4.43
433038,0.07,1.52
433060,-0.10,-2.84
433084,-0.15,-3.64
433106,0.13,3.51
433130,-0.13,-3.90
433154,0.08,2.18
433176,0.01,-0.07
433200,-0.19,-5.09
433222,0.10,2.71
433246,-0.16,-4.30
433268,-0.01,-0.07
433292,0.11,2.71
433314,-0.18,-5.09
433338,0.06,1.79
433361,-0.11,-3.11
433384,-0.11,-2.45
433408,0.12,3.24
433430,-0.14,-4.03
433457,0.11,3.11
433480,-0.13,-3.64
433504,0.07,2.05
433526,-0.00,-0.33
433550,-0.17,-4.43
433572,0.09,2.31
433596,-0.15,-4.17
433618,-0.00,0.20
433642,0.09,2.18
433665,-0.17,-4.83
433688,0.06,1.79
433712,-0.11,-3.11
433734,-0.09,-2.05
433758,0.11,3.11
433780,-0.16,-4.43
433804,0.09,2.58
433826,-0.03,-0.99
433850,-0.17,-4.56
433873,0.11,3.11
433896,-0.13,-3.51
433920,0.03,1.12
433942,0.07,1.52
433966,-0.20,-5.36
433989,0.08,2.18
434012,-0.13,-3.77
434035,-0.07,-1.52
434058,0.11,2.98
434095,-0.12,-3.37
434118,-0.08,-1.79
434142,0.12,3.11
434164,-0.15,-4.17
434188,0.08,2.05
434210,-0.06,-1.79
434234,-0.16,-4.30
434257,0.11,3.11
434280,-0.11,-3.11
434304,0.05,1.65
434326,0.03,0.33
434350,-0.18,-4.96
434372,0.08,2.05
434396,-0.15,-4.17
434419,-0.03,-0.60
434442,0.11,2.84
434465,-0.16,-4.56
434488,0.06,1.65
434511,-0.10,-2.84
434535,-0.12,-2.98
434557,0.12,3.24
434581,-0.15,-4.17
434604,0.09,2.45
434627,-0.02,-0.73
434651,-0.18,-4.70
434673,0.11,2.98
434697,-0.14,-3.77
434723,0.10,2.71
434746,-0.15,-4.03
434769,-0.00,0.20
434792,0.10,2.58
434816,-0.18,-5.09
434839,0.06,1.52
434862,-0.11,-3.37
434885,-0.09,-1.92
434908,0.11,3.11
434937,0.05,1.52
434994,-0.01,-0.60
435017,-0.18,-4.83
435040,0.08,2.18
435063,-0.16,-4.17
435086,0.01,0.46
435109,0.10,2.31
435132,-0.17,-4.83
435155,0.07,2.05
435179,-0.11,-3.24
435202,-0.10,-2.18
435225,0.12,3.11
435248,-0.16,-4.56
435271,0.10,2.71
435294,-0.03,-0.99
435317,-0.17,-4.56
435341,0.11,3.24
435367,-0.19,-4.96
435390,0.10,2.71
435414,-0.14,-3.77
435436,0.01,0.73
435460,0.10,2.31
435483,-0.18,-4.96
435506,0.06,1.79
435529,-0.12,-3.51
435552,-0.08,-1.79
435575,0.11,2.98
435599,-0.14,-4.03
435621,0.09,2.05
435645,-0.05,-1.65
435667,-0.16,-4.30
435691,0.11,3.11
435715,-0.12,-3.24
435737,0.05,1.52
435761,0.03,0.33
435783,-0.19,-5.09
435807,0.10,2.71
435829,-0.15,-4.17
435853,-0.03,-0.46
435876,0.11,2.98
435899,-0.18,-4.83
435922,0.06,1.52
435945,-0.11,-3.11
435969,-0.11,-2.71
435995,-0.08,-2.58
436019,-0.14,-3.37
436041,0.12,3.37
436065,-0.14,-4.17
436088,0.08,2.18
436111,-0.00,-0.33
436134,-0.17,-4.56
436157,0.09,2.58
436180,-0.16,-4.03
436204,0.00,0.33
436227,0.09,2.31
436250,-0.18,-4.96
436273,0.06,1.79
436296,-0.11,-3.11
436319,-0.09,-2.05
436342,0.12,3.24
436366,-0.15,-4.17
436388,0.09,2.45
436412,-0.04,-1.39
436434,-0.17,-4.70
436458,0.11,3.24
436482,-0.13,-3.51
436504,0.05,1.52
436528,0.05,0.86
436550,-0.19,-5.22
436574,0.08,2.18
436596,-0.14,-4.03
436623,0.06,1.79
436646,-0.12,-3.51
436670,-0.08,-1.65
436692,0.11,2.98
436716,-0.15,-4.17
436739,0.08,2.05
436762,-0.05,-1.65
436786,-0.16,-4.30
436808,0.11,3.24
436832,-0.13,-3.51
436854,0.06,1.65
436878,0.03,0.33
436901,-0.20,-5.22
436933,-0.17,-4.70
436968,-0.20,-5.36
436990,0.09,2.58
437014,-0.15,-4.17
437037,-0.03,-0.60
437060,0.11,2.98
437084,-0.17,-4.70
437106,0.06,1.52
437130,-0.10,-2.84
437152,-0.12,-2.98
437176,0.12,3.24
437199,-0.14,-3.77
437222,0.08,2.45
437245,-0.02,-0.73
437272,0.06,1.79
437295,0.01,0.07
437318,-0.19,-5.09
437341,0.10,2.71
437364,-0.16,-4.30
437388,-0.03,-0.60
437410,0.11,2.98
437434,-0.19,-5.36
437456,0.06,1.65
437480,-0.10,-2.84
437504,-0.11,-2.58
437526,0.13,3.51
437550,-0.15,-4.17
437573,0.08,2.18
437596,-0.04,-1.39
437619,-0.17,-4.56
437642,0.09,2.58
437665,-0.11,-2.84
437689,0.05,1.52
437711,0.04,0.73
437735,-0.18,-4.83
437757,0.08,2.05
437781,-0.15,-4.17
437805,-0.04,-0.86
437827,0.11,2.84
437851,-0.17,-4.70
437873,0.08,2.18
437895,0.11,2.84
437917,-0.18,-5.09
437941,0.06,1.65
437963,-0.11,-3.24
437987,-0.11,-2.45
438010,0.12,3.24
438033,-0.15,-4.03
438056,0.09,2.45
438079,-0.04,-1.12
438103,-0.16,-4.30
438126,0.10,2.71
438149,-0.12,-3.24
438172,0.05,1.39
438196,0.04,0.86
438218,-0.19,-5.09
438242,0.09,2.45
438264,-0.15,-4.30
438288,-0.04,-0.86
438311,0.12,3.37
438334,-0.17,-4.96
438358,0.07,1.92
438381,-0.10,-2.98
438404,-0.12,-2.84
438427,0.12,3.24
438450,-0.14,-4.03
438473,0.10,2.58
438500,-0.13,-3.64
438523,0.07,1.92
438546,-0.02,-0.86
438569,-0.17,-4.70
438593,0.09,2.45
438616,-0.14,-3.51
438639,0.04,1.26
438663,0.08,1.79
438685,-0.20,-5.36
438709,0.09,2.45
438732,-0.16,-4.56
438755,-0.05,-0.99
438778,0.12,3.11
438801,-0.16,-4.43
438824,0.06,1.52
438848,-0.10,-2.71
438871,-0.11,-2.71
438894,0.11,2.84
438934,-0.13,-3.37
438958,0.08,2.18
438980,-0.03,-1.12
439004,-0.17,-4.56
439027,0.11,3.24
439050,-0.13,-3.51
439073,0.04,1.26
439096,0.06,1.12
439119,-0.21,-5.75
439156,0.00,0.46
439179,0.09,2.18
439202,-0.19,-5.22
439226,0.06,1.92
439248,-0.11,-3.24
439272,-0.07,-1.65
439294,0.11,2.98
439318,-0.15,-4.03
439342,0.09,2.05
439364,-0.06,-1.92
439388,-0.17,-4.30
439411,0.13,3.77
439434,-0.13,-3.64
439457,0.07,1.92
439480,0.03,0.33
439503,-0.20,-5.36
439527,0.09,2.45
439549,-0.15,-4.17
439573,-0.02,-0.33
439596,0.10,2.58
439619,-0.15,-4.30
439643,0.06,1.39
439665,-0.11,-2.98
439689,-0.11,-2.45
439711,0.12,3.37
439735,-0.15,-4.30
439758,0.10,2.71
439785,-0.15,-4.03
439808,0.07,2.18
439831,-0.00,-0.20
439854,-0.19,-4.96
439877,0.09,2.58
439901,-0.14,-3.77
439923,0.00,0.33
439947,0.09,2.31
439969,-0.17,-4.83
439993,0.06,1.79
440016,-0.11,-3.37
440039,-0.09,-2.05
440062,0.12,3.24
440085,-0.16,-4.30
440109,0.10,2.45
440132,-0.04,-1.12
440155,-0.17,-4.70
440178,0.11,3.11
440201,-0.11,-2.98
440224,0.04,1.12
440248,0.04,0.60
440270,-0.18,-4.96
440294,0.08,2.05
440316,-0.14,-4.03
440340,-0.04,-0.86
440364,0.11,3.11
440386,-0.16,-4.43
440413,0.12,3.24
440436,-0.17,-4.70
440459,0.09,2.18
440482,-0.06,-1.79
440506,-0.16,-4.03
440528,0.12,3.24
440552,-0.11,-3.24
440576,0.05,1.65
440598,0.01,0.07
440622,-0.19,-5.09
440644,0.09,2.58
440668,-0.15,-4.30
440691,-0.03,-0.33
440714,0.11,2.84
440737,-0.18,-4.96
440760,0.06,1.79
440783,-0.10,-2.98
440807,-0.11,-2.58
440829,0.11,3.11
440853,-0.14,-4.03
440882,0.02,0.20
440915,-0.04,-1.26
440939,-0.17,-4.56
440963,0.11,2.98
440985,-0.13,-3.24
441009,0.03,1.12
441031,0.06,1.26
441058,-0.00,0.33
441081,0.10,2.31
441104,-0.17,-4.83
441127,0.05,1.26
441151,-0.11,-3.24
441174,-0.09,-2.05
441197,0.12,3.24
441220,-0.14,-4.03
441243,0.09,2.45
441267,-0.03,-0.99
441289,-0.17,-4.56
441313,0.10,2.84
441335,-0.12,-3.24
441359,0.04,1.12
441382,0.06,1.12
441405,-0.18,-5.09
441428,0.07,2.05
441451,-0.13,-3.90
441475,-0.05,-1.12
441498,0.11,3.11
441521,-0.16,-4.56
441544,0.07,1.79
441568,-0.08,-2.31
441590,-0.14,-3.51
441614,0.12,3.24
441636,-0.12,-3.64
441660,0.07,2.05
441687,-0.11,-3.24
441710,0.05,1.65
441733,0.02,0.20
441756,-0.19,-4.96
441779,0.09,2.45
441802,-0.15,-4.30
441826,-0.03,-0.60
441848,0.11,2.98
441872,-0.16,-4.56
441894,0.06,1.39
441918,-0.10,-2.71
441942,-0.11,-2.71
441964,0.12,3.24
441988,-0.13,-3.64
442010,0.09,2.58
442034,-0.02,-0.86
442057,-0.18,-4.96
442080,0.09,2.58
442103,-0.14,-3.64
442126,0.02,0.73
442149,0.09,1.92
442173,-0.18,-4.96
442195,0.06,1.79
442219,-0.12,-3.64
442242,-0.07,-1.52
442265,0.11,2.84
442292,-0.10,-2.18
442315,0.12,3.37
442338,-0.15,-4.17
442361,0.09,2.31
442384,-0.04,-1.26
442407,-0.17,-4.70
442431,0.11,2.98
442454,-0.11,-3.11
442477,0.04,1.39
442501,0.04,0.73
442523,-0.18,-4.83
442547,0.08,2.05
442569,-0.14,-4.17
442593,-0.04,-0.86
442616,0.11,3.11
442639,-0.16,-4.30
442662,0.08,1.79
442685,-0.09,-2.58
442708,-0.14,-3.51
442732,0.12,3.37
442755,-0.13,-3.64
442778,0.08,2.18
442801,-0.01,-0.60
442824,-0.17,-4.56
442853,-0.16,-4.43
442887,-0.16,-4.30
442910,-0.01,-0.07
442937,-0.16,-4.17
442960,-0.03,-0.46
442983,0.11,2.84
443006,-0.16,-4.56
443029,0.05,1.39
443053,-0.10,-2.84
443076,-0.12,-2.84
443099,0.12,3.37
443122,-0.14,-3.77
443145,0.09,2.45
443168,-0.02,-0.73
443192,-0.18,-4.70
443214,0.10,2.71
443238,-0.14,-3.64
443260,0.02,0.73
443284,0.08,1.79
443308,-0.18,-4.96
443330,0.07,1.92
443354,-0.13,-3.64
443376,-0.06,-1.26
443400,0.11,2.98
443423,-0.15,-4.17
443446,0.09,2.05
443469,-0.07,-2.18
443493,-0.15,-3.90
443515,0.11,3.11
443539,-0.12,-3.37
443566,0.11,3.37
443588,-0.11,-3.11
443612,0.04,1.26
443635,0.03,0.46
443658,-0.20,-5.36
443681,0.09,2.31
443704,-0.14,-3.90
443727,-0.03,-0.60
443751,0.11,2.98
443773,-0.16,-4.43
443797,0.05,1.26
443820,-0.09,-2.58
443843,-0.12,-2.84
443867,0.12,3.24
443889,-0.14,-3.77
443913,0.09,2.45
443935,-0.01,-0.60
443959,-0.17,-4.70
443982,0.09,2.58
444005,-0.14,-3.64
444028,0.02,0.86
444051,0.08,1.92
444075,-0.18,-4.83
444098,0.07,2.18
444121,-0.13,-3.64
444144,-0.06,-1.39
444168,0.11,2.84
444205,-0.12,-3.64
444227,-0.08,-1.65
444251,0.11,3.11
444273,-0.17,-4.70
444297,0.09,2.31
444320,-0.05,-1.65
444343,-0.15,-3.64
444366,0.12,3.37
444390,-0.13,-3.64
444412,0.06,1.92
444436,-0.00,-0.46
444460,-0.19,-4.96
444482,0.09,2.45
444506,-0.14,-3.77
444528,0.00,0.46
444552,0.11,2.58
444575,-0.18,-4.96
444598,0.05,1.39
444621,-0.11,-3.37
444644,-0.07,-1.52
444667,0.11,2.84
444691,-0.15,-4.30
444713,0.10,2.31
444737,-0.06,-1.92
444761,-0.16,-4.03
444783,0.12,3.51
444816,0.10,2.58
444848,0.07,1.52
444870,-0.07,-1.92
444894,-0.15,-3.77
444917,0.12,3.24
444940,-0.12,-3.51
444963,0.06,1.92
444986,-0.00,-0.33
445009,-0.19,-4.96
445033,0.09,2.45
445056,-0.15,-3.90
445079,0.00,0.33
445102,0.10,2.45
445125,-0.17,-4.83
445149,0.05,1.52
445171,-0.11,-3.37
445195,-0.07,-1.65
445218,0.11,3.11
445241,-0.15,-4.17
445264,0.09,2.31
445287,-0.06,-1.92
445310,-0.17,-4.43
445334,0.12,3.51
445357,-0.12,-3.51
445380,0.07,2.05
445404,0.01,0.07
445426,-0.18,-4.70
445453,0.03,0.60
445476,-0.19,-5.09
445499,0.09,2.45
445522,-0.14,-4.03
445546,-0.03,-0.46
445569,0.11,2.98
445592,-0.17,-4.83
445616,0.06,1.52
445638,-0.10,-2.98
445662,-0.11,-2.58
445684,0.12,3.24
445708,-0.13,-3.90
445731,0.09,2.31
445754,-0.05,-1.65
445777,-0.17,-4.56
445801,0.10,2.98
445824,-0.13,-3.51
445847,0.05,1.52
445870,0.04,0.60
445893,-0.20,-5.22
445917,0.10,2.58
445939,-0.15,-4.17
445963,-0.03,-0.60
445986,0.09,2.45
446009,-0.16,-4.70
446032,0.07,1.65
446055,-0.10,-2.84
446082,0.06,1.52
446105,-0.09,-2.58
446129,-0.14,-3.37
446151,0.13,3.64
446175,-0.13,-3.77
446198,0.08,2.18
446221,-0.02,-0.86
446244,-0.17,-4.56
446267,0.09,2.31
446290,-0.13,-3.51
446314,0.03,1.12
446337,0.07,1.26
446360,-0.19,-5.22
446383,0.08,2.31
446406,-0.14,-4.17
446430,-0.05,-0.99
446452,0.12,3.11
446476,-0.16,-4.30
446499,0.05,1.12
446522,-0.10,-2.71
446545,-0.12,-2.84
446569,0.12,3.37
446592,-0.14,-3.90
446615,0.10,2.71
446638,-0.03,-0.86
446661,-0.18,-4.70
446685,0.11,2.98
446711,-0.18,-4.83
446734,0.11,2.98
446757,-0.14,-3.64
446787,0.09,2.18
446821,-0.01,-0.46
446844,-0.17,-4.70
446868,0.08,2.31
446891,-0.15,-3.77
446914,0.01,0.73
446937,0.09,1.92
446960,-0.19,-5.09
446984,0.08,2.18
447006,-0.15,-4.03
447030,-0.07,-1.52
447052,0.11,2.84
447076,-0.15,-4.30
447099,0.08,1.92
447122,-0.13,-3.90
447145,-0.15,-3.77
447169,0.12,3.37
447192,-0.13,-3.77
447215,0.08,2.31
447238,-0.00,-0.33
447261,-0.17,-4.43
447285,0.10,2.58
447307,-0.13,-3.51
447331,0.01,0.60
447357,-0.16,-4.17
447381,-0.01,0.20
447404,0.10,2.45
447427,-0.17,-4.83
447450,0.07,2.18
447473,-0.12,-3.37
447497,-0.08,-1.92
447519,0.11,2.98
447543,-0.17,-4.70
447566,0.09,2.18
447589,-0.06,-1.79
447612,-0.14,-3.51
447636,0.13,3.77
447659,-0.14,-4.03
447682,0.07,1.92
447705,-0.01,-0.46
447728,-0.19,-4.96
447752,0.11,3.11
447774,-0.13,-3.24
447798,0.03,0.99
447820,0.08,1.65
447844,-0.19,-5.22
447867,0.05,1.65
447890,-0.14,-3.90
447913,-0.05,-0.99
447937,0.11,2.98
447964,-0.07,-1.65
447986,0.11,2.98
448010,-0.17,-4.70
448033,0.09,2.05
448056,-0.06,-1.92
448079,-0.15,-3.77
448102,0.14,3.77
448125,-0.12,-3.51
448149,0.06,1.92
448172,-0.01,-0.46
448195,-0.18,-4.70
448219,0.09,2.45
448241,-0.14,-3.64
448265,0.03,0.99
448287,0.09,1.92
448311,-0.19,-5.09
448334,0.07,1.92
448357,-0.16,-4.56
448380,-0.06,-1.26
448403,0.10,2.71
448427,-0.16,-4.43
448450,0.07,1.65
448473,-0.08,-2.31
448496,-0.12,-2.98
448520,0.13,3.51
448542,-0.15,-4.43
448566,0.08,2.31
448689,-0.03,-1.26
448766,0.01,0.33
448790,-0.19,-4.96
448814,-0.11,-2.58
448836,0.11,2.84
448860,-0.15,-4.17
448883,0.11,2.71
448906,-0.05,-1.65
448950,0.08,2.18
448973,-0.10,-2.84
448996,-0.14,-3.37
449019,0.11,2.84
449043,-0.14,-4.03
449065,0.11,2.98
449089,-0.02,-0.73
449112,-0.17,-4.70
449135,0.11,3.11
449159,-0.15,-4.03
449181,0.03,1.12
449205,0.05,0.86
449228,-0.18,-4.96
449251,0.10,2.84
449274,-0.13,-3.77
449297,-0.04,-0.86
449320,0.10,2.58
449344,-0.19,-5.49
449367,0.05,1.39
449403,0.11,2.71
449427,-0.21,-5.62
449451,0.06,1.52
449473,-0.09,-2.58
449497,-0.10,-2.31
449520,0.13,3.51
449543,-0.14,-4.03
449566,0.07,1.79
449590,-0.11,-3.37
449612,-0.17,-4.30
449636,0.12,3.51
449659,-0.11,-3.24
449682,0.08,2.45
449705,0.01,-0.20
449728,-0.17,-4.43
449752,0.08,2.31
449775,-0.13,-3.51
449798,0.02,0.86
449821,0.08,1.92
449845,-0.17,-4.83
449867,0.09,2.58
449891,-0.15,-4.17
449914,-0.05,-1.26
449937,0.11,2.84
449960,-0.18,-4.96
449984,0.07,1.65
450007,-0.10,-2.84
450033,0.06,1.39
450057,-0.10,-2.71
450080,-0.12,-2.98
450103,0.13,3.51
450126,-0.14,-4.03
450149,0.09,2.45
450172,-0.03,-1.12
450196,-0.17,-4.56
450219,0.11,3.11
450242,-0.12,-3.24
450266,0.06,1.65
450288,0.03,0.33
450312,-0.18,-4.83
450335,0.09,2.31
450358,-0.16,-4.30
450381,-0.01,-0.07
450404,0.10,2.45
450427,-0.19,-5.22
450451,0.06,1.92
450473,-0.11,-3.37
450497,-0.07,-1.65
450521,0.11,2.98
450543,-0.14,-3.90
450567,0.07,1.52
450590,-0.08,-2.31
450613,-0.13,-3.24
450636,0.12,3.24
450663,-0.15,-3.90
450685,0.13,3.51
450709,-0.14,-3.90
450733,0.08,2.31
450755,-0.00,-0.33
450779,-0.18,-4.96
450802,0.09,2.58
450825,-0.13,-3.24
450848,0.03,0.86
450872,0.07,1.39
450900,0.05,1.26
450932,0.08,2.31
450956,-0.01,-0.60
450978,-0.19,-4.96
451002,0.11,2.98
451025,-0.14,-3.77
451048,0.02,0.86
451072,0.08,1.65
451094,-0.18,-4.96
451118,0.08,2.18
451141,-0.14,-4.03
451164,-0.03,-0.60
451187,0.10,2.58
451211,-0.18,-5.09
451234,0.06,1.79
451257,-0.13,-3.90
451280,-0.08,-1.65
451307,-0.12,-3.37
451331,-0.07,-1.52
451354,0.11,2.98
451377,-0.16,-4.30
451400,0.06,1.52
451424,-0.11,-3.11
451446,-0.09,-1.92
451470,0.12,3.11
451493,-0.16,-4.43
451517,0.09,2.18
451539,-0.09,-2.71
451563,-0.13,-3.11
451587,0.12,3.24
451609,-0.15,-4.17
451633,0.09,2.45
451656,-0.06,-2.18
451680,-0.15,-3.90
451702,0.12,3.24
451726,-0.13,-3.77
451749,0.08,2.18
451772,-0.02,-0.86
451795,-0.17,-4.56
451819,0.12,3.24
451843,-0.13,-3.51
451865,0.07,2.05
451889,-0.01,-0.46
451915,0.07,2.18
451939,-0.01,-0.46
451962,-0.17,-4.56
451985,0.09,2.58
452008,-0.13,-3.37
452032,0.03,1.12
452055,0.04,0.73
452078,-0.19,-5.09
452102,0.11,2.84
452124,-0.14,-3.77
452148,0.00,0.46
452171,0.09,2.05
452195,-0.20,-5.49
452217,0.06,1.92
452241,-0.13,-3.51
452264,-0.02,-0.20
452288,0.10,2.45
452311,-0.17,-4.83
452334,0.07,2.18
452358,-0.15,-4.30
452381,-0.04,-0.86
452404,0.11,2.98
452427,-0.18,-4.96
452451,0.07,2.05
452473,-0.12,-3.64
452497,-0.07,-1.52
452520,0.10,2.58
452547,-0.07,-1.65
452571,0.11,2.98
452593,-0.16,-4.43
452617,0.09,2.18
452640,-0.11,-3.11
452664,-0.10,-2.45
452686,0.12,3.37
452710,-0.17,-4.70
452733,0.09,2.05
452756,-0.05,-1.65
452780,-0.14,-3.64
452803,0.12,3.24
452826,-0.13,-3.77
452849,0.07,2.05
452879,-0.18,-4.83
452914,-0.07,-1.65
452937,0.11,2.98
452960,-0.17,-4.56
452983,0.08,2.05
453006,-0.09,-2.98
453029,-0.14,-3.51
453053,0.11,2.84
453075,-0.15,-4.30
453099,0.09,2.58
453123,-0.02,-0.60
453145,-0.17,-4.43
453169,0.12,3.37
453195,-0.19,-5.09
453219,0.09,2.31
453241,-0.14,-3.77
453265,0.03,0.99
453287,0.09,1.92
453311,-0.17,-4.70
453335,0.08,2.05
453357,-0.15,-4.17
453381,-0.05,-0.99
453404,0.11,2.71
453427,-0.17,-4.56
453450,0.06,1.65
453474,-0.11,-3.11
453496,-0.09,-2.05
453520,0.13,3.51
453543,-0.16,-4.43
453566,0.09,2.18
453590,-0.06,-1.92
453613,-0.15,-3.90
453636,0.11,3.11
453659,-0.12,-3.37
453683,0.08,2.18
453705,-0.02,-0.86
453729,-0.17,-4.56
453752,0.11,3.24
453775,-0.13,-3.37
453801,0.10,2.71
453825,-0.16,-4.17
453849,0.02,0.86
453871,0.06,1.26
453895,-0.18,-4.83
453918,0.09,2.45
453941,-0.15,-4.17
453964,-0.03,-0.60
453988,0.11,2.84
454010,-0.19,-5.22
454034,0.06,1.79
454056,-0.11,-3.24
454080,-0.08,-1.92
454104,0.12,3.24
454126,-0.15,-4.30
454150,0.07,1.79
454173,-0.07,-2.05
454196,-0.14,-3.64
454219,0.12,3.11
454243,-0.13,-3.64
454266,0.09,2.45
454289,-0.03,-0.99
454312,-0.17,-4.56
454336,0.12,3.51
454359,-0.13,-3.64
454382,0.06,1.79
454406,0.01,-0.20
454443,-0.12,-3.24
454465,0.05,1.52
454489,0.00,-0.20
454512,-0.19,-4.96
454535,0.09,2.58
454558,-0.14,-3.90
454582,0.01,0.60
454604,0.09,1.92
454628,-0.20,-5.22
454651,0.08,2.18
454674,-0.15,-4.17
454697,-0.03,-0.60
454721,0.10,2.58
454744,-0.15,-4.30
454767,0.07,1.79
454791,-0.12,-3.37
454813,-0.09,-2.05
454837,0.13,3.37
454874,-0.13,-3.77
454898,-0.03,-0.33
454921,0.10,2.58
454944,-0.18,-5.09
454968,0.07,1.92
454990,-0.11,-3.37
455014,-0.07,-1.52
455037,0.11,2.84
455060,-0.16,-4.56
455087,0.12,3.24
455110,-0.16,-4.30
455133,0.09,2.31
455156,-0.06,-1.92
455180,-0.16,-4.17
455202,0.13,3.51
455226,-0.12,-3.64
455249,0.07,2.05
455272,-0.02,-0.60
455296,-0.16,-4.30
455319,0.10,2.71
455342,-0.12,-3.24
455365,0.04,1.26
455389,0.06,1.12
455411,-0.19,-5.22
455435,0.09,2.45
455457,-0.16,-4.30
455481,-0.03,-0.60
455504,0.11,2.71
455527,-0.16,-4.70
455550,0.05,1.39
455574,-0.12,-3.51
455597,-0.08,-1.79
455620,0.11,2.98
455644,-0.17,-4.70
455666,0.09,2.18
455690,-0.07,-2.05
455716,0.10,2.31
455740,-0.05,-1.52
455762,-0.16,-4.17
455786,0.11,2.98
455810,-0.12,-3.51
455832,0.08,2.31
455856,-0.01,-0.46
455879,-0.17,-4.56
455902,0.11,2.98
455925,-0.15,-3.90
455949,0.02,0.86
455971,0.07,1.39
455995,-0.20,-5.49
456018,0.09,2.58
456041,-0.13,-3.77
456065,-0.04,-0.73
456088,0.10,2.58
456111,-0.17,-4.83
456134,0.05,1.26
456157,-0.15,-4.30
456180,-0.08,-1.79
456204,0.13,3.51
456226,-0.15,-4.30
456250,0.08,2.05
456273,-0.07,-2.05
456296,-0.16,-3.90
456320,0.11,3.11
456346,-0.15,-4.03
456370,0.11,3.11
456392,-0.11,-3.24
456416,0.07,1.92
456439,-0.01,-0.46
456462,-0.19,-4.96
456485,0.11,2.84
456509,-0.13,-3.51
456531,0.03,0.99
456555,0.08,1.79
456578,-0.18,-4.96
456601,0.08,2.31
456625,-0.15,-4.17
456647,-0.04,-0.86
456671,0.10,2.58
456694,-0.16,-4.43
456717,0.06,1.65
456740,-0.11,-3.11
456764,-0.09,-2.05
456786,0.14,3.64
456810,-0.17,-4.70
456850,0.06,1.79
456873,-0.06,-1.79
456896,-0.16,-4.17
456920,0.11,3.24
456943,-0.11,-3.11
456970,0.11,3.11
456992,-0.13,-3.64
457016,0.06,2.05
457038,0.02,0.07
457062,-0.19,-5.09
457085,0.11,3.11
457108,-0.15,-4.03
457132,-0.01,0.20
457155,0.09,2.18
457178,-0.19,-5.22
457201,0.06,1.92
457224,-0.14,-3.90
457247,-0.05,-1.12
457271,0.12,3.11
457293,-0.17,-4.83
457317,0.07,1.79
457340,-0.08,-2.58
457363,-0.13,-3.11
457387,0.14,3.77
457410,-0.14,-4.03
457433,0.08,2.18
457456,-0.04,-1.26
457480,-0.15,-4.17
457502,0.11,3.11
457526,-0.10,-2.71
457549,0.06,1.79
457572,0.02,0.07
457598,0.03,1.12
457622,0.06,1.26
457645,-0.20,-5.22
457668,0.10,2.84
457692,-0.15,-4.30
457714,-0.04,-0.86
457738,0.10,2.71
457761,-0.17,-4.56
457784,0.05,1.26
457807,-0.11,-3.11
457831,-0.08,-1.79
457853,0.12,3.11
457877,-0.17,-4.56
457901,0.08,2.05
457923,-0.07,-2.31
457947,-0.15,-3.77
457970,0.13,3.64
457993,-0.14,-4.03
458016,0.07,2.05
458040,-0.01,-0.73
458062,-0.17,-4.70
458086,0.09,2.45
458109,-0.12,-3.24
458132,0.04,1.39
458156,0.04,0.60
458178,-0.19,-5.22
458202,0.10,2.45
458228,-0.21,-5.62
458252,0.09,2.58
458274,-0.15,-4.03
458298,-0.04,-0.86
458321,0.11,2.84
458344,-0.17,-4.70
458368,0.04,1.12
458391,-0.10,-2.98
458414,-0.09,-2.05
458437,0.12,3.37
458460,-0.15,-4.03
458483,0.09,2.45
458507,-0.05,-1.65
458529,-0.18,-4.56
458553,0.13,3.64
458576,-0.13,-3.77
458600,0.07,2.05
458622,0.00,-0.20
458646,-0.18,-4.70
458669,0.08,2.18
458692,-0.11,-2.84
458716,0.01,0.73
458738,0.08,1.79
458762,-0.20,-5.36
458784,0.08,2.18
458824,-0.11,-3.11
458848,-0.05,-1.12
458874,-0.14,-3.90
458898,-0.06,-1.26
458921,0.10,2.71
458944,-0.16,-4.43
458968,0.05,1.39
458991,-0.11,-3.11
459014,-0.11,-2.45
459037,0.13,3.51
459061,-0.14,-3.90
459083,0.09,2.45
459107,-0.05,-1.65
459130,-0.17,-4.30
459153,0.11,3.11
459176,-0.12,-3.37
459200,0.07,2.18
459223,-0.01,-0.46
459246,-0.17,-4.70
459270,0.10,2.71
459292,-0.13,-3.37
459316,0.03,1.26
459339,0.05,0.99
459362,-0.20,-5.36
459385,0.10,2.84
459409,-0.14,-4.03
459431,-0.03,-0.33
459455,0.09,2.45
459479,-0.17,-4.83
459515,-0.01,-0.07
459539,0.10,2.31
459561,-0.20,-5.49
459585,0.08,2.31
459608,-0.13,-3.77
459631,-0.06,-1.52
459655,0.12,3.11
459677,-0.17,-4.70
459701,0.07,1.52
459724,-0.09,-2.71
459748,-0.11,-2.58
459770,0.11,3.11
459794,-0.13,-3.64
459817,0.09,2.31
459840,-0.05,-1.52
459864,-0.17,-4.43
459887,0.12,3.51
459910,-0.13,-3.64
459933,0.07,2.18
459957,0.00,-0.07
459979,-0.18,-4.83
460003,0.09,2.58
460026,-0.12,-3.11
460049,0.02,0.86
460072,0.07,1.52
460095,-0.19,-5.09
460122,0.10,2.18
460145,-0.20,-5.36
460169,0.08,2.18
460191,-0.15,-4.30
460215,-0.06,-1.26
460238,0.11,3.11
460261,-0.17,-4.70
460284,0.05,1.39
460308,-0.15,-4.17
460332,-0.10,-2.18
460354,0.11,3.11
460378,-0.15,-4.17
460401,0.09,2.31
460424,-0.06,-1.79
460447,-0.16,-4.17
460471,0.14,3.90
460493,-0.14,-4.17
460517,0.07,2.05
460540,-0.01,-0.46
460563,-0.17,-4.56
460587,0.10,2.71
460610,-0.12,-2.98
460633,0.05,1.52
460656,0.04,0.73
460680,-0.19,-5.09
460702,0.09,2.58
460726,-0.16,-4.30
460752,0.10,2.71
460789,0.09,2.18
460813,-0.20,-5.22
460836,0.09,2.31
460859,-0.15,-3.90
460882,-0.01,0.20
460906,0.08,2.05
460929,-0.17,-4.83
460952,0.06,1.79
460976,-0.16,-4.43
460998,-0.05,-1.26
461022,0.12,3.24
461045,-0.17,-4.70
461068,0.07,1.65
461091,-0.10,-2.98
461115,-0.12,-2.98
461137,0.11,3.11
461161,-0.14,-3.90
461185,0.09,2.31
461207,-0.04,-1.39
461231,-0.16,-4.30
461254,0.12,3.64
461277,-0.12,-3.64
461300,0.06,1.92
461324,0.00,-0.07
461346,-0.19,-5.09
461370,0.10,2.84
461396,-0.18,-4.83
461420,0.08,2.18
461443,-0.14,-3.51
461466,-0.00,0.20
461490,0.09,2.05
461512,-0.19,-5.22
461536,0.10,2.84
461558,-0.12,-3.64
461582,-0.06,-1.26
461605,0.12,3.24
461629,-0.18,-4.96
461651,0.06,1.52
461675,-0.09,-2.71
461699,-0.11,-2.45
461721,0.12,3.37
461745,-0.14,-4.03
461768,0.07,1.65
461791,-0.07,-2.18
461814,-0.18,-4.56
461838,0.12,3.37
461860,-0.13,-3.77
461884,0.09,2.45
461907,-0.00,-0.46
461930,-0.20,-5.22
461954,0.07,2.05
461977,-0.14,-3.51
462000,0.02,0.99
462026,-0.13,-3.51
462050,0.01,0.46
462072,0.07,1.52
462096,-0.21,-5.75
462119,0.08,2.18
462142,-0.14,-4.03
462166,-0.05,-1.12
462189,0.12,3.11
462212,-0.17,-4.96
462235,0.04,1.12
462259,-0.11,-3.24
462282,-0.10,-2.18
462305,0.10,2.71
462328,-0.14,-3.90
462352,0.09,2.18
462374,-0.08,-2.45
462398,-0.16,-4.03
462422,0.11,3.24
462444,-0.15,-4.43
462468,0.09,2.58
462491,-0.02,-0.73
462514,-0.17,-4.70
462537,0.09,2.58
462561,-0.13,-3.37
462583,0.04,1.26
462607,0.01,0.07
462630,-0.19,-5.09
462657,0.04,0.73
462680,-0.21,-5.62
462703,0.07,1.92
462726,-0.16,-4.43
462768,0.04,1.12
462791,-0.03,-1.12
462814,-0.17,-4.56
462837,0.11,2.98
462861,-0.13,-3.51
462884,0.04,1.26
462907,-0.00,-0.33
462930,-0.20,-5.36
462954,0.11,2.98
462977,-0.15,-3.90
463000,0.00,0.33
463023,0.09,2.05
463046,-0.22,-6.02
463070,0.05,1.65
463092,-0.13,-3.77
463116,-0.05,-1.26
463139,0.11,2.84
463162,-0.15,-4.17
463185,0.04,0.86
463209,-0.11,-3.24
463232,-0.12,-2.71
463255,0.12,3.37
463282,-0.13,-3.11
463305,0.13,3.64
463328,-0.17,-4.70
463351,0.07,1.79
463375,-0.04,-1.39
463397,-0.17,-4.43
463421,0.11,3.11
463444,-0.11,-3.11
463467,0.05,1.52
463491,-0.00,-0.33
463514,-0.20,-5.22
463537,0.10,2.58
463560,-0.15,-4.03
463584,0.02,0.73
463606,0.07,1.52
463630,-0.18,-5.22
463653,0.06,1.79
463676,-0.15,-4.17
463699,-0.05,-0.99
463723,0.10,2.45
463746,-0.18,-5.09
463769,0.07,1.79
463793,-0.11,-3.11
463815,-0.10,-2.31
463839,0.13,3.37
463862,-0.17,-4.70
463885,0.08,1.92
463911,-0.15,-4.17
463935,0.08,2.05
463959,-0.06,-1.79
463981,-0.16,-4.17
464005,0.11,2.98
464028,-0.14,-3.90
464051,0.07,1.92
464074,-0.01,-0.60
464098,-0.20,-5.36
464120,0.11,2.98
464144,-0.15,-3.77
464167,0.02,0.86
464190,0.06,1.12
464214,-0.20,-5.49
464237,0.06,1.79
464260,-0.15,-4.17
464283,-0.03,-0.46
464307,0.09,2.45
464329,-0.17,-4.96
464353,0.07,1.79
464376,-0.13,-3.77
464399,-0.08,-1.92
464422,0.11,2.98
464446,-0.17,-4.70
464468,0.08,1.92
464492,-0.08,-2.31
464516,-0.14,-3.37
464552,0.07,1.52
464575,-0.10,-2.84
464599,-0.12,-2.98
464622,0.12,3.24
464645,-0.17,-4.83
464668,0.09,2.31
464692,-0.06,-1.79
464720,0.10,2.71
464753,0.05,1.39
464776,-0.12,-3.37
464799,-0.07,-1.52
464823,0.11,2.71
464845,-0.15,-4.03
464869,0.06,1.26
464892,-0.09,-2.71
464915,-0.13,-3.24
464939,0.13,3.64
464962,-0.14,-4.17
464986,0.10,2.58
465008,-0.04,-1.39
465032,-0.18,-4.70
465055,0.11,3.11
465078,-0.13,-3.64
465101,0.06,1.92
465125,-0.01,-0.46
465147,-0.16,-4.43
465171,0.10,2.71
465198,-0.19,-4.83
465221,0.11,2.84
465244,-0.16,-4.17
465267,0.03,1.12
465291,0.07,1.39
465313,-0.19,-5.22
465337,0.09,2.58
465360,-0.15,-4.17
465383,-0.03,-0.60
465406,0.09,2.18
465430,-0.18,-4.96
465454,0.06,1.92
465476,-0.13,-3.64
465500,-0.06,-1.26
465523,0.12,3.37
465546,-0.18,-5.09
465569,0.07,1.65
465593,-0.10,-2.71
465615,-0.11,-2.58
465639,0.13,3.37
465662,-0.14,-3.90
465685,0.08,2.05
465709,-0.06,-1.79
465732,-0.15,-3.90
465756,0.11,3.24
465778,-0.13,-3.90
465805,0.13,3.64
465828,-0.13,-3.77
465852,0.07,2.05
465874,-0.01,-0.46
465898,-0.18,-4.83
465922,0.10,2.98
465944,-0.13,-3.51
465968,0.03,1.12
465991,0.04,0.73
466014,-0.19,-4.96
466037,0.09,2.31
466061,-0.15,-4.30
466083,-0.02,-0.20
466107,0.10,2.58
466130,-0.19,-5.36
466153,0.07,2.05
466177,-0.12,-3.37
466200,-0.06,-1.39
466223,0.11,2.84
466246,-0.15,-4.17
466270,0.06,1.26
466292,-0.10,-2.84
466316,-0.10,-2.31
466339,0.13,3.51
466363,-0.16,-4.30
466385,0.10,2.45
466409,-0.05,-1.79
466436,0.10,2.71
466459,-0.04,-1.26
466482,-0.17,-4.43
466505,0.11,3.37
466529,-0.11,-3.24
466551,0.06,1.79
466575,-0.02,-0.60
466598,-0.17,-4.56
466622,0.10,2.84
466644,-0.14,-3.51
466668,0.04,1.26
466697,-0.20,-5.49
466731,-0.21,-5.62
466754,0.08,2.31
466778,-0.15,-4.17
466800,-0.04,-0.73
466824,0.10,2.45
466847,-0.16,-4.56
466870,0.05,1.39
466893,-0.11,-3.24
466917,-0.07,-1.52
466939,0.11,3.11
466963,-0.18,-4.83
466987,0.09,2.31
467009,-0.09,-2.58
467033,-0.13,-3.24
467056,0.13,3.51
467083,-0.14,-3.64
467106,0.12,3.24
467129,-0.13,-3.64
467152,0.08,2.18
467176,-0.04,-1.26
467198,-0.17,-4.43
467222,0.12,3.37
467246,-0.13,-3.64
467268,0.06,1.92
467292,0.01,0.07
467315,-0.19,-4.96
467338,0.08,2.18
467361,-0.14,-3.64
467385,0.02,0.73
467407,0.07,1.39
467431,-0.18,-4.83
467454,0.08,2.31
467477,-0.15,-4.30
467501,-0.04,-0.60
467524,0.11,2.98
467547,-0.19,-5.36
467570,0.08,2.18
467594,-0.12,-3.37
467617,-0.07,-1.65
467640,0.11,2.98
467663,-0.15,-4.17
467687,0.06,1.52
467714,-0.14,-3.90
467736,0.08,1.92
467760,-0.08,-2.45
467783,-0.14,-3.37
467806,0.14,3.64
467829,-0.16,-4.56
467853,0.09,2.18
467875,-0.03,-1.12
467899,-0.17,-4.43
467922,0.11,3.37
467946,-0.13,-3.51
467969,0.06,1.79
467992,-0.00,-0.33
468016,-0.18,-4.70
468038,0.11,2.98
468062,-0.14,-3.77
468085,0.02,0.99
468108,0.06,1.12
468131,-0.20,-5.36
468155,0.10,2.84
468177,-0.14,-3.77
468201,-0.03,-0.46
468225,0.10,2.45
468247,-0.19,-5.22
468271,0.04,1.39
468294,-0.12,-3.51
468318,-0.06,-1.26
468344,-0.12,-3.51
468367,-0.06,-1.52
468390,0.12,3.24
468414,-0.18,-4.83
468438,0.05,1.12
468460,-0.09,-2.58
468484,-0.11,-2.58
468507,0.13,3.37
468530,-0.15,-4.30
468553,0.08,1.92
468577,-0.06,-1.79
468599,-0.15,-4.03
468623,0.14,3.77
468646,-0.11,-3.24
468675,0.04,0.73
468710,-0.02,-0.99
468732,-0.17,-4.56
468756,0.10,2.84
468780,-0.13,-3.64
468802,0.10,2.45
468826,0.02,0.20
468849,-0.16,-4.43
468872,0.10,2.58
468895,-0.18,-4.56
468919,-0.00,0.33
468941,0.09,2.05
469064,-0.22,-6.02
469143,-0.07,-2.18
469167,-0.19,-5.22
469189,0.11,2.98
469213,-0.12,-3.37
469236,0.05,1.65
469259,0.02,0.20
469282,-0.20,-5.36
469306,0.09,2.45
469328,-0.16,-4.30
469352,0.01,0.46
469376,0.09,2.05
469398,-0.13,-3.37
469422,-0.04,-0.99
469445,-0.04,-0.99
469469,-0.04,-0.99
469491,-0.04,-0.99
469515,-0.03,-0.86
469538,-0.03,-0.86
469561,-0.04,-0.86
469584,-0.03,-0.86
469608,-0.03,-0.99
469632,-0.03,-0.86
469654,-0.03,-0.86
469678,-0.03,-0.86
469701,-0.03,-0.86
469724,-0.03,-0.86
469753,-0.03,-0.86
469776,-0.03,-0.86
469799,-0.03,-0.86
469823,-0.03,-0.86
469847,-0.03,-0.86
469869,-0.03,-0.86
469893,-0.03,-0.86
469916,-0.03,-0.86
469940,-0.03,-0.86
469962,-0.03,-0.86
469986,-0.03,-0.86
470009,-0.03,-0.86
470032,-0.03,-0.86
470055,-0.03,-0.86
470079,-0.03,-0.86
470103,-0.03,-0.86
470125,-0.03,-0.73
470149,-0.03,-0.86
470172,-0.03,-0.86
470196,-0.03,-0.86
470218,-0.03,-0.86
470242,-0.03,-0.86
470265,-0.03,-0.86
470288,-0.03,-0.86
470311,-0.03,-0.86
470338,-0.03,-0.86
470362,-0.03,-0.86
470385,-0.03,-0.86
470408,-0.03,-0.86
470431,-0.03,-0.99
470455,-0.03,-0.86
470478,-0.03,-0.86
470501,-0.03,-0.86
470524,-0.03,-0.86
470548,-0.03,-0.86
470571,-0.03,-0.86
470594,-0.03,-0.86
470618,-0.03,-0.86
470641,-0.03,-0.86
470664,-0.03,-0.86
470687,-0.03,-0.86
470711,-0.03,-0.86
470734,-0.03,-0.86
470757,-0.03,-0.86
470780,-0.03,-0.86
470804,-0.03,-0.86
470847,-0.04,-0.99
470871,-0.04,-0.99
470894,-0.04,-0.99
470917,-0.04,-0.86
470940,-0.03,-0.86
470967,-0.04,-0.86
470990,-0.03,-0.86
471014,-0.03,-0.86
471036,-0.03,-0.86
471060,-0.03,-0.99
471084,-0.03,-0.86
471107,-0.03,-0.86
471130,-0.03,-0.86
471153,-0.03,-0.86
471177,-0.03,-0.86
471199,-0.03,-0.86
471223,-0.03,-0.86
471246,-0.03,-0.86
471270,-0.03,-0.86
471292,-0.03,-0.86
471316,-0.03,-0.86
471340,-0.03,-0.86
471362,-0.03,-0.86
471386,-0.03,-0.86
471409,-0.03,-0.99
471433,-0.03,-0.86
471455,-0.03,-0.86
471479,-0.03,-0.86
471502,-0.03,-0.86
471525,-0.03,-0.86
471553,-0.03,-0.86
471575,-0.03,-0.86
471599,-0.04,-0.86
471622,-0.04,-0.86
471645,-0.03,-0.86
471668,-0.03,-0.86
471692,-0.03,-0.86
471715,-0.03,-0.86
471738,-0.03,-0.86
471761,-0.03,-0.86
471785,-0.03,-0.86
471808,-0.03,-0.86
471831,-0.03,-0.86
471855,-0.03,-0.86
471878,-0.03,-0.86
471901,-0.03,-0.86
471924,-0.03,-0.86
471948,-0.03,-0.86
471971,-0.03,-0.86
471994,-0.03,-0.86
472017,-0.03,-0.86
472041,-0.03,-0.86
472064,-0.03,-0.86
472087,-0.03,-0.86
472111,-0.03,-0.86
472134,-0.03,-0.86
472161,-0.04,-0.86
472183,-0.03,-0.86
472207,-0.03,-0.86
472230,-0.03,-0.86
472254,-0.03,-0.86
472276,-0.03,-0.86
472300,-0.03,-0.86
472324,-0.03,-0.86
472346,-0.03,-0.86
472370,-0.03,-0.86
472393,-0.03,-0.86
472417,-0.03,-0.86
472439,-0.03,-0.86
472463,-0.03,-0.86
472486,-0.03,-0.86
472510,-0.03,-0.86
472532,-0.03,-0.86
472556,-0.03,-0.86
472580,-0.03,-0.86
472602,-0.03,-0.86
472626,-0.03,-0.86
472649,-0.04,-0.86
472673,-0.03,-0.86
472695,-0.03,-0.99
472719,-0.03,-0.86
472742,-0.03,-0.86
472763,-0.03,-0.86
472786,-0.03,-0.86
472826,-0.04,-1.12
472850,-0.04,-0.99
472873,-0.04,-0.99
472897,-0.04,-0.99
472920,-0.04,-0.99
472943,-0.04,-0.86
472967,-0.03,-0.86
472989,-0.03,-0.86
473013,-0.03,-0.86
473036,-0.03,-0.86
473060,-0.03,-0.86
473083,-0.03,-0.86
473106,-0.03,-0.86
473129,-0.03,-0.86
473153,-0.03,-0.86
473177,-0.03,-0.86
473199,-0.03,-0.86
473223,-0.03,-0.86
473246,-0.03,-0.86
473270,-0.03,-0.86
473292,-0.03,-0.86
473316,-0.03,-0.86
473339,-0.03,-0.86
473366,-0.03,-0.99
473390,-0.03,-0.86
473413,-0.03,-0.86
473437,-0.03,-0.86
473459,-0.03,-0.86
473483,-0.03,-0.86
473506,-0.03,-0.86
473530,-0.03,-0.86
473552,-0.03,-0.86
473576,-0.03,-0.86
473600,-0.03,-0.86
473623,-0.03,-0.86
473647,-0.04,-0.86
473669,-0.03,-0.86
473693,-0.03,-0.86
473716,-0.03,-0.86
473740,-0.03,-0.86
473763,-0.03,-0.86
473786,-0.03,-0.86
473809,-0.03,-0.86
473833,-0.03,-0.86
473857,-0.03,-0.86
473880,-0.04,-0.99
473903,-0.03,-0.86
473926,-0.03,-0.86
473950,-0.03,-0.86
473976,-0.03,-0.86
474000,-0.04,-0.99
474023,-0.04,-0.86
474047,-0.03,-0.99
474070,-0.03,-0.86
474093,-0.03,-0.86
474117,-0.03,-0.86
474140,-0.03,-0.86
474164,-0.03,-0.86
474186,-0.03,-0.86
474210,-0.03,-0.86
474233,-0.04,-0.86
474257,-0.04,-0.86
474280,-0.03,-0.86
474304,-0.03,-0.86
474327,-0.03,-0.86
474350,-0.04,-0.99
474374,-0.03,-0.73
474397,-0.04,-0.86
474421,-0.03,-0.86
474443,-0.03,-0.99
474467,-0.04,-0.86
474490,-0.03,-0.86
474514,-0.04,-0.86
474536,-0.03,-0.86
474574,-0.04,-0.99
474597,-0.04,-0.99
474620,-0.04,-0.99
474644,-0.03,-0.86
474668,-0.04,-0.86
474690,-0.04,-0.99
474714,-0.03,-0.86
474737,-0.03,-0.99
474761,-0.03,-0.86
474789,-0.04,-0.99
474824,-0.04,-0.99
474847,-0.04,-0.99
474870,-0.04,-0.99
474894,-0.03,-0.86
474917,-0.04,-0.99
474940,-0.04,-0.86
474963,-0.03,-0.86
474987,-0.04,-0.99
475011,-0.03,-0.86
475033,-0.03,-0.86
475057,-0.03,-0.86
475080,-0.04,-0.86
475103,-0.04,-0.99
475126,-0.04,-0.86
475150,-0.04,-0.86
475173,-0.04,-0.99
475200,-0.04,-0.99
475224,-0.04,-0.86
475246,-0.03,-0.86
475270,-0.04,-0.86
475293,-0.03,-0.86
475316,-0.04,-0.86
475339,-0.04,-0.86
475363,-0.03,-0.99
475386,-0.04,-0.86
475410,-0.03,-0.86
475432,-0.03,-0.99
475456,-0.04,-0.99
475480,-0.03,-0.86
475503,-0.03,-0.86
475526,-0.04,-0.86
475549,-0.03,-0.86
475573,-0.04,-0.86
475596,-0.03,-0.86
475619,-0.03,-0.86
475642,-0.04,-0.86
475666,-0.04,-0.99
475689,-0.04,-0.86
475712,-0.03,-0.86
475736,-0.04,-0.99
475759,-0.03,-0.86
475783,-0.03,-0.86
475803,-0.03,-0.86
475827,-0.04,-0.86
475850,-0.03,-0.86
475874,-0.03,-0.86
475896,-0.03,-0.86
475920,-0.03,-0.86
475943,-0.03,-0.86
475967,-0.03,-0.86
475990,-0.04,-0.86
476013,-0.04,-0.86
476037,-0.03,-0.86
476060,-0.03,-0.86
476083,-0.03,-0.99
476106,-0.03,-0.86
476130,-0.03,-0.86
476153,-0.03,-0.99
476176,-0.03,-0.86
476199,-0.04,-0.99
476223,-0.03,-0.99
476247,-0.03,-0.86
476270,-0.03,-0.86
476294,-0.03,-0.86
476316,-0.04,-0.86
476340,-0.03,-0.86
476363,-0.04,-0.86
476390,-0.04,-0.99
476413,-0.03,-0.86
476437,-0.04,-0.86
476460,-0.04,-0.99
476483,-0.03,-0.99
476507,-0.04,-0.86
476530,-0.03,-0.86
476554,-0.03,-0.86
476576,-0.04,-0.86
476600,-0.03,-0.86
476623,-0.03,-0.86
476647,-0.03,-0.86
476669,-0.03,-0.86
476693,-0.03,-0.86
476717,-0.03,-0.86
476740,-0.03,-0.86
476763,-0.03,-0.86
476802,-0.04,-0.99
476825,-0.04,-0.99
476849,-0.03,-0.99
476872,-0.03,-0.86
476895,-0.03,-0.86
476918,-0.03,-0.86
476942,-0.03,-0.86
476965,-0.03,-0.86
476988,-0.03,-0.99
477015,-0.04,-0.86
477038,-0.03,-0.86
477062,-0.03,-0.86
477085,-0.03,-0.86
477108,-0.03,-0.86
477131,-0.03,-0.86
477155,-0.03,-0.86
477178,-0.03,-0.86
477201,-0.03,-0.86
477224,-0.04,-0.86
477248,-0.03,-0.86
477271,-0.03,-0.86
477294,-0.03,-0.86
477318,-0.04,-0.86
477341,-0.03,-0.86
477364,-0.03,-0.99
477387,-0.03,-0.86
477411,-0.03,-0.86
477434,-0.03,-0.86
477457,-0.03,-0.86
477480,-0.03,-0.86
477504,-0.03,-0.86
477528,-0.03,-0.86
477550,-0.03,-0.86
477574,-0.03,-0.86
477600,-0.03,-0.86
477624,-0.04,-0.86
477647,-0.03,-0.86
477670,-0.03,-0.86
477693,-0.03,-0.86
477717,-0.03,-0.86
477741,-0.03,-0.86
477763,-0.03,-0.86
477787,-0.03,-0.86
477810,-0.03,-0.86
477833,-0.03,-0.86
477856,-0.03,-0.86
477880,-0.03,-0.86
477903,-0.03,-0.86
477926,-0.03,-0.86
477949,-0.03,-0.86
477973,-0.03,-0.86
477997,-0.03,-0.99
478019,-0.03,-0.86
478043,-0.03,-0.86
478066,-0.03,-0.86
478090,-0.03,-0.86
478112,-0.03,-0.86
478136,-0.03,-0.86
478159,-0.03,-0.86
478183,-0.03,-0.86
478210,-0.03,-0.86
478232,-0.03,-0.86
478256,-0.03,-0.99
478279,-0.03,-0.86
478303,-0.03,-0.86
478325,-0.03,-0.86
478349,-0.03,-0.86
478372,-0.03,-0.86
478396,-0.03,-0.86
478418,-0.03,-0.86
478442,-0.03,-0.86
478466,-0.03,-0.86
478489,-0.03,-0.86
478512,-0.03,-0.86
478535,-0.03,-0.86
478559,-0.03,-0.86
478581,-0.03,-0.86
478605,-0.03,-0.86
478628,-0.03,-0.86
478652,-0.03,-0.86
478674,-0.03,-0.86
478698,-0.03,-0.86
478722,-0.03,-0.86
478745,-0.03,-0.86
478785,-0.04,-0.99
478809,-0.04,-0.99
478830,-0.04,-0.99
478853,-0.03,-0.99
478876,-0.04,-0.86
478900,-0.03,-0.86
478923,-0.03,-0.86
478947,-0.03,-0.86
478969,-0.03,-0.86
478993,-0.03,-0.86
479016,-0.03,-0.86
479040,-0.03,-0.86
479063,-0.03,-0.86
479086,-0.03,-0.86
479110,-0.03,-0.86
479133,-0.03,-0.86
479156,-0.03,-0.86
479179,-0.03,-0.86
479203,-0.03,-0.86
479226,-0.04,-0.86
479249,-0.03,-0.86
479272,-0.03,-0.86
479296,-0.03,-0.86
479320,-0.03,-0.86
479342,-0.03,-0.86
479366,-0.03,-0.86
479389,-0.03,-0.86
479426,-0.04,-0.99
479450,-0.03,-0.86
479473,-0.03,-0.86
479496,-0.03,-0.86
479519,-0.03,-0.86
479543,-0.03,-0.86
479566,-0.03,-0.86
479589,-0.03,-0.86
479612,-0.03,-0.86
479636,-0.03,-0.86
479660,-0.03,-0.86
479682,-0.03,-0.86
479706,-0.03,-0.99
479729,-0.03,-0.86
479753,-0.03,-0.86
479776,-0.03,-0.86
479799,-0.03,-0.86
479822,-0.03,-0.86
479846,-0.03,-0.99
479869,-0.03,-0.86
479892,-0.03,-0.86
479916,-0.03,-0.86
479939,-0.03,-0.86
479963,-0.03,-0.86
479985,-0.03,-0.86
480009,-0.04,-0.86
480035,-0.04,-0.99
480059,-0.03,-0.86
480082,-0.03,-0.86
480106,-0.03,-0.86
480129,-0.03,-0.86
480152,-0.03,-0.86
480176,-0.03,-0.86
480199,-0.03,-0.86
480222,-0.03,-0.86
480245,-0.03,-0.86
480269,-0.03,-0.86
480292,-0.03,-0.86
480315,-0.03,-0.86
480338,-0.03,-0.86
480362,-0.04,-0.86
480386,-0.04,-0.86
480408,-0.03,-0.86
480432,-0.03,-0.86
480455,-0.04,-0.86
480479,-0.04,-0.86
480501,-0.03,-0.86
480525,-0.03,-0.86
480548,-0.04,-0.99
480572,-0.03,-0.86
480594,-0.03,-0.86
480621,-0.03,-0.86
480645,-0.03,-0.86
480668,-0.04,-0.99
480692,-0.04,-0.86
480714,-0.03,-0.86
480744,-0.04,-0.99
480778,-0.04,-1.12
480801,-0.04,-0.86
480825,-0.04,-0.99
480848,-0.04,-0.86
480871,-0.04,-0.86
480894,-0.04,-0.86
480918,-0.03,-0.99
480942,-0.03,-0.86
480964,-0.03,-0.86
480988,-0.03,-0.86
481011,-0.03,-0.86
481035,-0.03,-0.86
481057,-0.03,-0.86
481081,-0.04,-0.86
481104,-0.03,-0.86
481128,-0.03,-0.86
481150,-0.04,-0.86
481174,-0.03,-0.86
481198,-0.03,-0.86
481221,-0.03,-0.86
481248,-0.03,-0.86
481270,-0.04,-0.86
481294,-0.03,-0.86
481317,-0.03,-0.86
481341,-0.03,-0.86
481363,-0.03,-0.86
481387,-0.03,-0.86
481411,-0.04,-0.86
481434,-0.03,-0.86
481457,-0.04,-0.86
481480,-0.03,-0.86
481504,-0.04,-0.86
481527,-0.03,-0.86
481550,-0.03,-0.86
481573,-0.04,-0.99
481597,-0.03,-0.86
481620,-0.03,-0.86
481643,-0.04,-0.86
481667,-0.03,-0.86
481690,-0.03,-0.86
481714,-0.03,-0.86
481736,-0.03,-0.86
481760,-0.03,-0.86
481783,-0.03,-0.86
481807,-0.03,-0.86
481830,-0.03,-0.86
481851,-0.04,-0.86
481874,-0.03,-0.86
481897,-0.04,-0.86
481921,-0.04,-0.99
481944,-0.03,-0.86
481968,-0.04,-0.86
481991,-0.04,-0.86
482014,-0.03,-0.86
482037,-0.04,-0.86
482061,-0.04,-0.99
482084,-0.04,-0.99
482107,-0.04,-0.86
482130,-0.04,-0.99
482154,-0.03,-0.99
482178,-0.03,-0.86
482200,-0.04,-0.86
482224,-0.04,-0.99
482247,-0.03,-0.86
482271,-0.04,-0.99
482293,-0.04,-0.86
482317,-0.03,-0.86
482340,-0.03,-0.86
482364,-0.03,-0.86
482386,-0.03,-0.86
482410,-0.03,-0.86
482437,-0.03,-0.86
482460,-0.03,-0.86
482484,-0.03,-0.86
482507,-0.03,-0.86
482530,-0.03,-0.86
482553,-0.03,-0.86
482577,-0.03,-0.86
482600,-0.04,-0.86
482623,-0.03,-0.86
482647,-0.03,-0.86
482670,-0.03,-0.86
482694,-0.03,-0.86
482716,-0.03,-0.86
482755,-0.04,-0.99
482779,-0.04,-0.99
482802,-0.04,-0.99
482826,-0.04,-0.99
482849,-0.03,-0.99
482872,-0.03,-0.86
482895,-0.03,-0.86
482919,-0.03,-0.86
482942,-0.03,-0.86
482965,-0.03,-0.86
482989,-0.03,-0.86
483012,-0.03,-0.86
483036,-0.04,-0.99
483062,-0.03,-0.86
483085,-0.04,-0.99
483108,-0.04,-0.99
483132,-0.03,-0.86
483155,-0.04,-0.99
483178,-0.04,-0.99
483202,-0.04,-0.86
483225,-0.04,-0.99
483249,-0.03,-0.99
483271,-0.03,-0.86
483295,-0.04,-0.99
483318,-0.03,-0.86
483342,-0.04,-0.86
483364,-0.03,-0.86
483388,-0.04,-0.99
483411,-0.04,-0.99
483435,-0.03,-0.86
483459,-0.04,-0.99
483481,-0.04,-0.86
483505,-0.03,-0.86
483528,-0.04,-0.86
483552,-0.03,-0.99
483574,-0.03,-0.86
483598,-0.03,-0.99
483621,-0.03,-0.86
483648,-0.03,-0.86
483672,-0.04,-0.86
483694,-0.04,-0.86
483718,-0.03,-0.86
483741,-0.04,-0.99
483765,-0.04,-0.99
483787,-0.03,-0.86
483811,-0.04,-0.99
483834,-0.04,-0.99
483858,-0.04,-0.99
483880,-0.03,-0.99
483904,-0.04,-0.86
483928,-0.04,-0.86
483951,-0.03,-0.86
483975,-0.03,-0.99
483997,-0.04,-0.86
484021,-0.03,-0.86
484044,-0.03,-0.99
484068,-0.04,-0.86
484090,-0.03,-0.86
484114,-0.04,-0.99
484137,-0.04,-0.86
484161,-0.03,-0.86
484184,-0.03,-0.86
484207,-0.03,-0.99
484231,-0.04,-0.86
484268,-0.04,-0.99
484291,-0.03,-0.86
484315,-0.04,-0.99
484337,-0.04,-0.86
484361,-0.03,-0.86
484384,-0.04,-0.86
484408,-0.03,-0.86
484430,-0.03,-0.86
484454,-0.03,-0.86
484477,-0.04,-0.86
484501,-0.03,-0.86
484525,-0.03,-0.86
484547,-0.04,-0.86
484571,-0.03,-0.86
484594,-0.03,-0.99
484618,-0.03,-0.86
484640,-0.04,-0.99
484664,-0.03,-0.86
484687,-0.03,-0.86
484717,-0.03,-0.99
484751,-0.04,-1.12
484774,-0.04,-0.99
484798,-0.04,-0.99
484822,-0.04,-0.99
484844,-0.03,-0.86
484868,-0.04,-0.99
484889,-0.03,-0.86
484912,-0.04,-0.86
484935,-0.03,-0.99
484959,-0.03,-0.86
484982,-0.03,-0.86
485006,-0.03,-0.86
485028,-0.03,-0.86
485052,-0.03,-0.86
485075,-0.03,-0.86
485099,-0.03,-0.86
485122,-0.03,-0.86
485145,-0.04,-0.86
485169,-0.04,-0.99
485192,-0.04,-0.86
485215,-0.04,-0.99
485238,-0.03,-0.86
485262,-0.03,-0.86
485285,-0.04,-0.86
485308,-0.03,-0.99
485331,-0.03,-0.86
485355,-0.03,-0.99
485379,-0.04,-0.99
485402,-0.04,-0.86
485425,-0.04,-0.99
485448,-0.03,-0.99
485475,-0.03,-0.86
485498,-0.04,-0.86
485522,-0.03,-0.86
485544,-0.03,-0.86
485568,-0.04,-0.99
485592,-0.03,-0.99
485615,-0.03,-0.86
485639,-0.04,-0.99
485661,-0.04,-0.86
485685,-0.04,-0.86
485708,-0.03,-0.86
485732,-0.04,-0.99
485754,-0.03,-0.99
485778,-0.03,-0.86
485801,-0.04,-0.99
485825,-0.04,-0.99
485849,-0.04,-0.86
485871,-0.04,-0.99
485895,-0.04,-0.99
485918,-0.03,-0.86
485942,-0.04,-0.86
485964,-0.04,-0.99
485988,-0.04,-0.99
486011,-0.04,-0.86
486035,-0.04,-0.99
486059,-0.04,-0.99
486085,-0.04,-0.99
486108,-0.04,-0.99
486131,-0.04,-0.99
486155,-0.03,-0.86
486178,-0.04,-0.99
486202,-0.04,-0.99
486224,-0.03,-0.86
486248,-0.04,-0.99
486272,-0.04,-0.99
486295,-0.04,-0.86
486318,-0.04,-0.86
486341,-0.04,-0.86
486365,-0.03,-0.86
486388,-0.04,-0.86
486411,-0.03,-0.99
486434,-0.03,-0.86
486458,-0.03,-0.86
486481,-0.03,-0.86
486505,-0.03,-0.86
486528,-0.03,-0.86
486551,-0.03,-0.86
486575,-0.04,-0.86
486598,-0.03,-0.99
486621,-0.03,-0.86
486644,-0.03,-0.86
486671,-0.03,-0.86
486701,-0.04,-0.99
486734,-0.04,-0.99
486758,-0.04,-0.99
486781,-0.04,-0.86
486805,-0.04,-0.99
486828,-0.03,-0.86
486851,-0.03,-0.86
486875,-0.03,-0.86
486898,-0.03,-0.86
486921,-0.03,-0.86
486944,-0.04,-0.86
486968,-0.04,-0.86
486991,-0.03,-0.86
487014,-0.04,-0.86
487037,-0.03,-0.86
487061,-0.03,-0.86
487085,-0.03,-0.86
487107,-0.03,-0.99
487131,-0.03,-0.86
487154,-0.03,-0.86
487178,-0.03,-0.86
487201,-0.03,-0.86
487224,-0.03,-0.86
487247,-0.03,-0.86
487271,-0.03,-0.86
487298,-0.04,-0.86
487321,-0.04,-0.86
487344,-0.04,-0.86
487367,-0.03,-0.86
487391,-0.03,-0.86
487414,-0.04,-0.86
487438,-0.03,-0.86
487460,-0.03,-0.86
487484,-0.03,-0.86
487507,-0.03,-0.86
487531,-0.03,-0.86
487554,-0.03,-0.86
487577,-0.04,-0.86
487601,-0.04,-0.86
487624,-0.03,-0.86
487648,-0.03,-0.99
487670,-0.03,-0.86
487694,-0.03,-0.86
487717,-0.04,-0.86
487741,-0.03,-0.86
487763,-0.03,-0.86
487787,-0.03,-0.99
487811,-0.03,-0.86
487834,-0.03,-0.86
487858,-0.04,-0.86
487880,-0.04,-0.86
487902,-0.04,-0.99
487925,-0.03,-0.86
487948,-0.03,-0.86
487971,-0.03,-0.86
487995,-0.03,-0.86
488018,-0.03,-0.86
488042,-0.03,-0.86
488065,-0.03,-0.86
488088,-0.03,-0.86
488112,-0.03,-0.86
488135,-0.03,-0.86
488158,-0.03,-0.86
488181,-0.03,-0.86
488205,-0.03,-0.86
488228,-0.03,-0.86
488252,-0.03,-0.86
488274,-0.03,-0.86
488298,-0.03,-0.86
488322,-0.04,-0.86
488345,-0.03,-0.86
488368,-0.03,-0.86
488391,-0.03,-0.86
488415,-0.03,-0.86
488438,-0.03,-0.86
488462,-0.03,-0.86
488584,-0.07,-1.92
488663,-0.07,-1.79
488686,-0.06,-1.39
488710,-0.05,-1.26
488733,-0.04,-1.12
488756,-0.04,-0.99
488779,-0.04,-0.99
488803,-0.04,-0.99
488826,-0.04,-0.99
488856,-0.04,-1.12
488889,-0.04,-1.12
488912,-0.04,-0.99
488936,-0.04,-0.99
488960,-0.04,-0.99
488983,-0.04,-0.99
489006,-0.04,-0.99
489029,-0.04,-0.99
489053,-0.04,-0.99
489076,-0.04,-0.99
489100,-0.04,-0.99
489122,-0.04,-0.99
489146,-0.04,-0.99
489169,-0.04,-0.99
489193,-0.04,-0.99
489216,-0.04,-0.99
489239,-0.04,-0.86
489276,-0.04,-0.99
489299,-0.04,-0.99
489323,-0.04,-0.99
489347,-0.04,-0.99
489370,-0.04,-0.99
489393,-0.04,-1.12
489416,-0.04,-0.99
489440,-0.04,-0.99
489463,-0.04,-0.99
489487,-0.04,-1.12
489509,-0.04,-0.99
489533,-0.04,-1.12
489556,-0.04,-0.99
489580,-0.04,-0.99
489604,-0.04,-0.99
489626,-0.04,-1.12
489650,-0.04,-0.99
489673,-0.04,-1.12
489697,-0.04,-1.12
489720,-0.04,-1.12
489743,-0.04,-0.99
489766,-0.04,-1.12
489790,-0.04,-1.12
489814,-0.04,-0.99
489837,-0.04,-1.12
489864,-0.04,-0.99
489886,-0.04,-0.99
489910,-0.04,-0.99
489933,-0.04,-0.99
489957,-0.04,-0.99
489980,-0.04,-0.99
490003,-0.04,-0.99
490027,-0.04,-0.86
490050,-0.04,-0.99
490074,-0.04,-0.99
490097,-0.04,-0.99
490120,-0.04,-0.99
490143,-0.04,-0.99
490167,-0.04,-0.99
490190,-0.04,-0.99
490213,-0.04,-0.99
490236,-0.04,-0.99
490260,-0.04,-0.99
490284,-0.04,-0.99
490307,-0.04,-1.12
490330,-0.04,-0.99
490353,-0.04,-0.99
490377,-0.04,-1.12
490400,-0.04,-0.99
490424,-0.04,-0.99
490446,-0.04,-0.99
490473,-0.04,-0.99
490497,-0.04,-0.99
490520,-0.04,-0.99
490544,-0.04,-0.99
490567,-0.04,-0.99
490590,-0.04,-0.99
490613,-0.04,-0.99
490637,-0.04,-0.99
490660,-0.04,-0.99
490684,-0.04,-0.99
490706,-0.04,-0.99
490730,-0.04,-0.99
490754,-0.04,-0.99
490777,-0.04,-0.99
490800,-0.04,-0.99
490823,-0.04,-0.99
490864,-0.04,-1.12
490888,-0.04,-1.12
490911,-0.04,-0.99
490934,-0.04,-0.99
490957,-0.04,-0.99
490981,-0.04,-0.99
491004,-0.04,-0.99
491027,-0.04,-0.99
491051,-0.04,-0.99
491074,-0.04,-0.99
491096,-0.04,-0.99
491119,-0.04,-0.99
491142,-0.04,-0.99
491165,-0.03,-0.99
491189,-0.04,-0.99
491212,-0.04,-0.99
491236,-0.04,-0.99
491258,-0.04,-0.99
491282,-0.04,-0.99
491305,-0.04,-0.99
491329,-0.04,-0.99
491353,-0.04,-0.99
491376,-0.04,-0.99
491400,-0.04,-0.99
491422,-0.04,-0.99
491446,-0.04,-0.99
491469,-0.04,-0.99
491493,-0.04,-0.99
491516,-0.04,-0.99
491540,-0.04,-0.99
491563,-0.03,-0.86
491586,-0.04,-0.86
491610,-0.04,-0.86
491633,-0.03,-0.86
491657,-0.03,-0.86
491683,-0.03,-0.86
491707,-0.03,-0.86
491730,-0.03,-0.86
491754,-0.03,-0.86
491777,-0.03,-0.86
491800,-0.03,-0.86
491824,-0.03,-0.86
491847,-0.03,-0.86
491871,-0.04,-0.99
491894,-0.03,-0.86
491918,-0.04,-0.99
491941,-0.04,-0.99
491964,-0.03,-0.86
491987,-0.04,-0.99
492011,-0.04,-0.86
492035,-0.04,-0.99
492058,-0.04,-0.86
492082,-0.04,-0.99
492104,-0.04,-0.99
492128,-0.04,-0.86
492151,-0.04,-0.99
492175,-0.03,-0.86
492198,-0.03,-0.86
492222,-0.03,-0.86
492246,-0.03,-0.86
492268,-0.04,-0.86
492296,-0.03,-0.86
492319,-0.04,-0.99
492343,-0.04,-0.99
492366,-0.04,-0.86
492389,-0.04,-0.99
492412,-0.04,-0.99
492436,-0.04,-0.99
492460,-0.03,-0.86
492483,-0.04,-0.86
492506,-0.03,-0.86
492529,-0.03,-0.86
492553,-0.04,-0.86
492576,-0.03,-0.86
492600,-0.03,-0.86
492623,-0.03,-0.86
492646,-0.03,-0.86
492669,-0.03,-0.86
492693,-0.03,-0.86
492717,-0.03,-0.86
492740,-0.03,-0.73
492763,-0.03,-0.86
492786,-0.03,-0.86
492810,-0.03,-0.86
492839,-0.04,-0.99
492873,-0.04,-0.99
492900,-0.04,-0.99
492923,-0.04,-0.99
492947,-0.04,-0.99
492969,-0.04,-0.99
492993,-0.04,-0.99
493017,-0.04,-0.99
493040,-0.04,-0.99
493064,-0.04,-0.99
493086,-0.04,-0.86
493110,-0.04,-0.99
493133,-0.04,-0.99
493157,-0.03,-0.86
493179,-0.04,-0.99
493203,-0.04,-0.99
493227,-0.04,-0.99
493250,-0.03,-0.86
493274,-0.03,-0.86
493296,-0.03,-0.86
493320,-0.03,-0.86
493343,-0.03,-0.86
493367,-0.03,-0.86
493390,-0.03,-0.73
493413,-0.03,-0.86
493436,-0.03,-0.99
493460,-0.03,-0.86
493484,-0.03,-0.86
493510,-0.03,-0.86
493534,-0.03,-0.86
493556,-0.03,-0.86
493580,-0.03,-0.86
493603,-0.03,-0.86
493627,-0.03,-0.86
493650,-0.03,-0.86
493673,-0.03,-0.86
493697,-0.03,-0.73
493720,-0.03,-0.86
493744,-0.03,-0.86
493767,-0.03,-0.73
493790,-0.03,-0.86
493813,-0.03,-0.86
493837,-0.03,-0.86
493860,-0.03,-0.86
493883,-0.03,-0.86
493906,-0.03,-0.86
493930,-0.03,-0.86
493954,-0.03,-0.86
493977,-0.03,-0.86
494000,-0.03,-0.86
494023,-0.03,-0.86
494047,-0.03,-0.86
494070,-0.03,-0.86
494094,-0.03,-0.86
494123,-0.03,-0.86
494146,-0.03,-0.86
494170,-0.03,-0.86
494192,-0.03,-0.86
494216,-0.03,-0.99
494239,-0.03,-0.86
494263,-0.03,-0.86
494286,-0.03,-0.86
494310,-0.03,-0.86
494333,-0.03,-0.86
494356,-0.03,-0.86
494380,-0.03,-0.86
494403,-0.03,-0.86
494427,-0.03,-0.86
494450,-0.03,-0.86
494474,-0.03,-0.86
494496,-0.03,-0.86
494520,-0.03,-0.86
494543,-0.03,-0.86
494567,-0.03,-0.86
494590,-0.03,-0.86
494614,-0.03,-0.86
494637,-0.03,-0.86
494660,-0.03,-0.86
494684,-0.03,-0.86
494710,-0.03,-0.86
494734,-0.03,-0.86
494757,-0.03,-0.86
494781,-0.03,-0.86
494803,-0.03,-0.86
494843,-0.04,-0.99
494867,-0.04,-0.99
494891,-0.04,-0.99
494914,-0.03,-0.86
494937,-0.03,-0.86
494960,-0.04,-0.86
494984,-0.03,-0.86
495007,-0.03,-0.86
495030,-0.03,-0.86
495053,-0.03,-0.86
495077,-0.03,-0.86
495100,-0.03,-0.86
495124,-0.03,-0.86
495147,-0.03,-0.86
495170,-0.03,-0.86
495194,-0.03,-0.99
495217,-0.03,-0.86
495241,-0.03,-0.99
495263,-0.04,-0.86
495287,-0.03,-0.99
495310,-0.03,-0.86
495337,-0.03,-0.99
495361,-0.03,-0.99
495384,-0.03,-0.86
495407,-0.04,-0.86
495430,-0.04,-0.99
495454,-0.03,-0.86
495477,-0.04,-0.86
495501,-0.03,-0.86
495523,-0.03,-0.86
495547,-0.04,-0.86
495570,-0.04,-0.99
495594,-0.03,-0.86
495618,-0.04,-0.86
495640,-0.03,-0.99
495664,-0.03,-0.86
495687,-0.03,-0.86
495711,-0.04,-0.86
495734,-0.04,-0.99
495757,-0.03,-0.86
495780,-0.04,-0.86
495804,-0.03,-0.86
495827,-0.03,-0.86
495851,-0.04,-0.86
495874,-0.03,-0.86
495897,-0.03,-0.86
495924,-0.04,-0.86
495947,-0.04,-0.99
495971,-0.03,-0.86
495994,-0.03,-0.86
496017,-0.03,-0.86
496040,-0.04,-0.86
496064,-0.04,-0.86
496088,-0.03,-0.86
496111,-0.04,-0.99
496134,-0.03,-0.86
496157,-0.03,-0.86
496181,-0.04,-0.86
496204,-0.03,-0.86
496228,-0.03,-0.86
496250,-0.03,-0.99
496274,-0.03,-0.86
496297,-0.03,-0.86
496321,-0.03,-0.99
496345,-0.03,-0.86
496367,-0.03,-0.99
496391,-0.03,-0.86
496414,-0.04,-0.99
496438,-0.03,-0.86
496461,-0.04,-0.86
496484,-0.03,-0.86
496507,-0.03,-0.86
496534,-0.03,-0.99
496558,-0.04,-0.86
496581,-0.03,-0.86
496605,-0.03,-0.86
496628,-0.03,-0.99
496651,-0.04,-0.99
496674,-0.04,-0.86
496698,-0.04,-0.86
496721,-0.04,-0.86
496745,-0.03,-0.86
496768,-0.04,-0.86
496791,-0.03,-0.86
496831,-0.04,-0.99
496855,-0.04,-0.99
496878,-0.04,-0.99
496902,-0.03,-0.99
496925,-0.03,-0.86
496948,-0.03,-0.99
496971,-0.03,-0.86
496995,-0.03,-0.86
497018,-0.03,-0.86
497041,-0.03,-0.86
497064,-0.03,-0.86
497088,-0.03,-0.86
497112,-0.03,-0.86
497135,-0.03,-0.86
497156,-0.03,-0.86
497179,-0.03,-0.86
497203,-0.03,-0.86
497225,-0.03,-0.86
497249,-0.03,-0.86
497272,-0.03,-0.99
497296,-0.03,-0.86
497319,-0.03,-0.86
497342,-0.03,-0.86
497366,-0.03,-0.86
497389,-0.03,-0.86
497413,-0.03,-0.86
497436,-0.03,-0.86
497459,-0.03,-0.86
497482,-0.03,-0.86
497506,-0.03,-0.86
497529,-0.03,-0.86
497553,-0.03,-0.86
497575,-0.03,-0.86
497599,-0.03,-0.86
497623,-0.03,-0.86
497646,-0.03,-0.86
497670,-0.03,-0.86
497692,-0.03,-0.86
497716,-0.03,-0.86
497742,-0.03,-0.86
497766,-0.04,-0.86
497789,-0.03,-0.86
497813,-0.03,-0.86
497837,-0.03,-0.86
497859,-0.03,-0.86
497883,-0.03,-0.86
497906,-0.03,-0.86
497930,-0.04,-0.86
497953,-0.03,-0.86
497976,-0.03,-0.86
497999,-0.04,-0.86
498023,-0.03,-0.86
498046,-0.03,-0.99
498070,-0.03,-0.86
498093,-0.03,-0.86
498116,-0.03,-0.86
498140,-0.03,-0.99
498163,-0.03,-0.86
498186,-0.03,-0.86
498209,-0.03,-0.86
498233,-0.04,-0.99
498256,-0.03,-0.86
498280,-0.03,-0.86
498302,-0.03,-0.86
498326,-0.03,-0.86
498353,-0.03,-0.86
498376,-0.03,-0.86
498400,-0.03,-0.86
498423,-0.04,-0.86
498447,-0.03,-0.86
498470,-0.03,-0.86
498493,-0.03,-0.86
498516,-0.03,-0.86
498540,-0.03,-0.86
498564,-0.03,-0.86
498587,-0.04,-0.86
498610,-0.03,-0.86
498633,-0.03,-0.86
498657,-0.03,-0.86
498680,-0.03,-0.86
498704,-0.03,-0.86
498727,-0.03,-0.86
498750,-0.04,-0.86
498774,-0.03,-0.86
498803,-0.04,-0.99
498837,-0.04,-0.99
498861,-0.04,-0.99
498884,-0.03,-0.86
498907,-0.04,-0.86
498930,-0.04,-0.86
498967,-0.04,-0.99
498991,-0.04,-0.99
499014,-0.03,-0.86
499038,-0.03,-0.86
499061,-0.03,-0.86
499084,-0.04,-0.86
499107,-0.03,-0.86
499131,-0.03,-0.86
499154,-0.03,-0.86
499178,-0.03,-0.73
499201,-0.03,-0.99
499224,-0.03,-0.99
499248,-0.03,-0.73
499271,-0.03,-0.86
499295,-0.03,-0.86
499317,-0.03,-0.86
499341,-0.03,-0.86
499364,-0.04,-0.86
499388,-0.03,-0.86
499411,-0.03,-0.86
499435,-0.03,-0.86
499458,-0.03,-0.86
499481,-0.03,-0.86
499505,-0.03,-0.86
499528,-0.03,-0.86
499552,-0.04,-0.86
499578,-0.04,-0.86
499602,-0.03,-0.86
499624,-0.03,-0.86
499648,-0.03,-0.99
499672,-0.04,-0.86
499695,-0.03,-0.86
499719,-0.03,-0.86
499741,-0.03,-0.86
499765,-0.03,-0.86
499788,-0.03,-0.86
499812,-0.04,-0.86
499835,-0.03,-0.86
499858,-0.03,-0.86
499881,-0.03,-0.86
499905,-0.03,-0.86
499929,-0.04,-0.86
499952,-0.03,-0.99
499976,-0.03,-0.86
499998,-0.03,-0.86
500022,-0.03,-0.86
500045,-0.03,-0.86
500069,-0.03,-0.86
500092,-0.03,-0.86
500115,-0.04,-0.86
500139,-0.04,-0.86
500162,-0.04,-0.86
500183,-0.04,-0.99
500206,-0.03,-0.86
500230,-0.03,-0.86
500253,-0.03,-0.86
500277,-0.03,-0.86
500300,-0.03,-0.86
500323,-0.03,-0.86
500346,-0.04,-0.86
500370,-0.03,-0.86
500393,-0.04,-0.86
500417,-0.03,-0.86
500440,-0.03,-0.86
500463,-0.04,-0.86
500487,-0.04,-0.86
500510,-0.03,-0.86
500534,-0.04,-0.99
500556,-0.04,-0.99
500580,-0.04,-0.86
500603,-0.03,-0.86
500627,-0.03,-0.99
500651,-0.03,-0.99
500674,-0.03,-0.86
500697,-0.03,-0.99
500720,-0.04,-0.99
500744,-0.04,-0.86
500770,-0.04,-0.99
500810,-0.04,-1.12
500834,-0.04,-0.99
500857,-0.03,-0.99
500881,-0.04,-0.99
500904,-0.04,-0.99
500927,-0.03,-0.86
500951,-0.03,-0.99
500974,-0.03,-0.86
500998,-0.03,-0.86
501021,-0.04,-0.99
501044,-0.04,-0.99
501067,-0.03,-0.86
501091,-0.03,-0.86
501114,-0.04,-0.86
501138,-0.03,-0.86
501160,-0.03,-0.86
501184,-0.03,-0.99
501208,-0.04,-0.99
501231,-0.03,-0.86
501255,-0.03,-0.86
501277,-0.04,-0.99
501301,-0.04,-0.86
501324,-0.03,-0.86
501348,-0.04,-0.99
501371,-0.03,-0.86
501398,-0.04,-0.99
501422,-0.04,-0.99
501444,-0.04,-0.99
501468,-0.03,-0.99
501491,-0.04,-0.86
501515,-0.04,-0.99
501538,-0.03,-0.86
501561,-0.04,-0.99
501584,-0.04,-0.86
501608,-0.04,-0.86
501632,-0.04,-0.99
501655,-0.04,-0.99
501678,-0.04,-0.99
501701,-0.03,-0.86
501725,-0.04,-0.86
501748,-0.04,-0.99
501772,-0.03,-0.86
501794,-0.04,-0.99
501818,-0.04,-0.99
501841,-0.03,-0.99
501865,-0.04,-0.99
501889,-0.03,-0.99
501912,-0.03,-0.99
501935,-0.03,-0.86
501958,-0.03,-0.99
501985,-0.04,-0.86
502008,-0.03,-0.86
502032,-0.03,-0.86
502055,-0.03,-0.99
502079,-0.03,-0.99
502102,-0.04,-0.86
502125,-0.03,-0.86
502149,-0.03,-0.86
502172,-0.03,-0.86
502196,-0.03,-0.86
502218,-0.03,-0.86
502242,-0.03,-0.86
502265,-0.03,-0.86
502289,-0.03,-0.86
502312,-0.03,-0.73
502335,-0.03,-0.86
502359,-0.03,-0.86
502382,-0.03,-0.86
502406,-0.03,-0.86
502429,-0.03,-0.86
502452,-0.03,-0.86
502475,-0.03,-0.86
502499,-0.03,-0.86
502522,-0.03,-0.86
502546,-0.03,-0.86
502568,-0.03,-0.86
502596,-0.03,-0.86
502619,-0.03,-0.73
502642,-0.03,-0.86
502666,-0.03,-0.86
502689,-0.03,-0.86
502713,-0.03,-0.86
502735,-0.04,-0.86
502759,0.04,-0.46
502799,-1.18,-30.89
502822,1.07,29.03
502846,-1.39,-38.29
502870,0.78,22.82
502893,-0.10,-4.17
502916,-0.67,-16.20
502939,1.07,29.03
502963,-1.46,-39.75
502986,1.00,28.50
503010,-0.28,-9.33
503033,-0.40,-9.33
503056,1.07,28.50
503079,-1.48,-40.28
503103,1.07,29.03
503127,-0.47,-14.48
503150,-0.25,-5.22
503174,0.91,23.21
503197,-1.45,-38.56
503224,0.77,19.25
503247,-1.38,-36.31
503271,1.07,29.03
503293,-0.84,-24.54
503317,0.11,4.43
503341,0.56,13.69
503364,-1.25,-32.61
503388,1.07,29.03
503411,-1.02,-29.17
503435,0.30,9.46
503457,0.32,7.08
503481,-1.05,-27.18
503504,1.07,29.03
503528,-1.01,-28.37
503552,0.38,11.71
503575,0.05,0.20
503598,-0.45,-11.44
503621,0.25,6.81
503645,-0.11,-3.24
503668,0.18,4.96
503691,-0.19,-5.36
503714,-0.08,-1.92
503738,0.05,1.12
503761,-0.23,-6.15
503785,0.10,2.84
503808,-0.06,-1.52
503845,-0.19,-4.96
503869,0.11,3.24
503891,-0.06,-1.26
503915,0.02,0.86
503939,0.01,-0.20
503962,-0.20,-5.36
503986,0.03,1.12
504008,-0.11,-2.98
504032,0.12,3.37
504055,0.03,0.46
504079,-0.15,-4.17
504101,0.06,1.65
504125,-0.15,-4.03
504148,0.03,0.99
504172,0.00,-0.07
504196,-0.14,-3.90
504218,0.09,2.58
504242,-0.08,-2.05
504265,0.02,0.73
504289,-0.02,-0.73
504311,-0.18,-4.83
504335,0.07,2.18
504358,-0.09,-2.31
504382,0.07,2.18
504406,-0.01,-0.46
504428,-0.16,-4.30
504452,0.07,1.92
504478,-0.16,-4.43
504502,0.09,2.58
504525,-0.07,-2.05
504549,0.08,2.18
504572,-0.04,-1.39
504595,-0.14,-3.77
504619,0.06,1.92
504642,-0.11,-2.98
504666,0.09,2.58
504689,-0.04,-1.26
504712,-0.13,-3.51
504735,0.11,3.11
504765,0.03,1.12
504799,0.07,1.52
504822,-0.07,-2.18
504846,-0.14,-3.51
504869,0.09,2.58
504892,-0.12,-3.37
504915,0.08,2.05
504939,-0.06,-1.92
504963,-0.11,-2.58
504986,0.09,2.31
505009,-0.13,-3.64
505032,0.06,1.26
505056,-0.07,-2.05
505079,-0.10,-2.31
505103,0.10,2.71
505123,-0.12,-3.51
505147,-0.02,-0.46
505170,0.08,2.18
505194,-0.16,-4.70
505217,0.03,0.99
505240,-0.14,-4.17
505264,-0.02,-0.33
505287,0.07,1.79
505310,-0.13,-3.64
505333,0.07,2.18
505357,-0.14,-3.90
505380,-0.03,-0.60
505404,0.05,1.26
505426,-0.19,-5.09
505450,0.06,1.79
505474,-0.11,-2.98
505497,0.00,0.33
505521,0.08,1.92
505543,-0.16,-4.30
505567,0.04,1.39
505590,-0.16,-4.30
505614,-0.01,0.07
505636,0.08,1.92
505660,-0.16,-4.43
505683,0.05,1.52
505707,-0.12,-3.37
505734,0.05,1.39
505757,-0.14,-3.77
505781,0.05,1.65
505803,0.06,1.26
505827,-0.16,-4.43
505850,0.05,1.39
505874,-0.15,-3.77
505896,0.02,0.73
505920,0.07,1.79
505944,-0.15,-4.03
505967,0.07,2.05
505991,-0.16,-4.17
506013,-0.01,-0.07
506037,0.05,0.99
506060,-0.15,-4.03
506084,0.07,1.92
506106,-0.13,-3.37
506130,0.03,1.26
506153,0.05,0.99
506177,-0.16,-4.43
506201,0.07,1.92
506223,-0.14,-3.77
506247,0.01,0.73
506270,0.06,1.39
506294,-0.17,-4.70
506317,0.08,2.31
506340,-0.14,-3.64
506368,0.06,1.79
506390,-0.13,-3.37
506414,0.10,2.58
506437,0.03,0.60
506461,-0.15,-4.03
506483,0.05,1.39
506507,-0.12,-3.11
506530,0.11,2.84
506554,0.04,0.73
506576,-0.16,-4.30
506600,0.06,1.65
506624,-0.16,-4.03
506647,0.02,0.73
506671,0.05,0.86
506693,-0.16,-4.30
506717,0.08,1.92
506740,-0.13,-3.37
506780,-0.02,-0.33
506804,0.00,-0.33
506827,-0.15,-4.03
506851,0.05,1.39
506873,-0.12,-3.24
506897,0.03,0.86
506920,0.01,-0.07
506944,-0.16,-4.17
506968,0.08,2.31
506990,-0.12,-2.98
507018,0.09,2.58
507040,-0.11,-2.84
507064,0.04,1.26
507087,0.00,-0.20
507111,-0.15,-4.17
507133,0.06,1.79
507157,-0.08,-2.05
507181,0.09,2.18
507204,-0.00,-0.46
507228,-0.16,-4.17
507250,0.06,1.79
507274,-0.09,-2.31
507297,0.06,1.79
507321,-0.00,-0.33
507343,-0.16,-4.30
507367,0.09,2.45
507390,-0.11,-2.98
507414,0.05,1.65
507438,-0.01,-0.46
507460,-0.15,-4.03
507484,0.08,2.05
507507,-0.08,-2.18
507531,0.05,1.52
507554,-0.03,-0.86
507577,-0.15,-4.03
507600,0.09,2.58
507624,-0.11,-3.24
507651,0.10,2.71
507674,-0.09,-2.58
507698,0.08,2.31
507721,-0.04,-1.26
507744,-0.16,-4.17
507767,0.07,1.92
507791,-0.11,-3.11
507814,0.08,2.05
507838,-0.04,-1.26
507860,-0.13,-3.37
507884,0.10,2.71
507908,-0.13,-3.64
507931,0.07,1.65
507955,-0.06,-1.65
507977,-0.14,-3.51
508001,0.10,2.71
508024,-0.15,-4.03
508048,0.08,1.79
508071,-0.06,-1.65
508095,-0.12,-2.84
508118,0.10,2.71
508141,-0.13,-3.51
508165,0.05,0.99
508188,-0.09,-2.58
508212,-0.11,-2.45
508234,0.10,2.58
508258,-0.11,-2.98
508381,0.07,1.65
508460,-0.18,-4.83
508483,0.06,1.52
508507,-0.12,-2.98
508529,0.01,0.46
508553,0.01,-0.07
508576,-0.18,-4.83
508600,0.06,1.92
508623,-0.11,-2.71
508646,0.04,1.26
508669,0.01,0.07
508693,-0.18,-4.70
508717,0.09,2.31
508740,-0.10,-2.45
508763,0.04,1.26
508786,0.00,-0.20
508810,-0.15,-4.17
508833,0.05,1.26
508857,-0.09,-2.18
508879,0.05,1.52
508912,-0.05,-1.12
508947,0.08,2.18
508971,-0.06,-1.92
508994,-0.14,-3.37
509018,0.10,2.71
509040,-0.14,-3.90
509064,0.09,2.05
509101,0.09,2.18
509124,-0.12,-3.24
509148,0.04,0.99
509171,-0.09,-2.45
509195,-0.07,-1.65
509217,0.08,2.18
509241,-0.17,-4.56
509264,0.02,0.46
509288,-0.10,-2.71
509312,-0.06,-1.39
509334,0.12,3.11
509358,-0.16,-4.30
509381,0.02,0.60
509405,-0.11,-3.11
509428,-0.05,-0.99
509452,0.09,2.18
509474,-0.12,-3.51
509498,0.02,0.46
509521,-0.13,-3.64
509545,-0.03,-0.73
509569,0.08,2.18
509591,-0.15,-4.17
509615,0.06,2.05
509638,-0.13,-3.90
509662,-0.03,-0.60
509685,0.10,2.31
509708,-0.18,-4.96
509735,0.09,2.18
509758,-0.15,-4.17
509782,0.05,1.26
509805,-0.14,-3.90
509829,-0.00,0.07
509852,0.06,1.39
509875,-0.14,-4.03
509898,0.07,1.92
509922,-0.16,-4.17
509945,0.01,0.60
509968,0.07,1.52
509991,-0.17,-4.56
510015,0.11,3.24
510039,-0.16,-4.17
510062,-0.00,0.07
510085,0.04,0.73
510108,-0.18,-4.70
510132,0.05,1.39
510155,-0.10,-2.45
510179,0.06,2.05
510201,0.04,0.60
510225,-0.14,-4.03
510248,0.06,1.39
510272,-0.16,-4.17
510296,0.03,0.99
510318,0.04,0.86
510342,-0.17,-4.56
510368,0.03,0.46
510392,-0.17,-4.56
510415,0.05,1.26
510439,-0.11,-2.71
510461,0.05,1.39
510485,0.01,-0.07
510509,-0.14,-3.64
510532,0.07,1.79
510556,-0.11,-2.71
510578,0.09,2.31
510602,0.00,-0.33
510625,-0.17,-4.43
510649,0.07,2.18
510672,-0.10,-2.45
510695,0.07,2.18
510718,0.00,-0.20
510742,-0.15,-4.17
510766,0.06,1.79
510789,-0.11,-3.11
510812,0.06,1.65
510835,-0.02,-0.60
510859,-0.13,-3.51
510882,0.08,2.31
510919,-0.05,-1.65
510943,-0.11,-2.45
510966,0.11,2.84
510990,-0.14,-3.90
511016,0.12,3.11
511040,-0.15,-4.03
511064,0.06,1.52
511086,-0.09,-2.71
511110,-0.08,-1.52
511133,0.09,2.31
511157,-0.11,-3.24
511180,0.04,0.99
511204,-0.12,-3.37
511227,-0.04,-0.86
511250,0.08,2.05
511273,-0.16,-4.43
511297,0.06,1.92
511321,-0.12,-3.51
511344,-0.01,-0.07
511368,0.08,1.79
511391,-0.18,-4.96
511414,0.07,1.79
511437,-0.12,-2.98
511461,0.03,0.99
511484,0.01,-0.07
511508,-0.15,-4.03
511532,0.05,1.52
511555,-0.11,-2.84
511579,0.10,2.58
511601,-0.02,-0.73
511629,0.07,2.05
511651,-0.03,-1.12
511675,-0.15,-3.90
511698,0.14,3.90
511722,-0.13,-3.64
511746,0.07,1.65
511769,-0.09,-2.71
511793,-0.08,-1.79
511816,0.08,2.05
511840,-0.11,-2.98
511862,0.07,1.65
511886,-0.12,-3.51
511909,-0.04,-0.99
511933,0.08,1.92
511956,-0.17,-4.70
511980,0.09,2.45
512004,-0.13,-3.64
512027,0.08,2.45
512051,0.06,1.12
512073,-0.17,-4.70
512097,0.04,0.99
512120,-0.12,-2.84
512144,0.10,2.71
512167,-0.00,-0.46
512191,-0.12,-3.51
512215,0.08,2.31
512238,-0.13,-3.90
512265,0.11,2.84
512288,-0.10,-2.84
512312,0.11,2.58
512335,-0.10,-2.98
512359,-0.09,-2.05
512382,0.08,2.05
512406,-0.15,-4.03
512429,0.05,1.52
512452,-0.11,-3.11
512476,-0.02,-0.46
512499,0.07,1.65
512523,-0.16,-4.56
512546,0.04,1.26
512570,-0.13,-3.64
512592,0.01,0.60
512616,0.08,1.52
512640,-0.16,-4.30
512663,0.08,2.05
512687,-0.15,-3.77
512710,0.02,0.86
512734,0.01,-0.07
512756,-0.15,-4.17
512780,0.07,1.92
512803,-0.09,-2.18
512827,0.04,1.12
512850,-0.01,-0.60
512873,-0.15,-4.17
512918,-0.12,-3.37
512942,-0.06,-1.26
512965,0.10,2.71
512989,-0.15,-4.30
513012,0.05,1.52
513035,-0.12,-3.51
513058,-0.03,-0.73
513082,0.08,2.05
513105,-0.14,-3.90
513129,0.03,0.86
513152,-0.12,-3.51
513175,-0.00,0.33
513199,0.08,2.18
513222,-0.15,-4.17
513245,0.04,1.39
513268,-0.17,-4.83
513292,-0.02,-0.33
513315,0.08,1.79
513339,-0.19,-5.22
513361,0.10,2.71
513385,-0.11,-2.71
513409,0.07,2.18
513432,0.05,0.86
513456,-0.17,-4.56
513479,0.02,0.60
513502,-0.11,-2.84
513525,0.06,1.79
513552,-0.11,-2.84
513575,0.05,1.52
513599,-0.01,-0.60
513623,-0.17,-4.56
513646,0.11,2.98
513669,-0.08,-2.31
513692,0.07,2.05
513716,-0.04,-1.26
513739,-0.14,-3.77
513763,0.08,2.31
513786,-0.11,-3.11
513809,0.08,1.92
513832,-0.05,-1.52
513856,-0.13,-3.37
513880,0.11,2.84
513903,-0.14,-3.90
513927,0.08,1.92
513949,-0.09,-2.45
513973,-0.03,-0.73
513996,-0.03,-0.73
514020,-0.03,-0.73
514043,-0.03,-0.86
514067,-0.03,-0.86
514091,-0.03,-0.86
514114,-0.03,-0.73
514138,-0.03,-0.86
514174,-0.03,-0.86
514198,-0.03,-0.86
514222,-0.03,-0.73
514245,-0.03,-0.86
514268,-0.03,-0.86
514291,-0.03,-0.86
514315,-0.03,-0.73
514338,-0.03,-0.86
514362,-0.03,-0.86
514385,-0.03,-0.86
514409,-0.03,-0.86
514433,-0.03,-0.73
514456,-0.03,-0.86
514480,-0.03,-0.86
514503,-0.03,-0.86
514527,-0.03,-0.86
514549,-0.03,-0.86
514573,-0.03,-0.86
514596,-0.03,-0.86
514620,-0.03,-0.86
514643,-0.03,-0.86
514667,-0.03,-0.73
514691,-0.03,-0.86
514714,-0.03,-0.86
514738,-0.03,-0.73
514760,-0.03,-0.86
514788,-0.03,-0.86
514811,-0.03,-0.86
514834,-0.03,-0.86
514857,-0.03,-0.86
514897,-0.04,-0.99
514921,-0.03,-0.86
514945,-0.03,-0.86
514968,-0.03,-0.99
514992,-0.03,-0.86
515015,-0.03,-0.86
515039,-0.03,-0.86
515062,-0.03,-0.86
515085,-0.03,-0.86
515108,-0.03,-0.86
515132,-0.03,-0.86
515155,-0.03,-0.86
515179,-0.03,-0.73
515203,-0.03,-0.86
515225,-0.03,-0.86
515249,-0.03,-0.86
515272,-0.03,-0.86
515296,-0.03,-0.86
515319,-0.03,-0.86
515343,-0.03,-0.86
515366,-0.03,-0.86
515393,-0.03,-0.86
515417,-0.03,-0.86
515440,-0.03,-0.86
515463,-0.03,-0.86
515486,-0.03,-0.86
515510,-0.03,-0.86
515533,-0.03,-0.86
515557,-0.03,-0.86
515580,-0.03,-0.86
515603,-0.03,-0.86
515627,-0.03,-0.86
515650,-0.03,-0.86
515674,-0.03,-0.86
515697,-0.03,-0.86
515721,-0.03,-0.86
515744,-0.03,-0.86
515767,-0.03,-0.86
515790,-0.03,-0.73
515814,-0.03,-0.73
515837,-0.03,-0.86
515861,-0.03,-0.86
515885,-0.03,-0.86
515908,-0.03,-0.86
515931,0.13,2.84
515954,-1.03,-26.79
515978,1.08,29.17
516004,-0.86,-21.49
516028,1.08,29.17
516051,-1.35,-36.97
516075,0.02,0.33
516099,-0.06,-2.84
516122,-0.57,-13.82
516146,1.01,26.26
516169,-1.15,-31.28
516193,1.01,28.24
516216,-0.42,-12.50
516240,-0.01,0.73
516262,0.27,6.94
516286,-0.18,-4.70
516310,0.14,3.77
516333,-0.29,-7.87
516357,-0.03,-0.86
516380,-0.02,-0.86
516403,-0.06,-1.26
516426,0.17,4.56
516450,-0.07,-1.79
516473,-0.02,-0.46
516497,-0.18,-5.09
516520,-0.05,-1.12
516544,0.08,2.05
516567,-0.12,-3.37
516590,0.11,3.24
516617,-0.15,-4.30
516640,-0.02,-0.33
516664,-0.15,-4.03
516687,0.02,0.73
516711,0.07,1.65
516733,-0.12,-3.37
516757,0.09,2.45
516781,-0.16,-4.30
516804,0.00,0.33
516828,0.05,0.86
516850,-0.19,-5.09
516889,0.03,0.60
516913,-0.11,-3.37
516936,-0.04,-0.86
516960,0.08,2.18
516983,-0.11,-3.24
517007,0.03,0.99
517029,-0.14,-4.03
517053,-0.03,-0.73
517076,0.08,1.92
517100,-0.16,-4.56
517124,0.07,2.05
517146,-0.13,-3.51
517170,-0.02,-0.33
517193,0.08,2.05
517217,-0.19,-5.09
517240,0.03,0.99
517267,-0.15,-4.03
517291,0.07,2.05
517313,-0.13,-3.24
517337,0.00,0.33
517360,0.04,0.73
517384,-0.16,-4.43
517407,0.06,1.65
517430,-0.13,-3.37
517453,0.01,0.73
517477,0.04,0.73
517500,-0.17,-4.56
517524,0.09,2.45
517547,-0.12,-3.11
517570,0.03,0.99
517594,0.02,0.07
517617,-0.15,-4.03
517641,0.05,1.52
517663,-0.10,-2.31
517687,0.04,1.12
517710,-0.01,-0.46
517734,-0.14,-3.90
517757,0.06,1.79
517781,-0.10,-2.58
517804,0.09,2.45
517827,-0.02,-0.73
517851,-0.15,-4.03
517874,0.09,2.45
517901,-0.16,-4.30
517924,0.10,2.58
517948,-0.07,-2.05
517971,0.07,1.65
517994,-0.06,-1.65
518018,-0.13,-3.37
518041,0.08,2.05
518065,-0.11,-3.11
518088,0.08,1.92
518111,-0.07,-2.05
518134,-0.12,-2.84
518158,0.11,2.98
518181,-0.14,-3.90
518205,0.03,0.60
518228,-0.09,-2.71
518251,-0.09,-1.79
518275,0.09,2.31
518298,-0.11,-2.98
518322,0.03,0.60
518345,-0.12,-3.64
518369,-0.06,-1.39
518392,0.06,1.65
518415,-0.11,-3.24
518438,0.07,1.79
518462,-0.13,-3.77
518486,-0.04,-0.86
518509,0.07,1.92
518536,-0.01,-0.07
518559,0.09,2.18
518583,-0.15,-4.17
518605,0.08,2.18
518629,-0.14,-3.90
518652,0.07,2.18
518676,0.06,1.26
518700,-0.16,-4.30
518723,0.05,1.39
518746,-0.12,-2.98
518769,0.03,0.99
518793,0.04,0.60
518816,-0.15,-4.17
518840,0.06,1.52
518881,-0.11,-3.37
518904,0.05,1.26
518928,-0.09,-2.58
518951,-0.09,-2.05
518975,0.11,2.98
518998,-0.12,-3.37
519021,0.02,0.46
519045,-0.11,-3.11
519068,-0.06,-1.26
519092,0.07,1.79
519115,-0.11,-3.24
519139,0.05,1.26
519161,-0.11,-3.11
519199,-0.15,-4.03
519223,0.08,2.18
519245,-0.15,-3.90
519269,-0.00,0.20
519292,0.04,0.86
519316,-0.17,-4.56
519340,0.08,2.05
519362,-0.11,-2.98
519386,0.02,0.86
519409,0.02,0.20
519433,-0.14,-3.77
519456,0.04,1.12
519480,-0.11,-2.71
519502,0.05,1.39
519526,0.00,-0.33
519549,-0.14,-3.77
519573,0.08,2.18
519597,-0.12,-3.11
519620,0.05,1.39
519643,-0.02,-0.60
519666,-0.15,-4.17
519690,0.10,2.98
519713,-0.10,-2.71
519737,0.07,1.92
519760,-0.04,-1.26
519784,-0.13,-3.51
519811,-0.06,-1.92
519834,-0.11,-2.71
519858,0.09,2.31
519880,-0.10,-2.71
519904,0.07,1.65
519927,-0.09,-2.45
519951,-0.10,-2.18
519974,0.10,2.58
519998,-0.13,-3.90
520020,0.06,1.26
520044,-0.10,-2.71
520068,-0.06,-1.26
520091,0.11,2.71
520115,-0.11,-3.11
520138,0.02,0.60
520161,-0.12,-3.51
520184,-0.04,-0.86
520208,0.07,1.79
520231,-0.13,-3.77
520255,0.05,1.52
520279,-0.12,-3.37
520301,-0.02,-0.33
520325,0.08,1.92
520348,-0.17,-4.56
520372,0.04,1.26
520395,-0.14,-3.90
520419,0.00,0.33
520445,-0.12,-3.24
520469,0.01,0.60
520492,0.04,0.86
520515,-0.15,-4.03
520539,0.03,0.73
520562,-0.12,-3.24
520586,0.07,2.05
520609,0.03,0.46
520632,-0.14,-3.90
520655,0.07,1.92
520679,-0.12,-3.24
520702,0.03,0.99
520726,0.00,-0.20
520749,-0.17,-4.56
520772,0.09,2.31
520796,-0.09,-2.18
520819,0.05,1.39
520848,-0.17,-4.56
520883,-0.13,-3.51
520906,0.07,1.92
520930,-0.11,-3.24
520953,0.07,1.92
520976,-0.05,-1.52
520999,-0.14,-3.64
521023,0.12,3.11
521047,-0.11,-3.11
521070,0.07,1.79
521097,-0.16,-4.56
521120,0.09,2.18
521144,-0.06,-1.79
521167,-0.10,-2.31
521190,0.10,2.58
521213,-0.11,-2.98
521237,0.03,0.46
521261,-0.11,-2.98
521284,-0.07,-1.52
521308,0.08,2.18
521330,-0.12,-3.37
521354,0.06,1.65
521377,-0.12,-3.37
521401,-0.06,-1.39
521424,0.08,2.18
521448,-0.18,-4.96
521472,0.04,1.26
521494,-0.10,-2.84
521518,-0.03,-0.60
521541,0.08,1.92
521565,-0.14,-3.77
521588,0.03,0.86
521611,-0.15,-4.03
521634,-0.01,0.07
521658,0.06,1.52
521681,-0.17,-4.56
521705,0.08,2.31
521732,-0.16,-4.30
521755,0.06,1.52
521779,-0.15,-3.90
521802,0.09,2.45
521825,0.04,0.60
521848,-0.14,-3.90
521872,0.05,1.52
521895,-0.12,-2.98
521919,0.03,0.99
521942,0.01,-0.20
521965,-0.15,-3.90
521989,0.08,2.31
522012,-0.11,-2.71
522036,0.03,0.86
522059,-0.01,-0.60
522082,-0.17,-4.43
522105,0.08,2.31
522129,-0.10,-2.58
522152,0.07,2.05
522176,-0.02,-0.86
522200,-0.14,-3.90
522222,0.07,2.05
522246,-0.10,-2.84
522269,0.07,1.65
522293,-0.05,-1.39
522316,-0.13,-3.37
522340,0.11,2.84
522360,-0.12,-3.37
522384,-0.04,-0.86
522407,0.09,2.31
522431,-0.15,-4.30
522455,0.06,1.65
522477,-0.14,-3.90
522501,-0.03,-0.46
522524,0.08,1.92
522548,-0.15,-4.30
522571,0.04,1.12
522595,-0.13,-3.51
522617,0.00,0.33
522641,0.06,1.39
522664,-0.15,-4.30
522688,0.06,1.79
522712,-0.14,-3.77
522735,0.01,0.46
522758,0.06,1.26
522781,-0.17,-4.70
522805,0.07,1.92
522828,-0.14,-3.64
522867,-0.08,-1.79
522891,0.06,1.52
522914,-0.14,-4.03
522938,0.04,1.26
522961,-0.13,-3.51
522988,0.04,1.26
523012,-0.14,-3.77
523034,0.01,0.60
523058,0.05,0.99
523081,-0.16,-4.30
523105,0.07,1.79
523128,-0.14,-3.64
523151,0.02,0.86
523174,0.05,0.86
523198,-0.16,-4.43
523222,0.07,1.92
523245,-0.12,-3.11
523269,0.02,0.73
523291,0.01,0.07
523315,-0.15,-3.90
523338,0.06,1.65
523362,-0.11,-2.84
523385,0.04,1.39
523408,0.00,-0.33
523431,-0.16,-4.17
523455,0.07,2.05
523479,-0.12,-3.24
523502,0.10,2.71
523526,-0.01,-0.33
523548,-0.14,-3.90
523572,0.07,2.05
523595,-0.09,-2.58
523622,0.08,2.18
523645,-0.09,-2.58
523669,0.08,2.05
523693,-0.04,-1.39
523716,-0.13,-3.51
523740,0.11,2.84
523762,-0.12,-3.51
523786,0.07,1.92
523809,-0.07,-2.05
523833,-0.13,-3.11
523856,0.11,2.98
523880,-0.11,-2.84
523902,0.04,0.99
523926,-0.09,-2.58
523950,-0.09,-1.92
523973,0.08,2.05
523997,-0.11,-2.98
524020,0.05,1.26
524043,-0.11,-2.98
524066,-0.07,-1.52
524090,0.10,2.58
524113,-0.15,-4.17
524137,0.05,1.39
524161,-0.13,-3.64
524184,-0.04,-0.86
524207,0.08,2.18
524230,-0.13,-3.64
524268,0.01,0.46
524291,0.05,0.99
524314,-0.14,-3.90
524338,0.06,1.65
524361,-0.15,-3.90
524385,0.02,0.86
524408,0.04,0.73
524431,-0.16,-4.43
524454,0.06,1.79
524478,-0.15,-3.90
524502,0.05,1.39
524525,0.02,0.20
524549,-0.14,-3.64
524571,0.08,2.05
524595,-0.10,-2.58
524618,0.03,0.99
524642,-0.02,-0.86
524665,-0.15,-3.90
524689,0.08,2.45
524712,-0.09,-2.58
524735,0.08,2.45
524759,-0.04,-1.39
524782,-0.16,-4.03
524806,0.11,2.84
524835,0.07,2.18
524870,0.02,0.33
524893,-0.10,-2.71
524920,0.04,0.86
524943,-0.11,-2.98
524966,-0.05,-0.99
524990,0.06,1.79
525014,-0.15,-4.43
525037,0.03,1.12
525061,-0.12,-3.37
525084,-0.03,-0.60
525107,0.07,1.79
525130,-0.18,-4.96
525154,0.07,2.05
525177,-0.13,-3.51
525201,-0.00,0.20
525224,0.07,1.39
525247,-0.15,-4.03
525271,0.01,0.46
525294,-0.13,-3.37
525318,0.09,2.58
525341,0.04,0.73
525365,-0.15,-4.03
525388,0.09,2.45
525411,-0.11,-2.84
525434,0.03,1.12
525458,0.01,-0.07
525481,-0.18,-4.70
525505,0.08,2.18
525529,-0.05,-1.12
525555,0.07,2.05
525579,-0.11,-2.84
525602,0.02,0.73
525625,-0.03,-0.99
525648,-0.14,-3.64
525672,0.11,2.98
525696,-0.10,-2.58
525719,0.08,2.05
525743,-0.06,-1.92
525765,-0.16,-4.03
525789,0.09,2.58
525812,-0.12,-3.64
525836,0.11,2.98
525859,-0.06,-1.92
525883,-0.10,-2.31
525906,0.07,1.92
525930,-0.16,-4.30
525953,0.02,0.33
525976,-0.09,-2.45
526000,-0.05,-0.86
526023,0.10,2.71
526047,-0.13,-3.77
526070,-0.00,0.07
526094,-0.14,-4.03
526116,-0.03,-0.33
526140,0.09,2.18
526163,-0.16,-4.43
526190,0.08,1.79
526214,-0.17,-4.56
526237,0.05,1.26
526261,-0.12,-3.24
526284,0.02,0.60
526308,0.04,0.60
526330,-0.15,-4.03
526354,0.06,1.52
526377,-0.13,-3.24
526401,0.04,1.26
526425,0.02,0.07
526448,-0.16,-4.30
526472,0.09,2.31
526494,-0.12,-3.24
526518,0.05,1.65
526541,-0.01,-0.60
526565,-0.15,-4.03
526588,0.08,2.31
526612,-0.07,-2.05
526636,0.05,1.39
526658,-0.05,-1.65
526682,-0.14,-3.77
526705,0.09,2.31
526729,-0.11,-3.24
526752,0.09,2.45
526776,-0.06,-1.92
526799,-0.12,-2.98
526842,-0.07,-2.18
526866,-0.07,-1.52
526889,0.06,1.65
526913,-0.12,-3.51
526937,0.05,1.52
526960,-0.11,-2.84
526984,-0.04,-0.86
527006,0.06,1.65
527030,-0.16,-4.43
527053,0.04,1.39
527077,-0.12,-3.51
527100,-0.00,0.20
527124,0.09,1.92
527147,-0.17,-4.70
527170,0.04,1.12
527194,-0.16,-4.30
527217,0.02,0.73
527241,0.06,1.26
527264,-0.14,-3.77
527288,0.08,2.05
527310,-0.04,-0.99
527334,-0.04,-0.86
527357,-0.03,-0.86
527381,-0.03,-0.86
527405,-0.03,-0.86
527428,-0.03,-0.86
527455,-0.03,-0.86
527478,-0.04,-0.86
527502,-0.03,-0.86
527525,-0.03,-0.86
527549,-0.03,-0.86
527571,-0.03,-0.86
527595,-0.03,-0.86
527619,-0.03,-0.86
527642,-0.03,-0.86
527666,-0.03,-0.86
527689,-0.03,-0.86
527713,-0.03,-0.86
527736,-0.03,-0.86
527760,-0.03,-0.86
527782,-0.04,-0.86
527806,-0.03,-0.86
527830,-0.03,-0.86
527853,-0.03,-0.86
527877,-0.03,-0.86
527900,-0.03,-0.86
527924,-0.03,-0.86
527947,-0.03,-0.86
527971,-0.03,-0.86
527993,-0.03,-0.86
528017,-0.03,-0.86
528040,-0.03,-0.86
528067,-0.03,-0.86
528091,-0.03,-0.86
528114,-0.03,-0.86
528138,-0.03,-0.86
528161,-0.03,-0.86
528185,-0.03,-0.86
528208,-0.03,-0.86
528232,-0.03,-0.86
528256,-0.03,-0.86
528278,-0.04,-0.86
528302,-0.03,-0.86
528325,-0.03,-0.86
528349,-0.03,-0.86
528372,-0.03,-0.86
528396,-0.03,-0.86
528419,-0.03,-0.86
528443,-0.03,-0.86
528466,-0.04,-0.86
528489,-0.03,-0.86
528513,-0.03,-0.86
528536,-0.03,-0.86
528560,-0.03,-0.86
528583,-0.03,-0.86
528607,-0.03,-0.86
528630,-0.03,-0.86
528753,-0.07,-1.79
528832,-0.07,-1.65
528856,-0.05,-1.39
528879,-0.05,-1.12
528903,-0.04,-0.99
528926,-0.04,-0.99
528949,-0.04,-0.86
528979,-0.04,-0.99
529012,-0.04,-0.99
529036,-0.04,-0.99
529059,-0.03,-0.86
529083,-0.03,-0.86
529106,-0.03,-0.86
529130,-0.03,-0.86
529154,-0.03,-0.86
529177,-0.03,-0.86
529201,-0.03,-0.86
529223,-0.03,-0.86
529247,-0.03,-0.73
529270,-0.03,-0.86
529294,-0.03,-0.86
529317,-0.03,-0.86
529341,-0.03,-0.73
529364,-0.03,-0.73
529388,-0.03,-0.86
529412,-0.03,-0.86
529448,-0.03,-0.86
529472,-0.03,-0.86
529496,-0.03,-0.86
529519,-0.03,-0.86
529543,-0.03,-0.86
529565,-0.03,-0.86
529589,-0.03,-0.73
529612,-0.03,-0.86
529636,-0.03,-0.86
529659,-0.03,-0.86
529683,-0.03,-0.99
529707,-0.03,-0.86
529730,-0.03,-0.86
529754,-0.03,-0.86
529777,-0.03,-0.86
529801,-0.03,-0.73
529823,-0.03,-0.86
529847,-0.03,-0.86
529870,-0.03,-0.86
529894,-0.03,-0.73
529917,-0.03,-0.86
529941,-0.03,-0.73
529965,-0.03,-0.86
529988,-0.03,-0.86
530012,-0.03,-0.86
530035,-0.03,-0.86
530062,-0.03,-0.86
530085,-0.03,-0.86
530109,-0.03,-0.86
530131,-0.03,-0.86
530155,-0.03,-0.86
530179,-0.03,-0.86
530202,-0.03,-0.86
530226,-0.03,-0.73
530249,-0.03,-0.86
530273,-0.03,-0.86
530296,-0.03,-0.86
530320,-0.03,-0.73
530343,-0.03,-0.86
530366,-0.85,-21.36
530390,1.08,29.30
530413,-1.41,-38.69
530437,0.89,25.59
530460,-0.26,-8.53
530484,-0.44,-10.25
530507,1.01,26.26
530531,-1.45,-39.09
530554,1.08,29.30
530578,-0.65,-19.25
530601,-0.06,-0.20
530625,0.66,16.34
530652,0.13,5.09
530675,0.47,11.31
530699,-1.07,-27.84
530722,1.08,29.30
530746,-0.90,-25.33
530769,0.33,9.85
530793,0.06,0.86
530816,-0.25,-6.42
530839,0.08,2.05
530863,-0.24,-6.28
530886,0.14,3.90
530910,-0.02,-0.46
530933,0.07,1.92
530957,0.06,1.12
530997,-0.12,-3.37
531020,0.05,1.39
531044,-0.19,-5.22
531067,0.07,1.92
531091,-0.01,-0.33
531115,-0.12,-3.11
531138,0.14,4.03
531161,-0.11,-3.24
531184,0.01,0.20
531208,-0.08,-2.31
531231,-0.11,-2.31
531255,0.09,2.18
531278,-0.07,-1.92
531305,0.08,1.92
531329,-0.15,-4.30
531352,0.01,0.60
531376,-0.11,-3.24
531399,-0.01,0.07
531423,0.08,2.05
531446,-0.15,-4.03
531470,0.05,1.39
531493,-0.14,-3.51
531517,0.03,0.99
531540,0.01,-0.07
531563,-0.14,-3.77
531587,0.07,1.92
531610,-0.10,-2.58
531634,0.05,1.52
531657,-0.04,-1.12
531681,-0.13,-3.51
531704,0.10,2.71
531728,-0.10,-2.71
531751,0.06,1.39
531775,-0.09,-2.58
531799,-0.07,-1.52
531822,0.08,2.18
531846,-0.12,-3.37
531869,0.04,1.12
531893,-0.12,-3.37
531916,-0.01,-0.20
531943,-0.12,-3.24
531966,0.04,1.12
531990,0.01,-0.20
532014,-0.14,-3.64
532037,0.05,1.52
532061,-0.09,-2.45
532084,0.07,1.92
532108,-0.05,-1.39
532131,-0.12,-3.24
532154,0.09,2.45
532177,-0.12,-3.37
532201,0.06,1.39
532225,-0.09,-2.58
532248,-0.05,-0.86
532272,0.09,2.18
532295,-0.13,-3.90
532319,0.03,0.86
532342,-0.14,-4.03
532366,0.01,0.60
532389,0.06,1.12
532413,-0.14,-3.90
532436,0.06,1.65
532460,-0.11,-2.71
532484,0.05,1.39
532507,-0.03,-0.86
532531,-0.13,-3.51
532554,0.09,2.58
532581,-0.12,-3.11
532604,0.09,2.58
532628,-0.12,-3.37
532652,0.07,1.65
532675,-0.09,-2.45
532699,-0.06,-1.39
532721,0.09,2.45
532745,-0.12,-3.51
532768,0.00,0.20
532792,-0.12,-3.37
532815,-0.02,-0.20
532839,0.08,1.92
532862,-0.12,-3.37
532886,0.03,1.12
532910,-0.14,-3.90
532932,0.00,0.33
532956,0.06,1.26
532996,-0.16,-4.43
533019,0.06,1.52
533043,-0.12,-3.11
533066,0.03,0.86
533090,0.01,0.07
533113,-0.17,-4.43
533137,0.08,2.05
533159,-0.08,-1.92
533183,0.03,1.12
533207,-0.01,-0.73
533233,0.05,1.52
533257,-0.01,-0.46
533280,-0.12,-3.24
533304,0.10,2.98
533327,-0.12,-3.37
533351,0.03,0.99
533373,-0.05,-1.52
533397,-0.13,-3.37
533421,0.11,3.11
533444,-0.08,-2.45
533468,0.06,1.39
533491,-0.10,-2.84
533515,-0.11,-2.31
533538,0.06,1.65
533562,-0.11,-2.98
533584,0.07,1.79
533608,-0.11,-2.98
533632,-0.05,-1.12
533655,0.06,1.65
533679,-0.15,-4.30
533702,0.03,0.99
533726,-0.11,-3.11
533749,-0.01,0.07
533772,0.09,2.05
533795,-0.17,-4.56
533819,0.05,1.39
533846,-0.16,-4.43
533869,0.08,2.18
533893,-0.12,-3.24
533916,0.01,0.60
533940,0.01,-0.07
533963,-0.15,-4.17
533987,0.07,1.92
534010,-0.05,-1.26
534034,0.05,1.26
534056,-0.04,-1.26
534080,-0.14,-3.77
534104,0.09,2.45
534127,-0.13,-3.64
534151,0.09,2.31
534174,-0.06,-1.79
534198,-0.11,-2.58
534221,0.11,2.71
534245,-0.16,-4.30
534268,0.03,0.73
534291,-0.09,-2.31
534315,-0.04,-0.73
534338,0.09,2.31
534362,-0.13,-3.77
534385,0.01,0.33
534409,-0.13,-3.64
534432,0.02,0.60
534456,0.06,1.12
534493,-0.13,-3.37
534516,0.05,1.52
534540,-0.02,-0.60
534563,-0.13,-3.77
534587,0.11,2.98
534610,-0.12,-3.64
534634,0.08,2.05
534658,-0.05,-1.65
534681,-0.10,-2.45
534705,0.09,2.31
534728,-0.11,-3.11
534752,-0.01,-0.20
534775,-0.11,-2.98
534799,-0.02,-0.46
534822,0.07,1.79
534846,-0.15,-4.17
534870,0.06,1.65
534892,-0.15,-3.90
534916,0.04,1.52
534939,0.05,0.86
534969,0.04,0.99
535003,0.07,1.92
535026,-0.15,-4.17
535050,0.01,0.46
535073,0.02,0.20
535096,-0.15,-3.90
535119,0.08,2.31
535146,-0.14,-3.64
535170,0.03,0.86
535193,-0.11,-2.84
535217,0.11,2.71
535240,-0.01,-0.60
535264,-0.14,-3.90
535287,0.11,3.11
535311,-0.11,-2.98
535334,0.05,1.39
535357,-0.06,-1.79
535380,-0.14,-3.37
535404,0.11,3.11
535428,-0.08,-2.05
535451,0.05,1.12
535475,-0.11,-3.11
535498,-0.08,-1.92
535522,0.05,1.26
535544,-0.11,-3.11
535568,0.06,1.52
535591,-0.11,-3.24
535615,-0.04,-0.86
535639,0.08,2.05
535662,-0.18,-5.09
535686,0.06,1.65
535709,-0.11,-2.98
535733,0.04,1.39
535755,0.08,1.92
535783,-0.02,-0.20
535805,0.05,0.99
535829,-0.13,-3.77
535853,0.09,2.58
535876,-0.12,-3.11
535900,0.00,0.33
535923,0.00,-0.20
535947,-0.16,-4.43
535970,0.06,1.79
535993,-0.09,-2.05
536016,0.06,1.79
536040,-0.02,-0.73
536064,-0.15,-4.17
536087,0.07,2.18
536111,-0.11,-3.11
536134,0.09,2.45
536158,-0.04,-1.26
536181,-0.12,-3.24
536204,0.08,2.18
536227,-0.12,-3.51
536251,0.07,1.52
536274,-0.08,-2.05
536298,-0.08,-1.65
536322,0.10,2.71
536345,-0.13,-3.64
536369,0.03,0.73
536391,-0.11,-3.24
536419,0.06,1.52
536442,-0.11,-3.24
536466,-0.02,-0.46
536488,0.09,2.18
536512,-0.18,-4.96
536536,0.03,0.73
536559,-0.11,-2.98
536583,0.02,0.60
536606,0.05,0.86
536630,-0.16,-4.30
536653,0.05,1.39
536676,-0.12,-3.11
536699,0.04,1.12
536723,0.01,-0.07
536747,-0.15,-4.03
536770,0.06,1.79
536794,-0.11,-2.71
536817,0.06,1.79
536841,-0.03,-0.86
536863,-0.14,-3.77
536887,0.09,2.58
536910,-0.09,-2.45
536934,0.06,1.52
536964,-0.14,-3.64
536997,-0.10,-2.31
537021,0.09,2.18
537044,-0.11,-3.11
537066,0.00,0.20
537090,0.07,1.52
537112,-0.17,-4.56
537136,0.05,1.39
537159,-0.13,-3.51
537183,0.03,1.12
537206,0.04,0.60
537230,-0.14,-3.90
537253,0.04,1.26
537276,-0.11,-2.98
537299,0.04,1.12
537323,-0.02,-0.60
537347,-0.13,-3.64
537370,0.08,2.31
537394,-0.09,-2.31
537417,0.06,1.79
537441,-0.05,-1.52
537464,-0.14,-3.77
537488,0.10,2.71
537510,-0.11,-2.98
537534,0.09,2.31
537558,-0.08,-2.31
537581,-0.10,-2.31
537605,0.08,2.18
537628,-0.12,-3.24
537652,0.04,0.86
537678,-0.11,-2.98
537702,0.03,0.73
537725,-0.12,-3.64
537749,-0.03,-0.60
537773,0.08,1.92
537795,-0.16,-4.43
537819,0.06,1.52
537842,-0.12,-3.37
537866,0.00,0.33
537889,0.06,1.12
537913,-0.18,-4.83
537936,0.05,1.39
537959,-0.10,-2.45
537982,0.03,1.12
538006,-0.01,-0.46
538030,-0.13,-3.64
538053,0.06,1.79
538077,-0.11,-3.11
538100,0.07,1.92
538124,-0.03,-0.99
538147,-0.14,-3.64
538171,0.12,3.37
538193,-0.10,-2.84
538217,0.07,1.65
538241,-0.09,-2.71
538264,-0.11,-2.71
538288,0.08,2.18
538314,-0.06,-1.39
538338,0.09,2.18
538361,-0.13,-3.64
538385,-0.01,-0.20
538408,-0.12,-3.37
538432,-0.01,-0.07
538456,0.09,2.18
538478,-0.15,-4.30
538502,0.08,2.18
538525,-0.16,-4.17
538549,-0.00,0.20
538572,0.05,0.86
538596,-0.19,-5.09
538619,0.09,2.45
538642,-0.03,-0.73
538665,-0.03,-0.73
538689,-0.03,-0.73
538713,-0.03,-0.86
538736,-0.03,-0.86
538760,-0.03,-0.86
538783,-0.03,-0.86
538807,-0.03,-0.86
538830,-0.03,-0.86
538854,-0.03,-0.73
538877,-0.03,-0.86
538901,-0.03,-0.86
538928,-0.03,-0.86
538956,-0.03,-0.99
538991,-0.04,-0.99
539015,-0.04,-0.99
539038,-0.03,-0.86
539062,-0.03,-0.86
539085,-0.03,-0.86
539108,-0.03,-0.86
539131,-0.03,-0.86
539155,-0.03,-0.86
539179,-0.03,-0.99
539202,-0.03,-0.86
539226,-0.03,-0.86
539249,-0.03,-0.86
539273,-0.03,-0.86
539296,-0.03,-0.86
539320,-0.03,-0.86
539343,-0.04,-0.86
539367,-0.03,-0.86
539390,-0.03,-0.86
539414,-0.03,-0.86
539437,-0.03,-0.86
539460,-0.03,-0.86
539484,-0.03,-0.73
539507,-0.03,-0.86
539531,-0.03,-0.86
539569,-0.03,-0.99
539592,-0.03,-0.86
539615,-0.03,-0.86
539638,-0.03,-0.86
539662,-0.03,-0.86
539685,-0.03,-0.86
539709,-0.03,-0.86
539732,-0.03,-0.86
539756,-0.03,-0.86
539780,-0.03,-0.86
539803,-0.03,-0.86
539827,-0.03,-0.86
539850,-0.03,-0.86
539874,-0.03,-0.73
539897,-0.03,-0.86
539921,-0.03,-0.86
539943,-0.03,-0.86
539967,-0.03,-0.86
539991,-0.03,-0.86
540014,-0.03,-0.86
540038,-0.03,-0.86
540061,-0.03,-0.86
540085,-0.03,-0.86
540108,-0.03,-0.86
540132,-0.03,-0.86
540155,-0.03,-0.86
540182,-0.03,-0.86
540206,-0.03,-0.86
540229,-0.03,-0.86
540253,-0.04,-0.86
540276,-0.03,-0.86
540300,-0.03,-0.86
540323,-0.03,-0.86
540347,-0.03,-0.86
540370,-0.03,-0.86
540393,-0.03,-0.86
540417,-0.03,-0.86
540440,-0.03,-0.86
540464,-0.03,-0.86
540487,-0.03,-0.86
540511,-0.03,-0.86
540534,-0.03,-0.86
540558,-0.03,-0.86
540581,-0.03,-0.86
540605,-0.04,-0.86
540628,-0.03,-0.86
540652,-0.03,-0.86
540676,-0.03,-0.86
540698,-0.03,-0.86
540722,-0.03,-0.86
540745,-0.03,-0.86
540773,-0.03,-0.86
540796,-0.03,-0.86
540819,-0.03,-0.86
540843,-0.03,-0.86
540866,-0.03,-0.86
540890,-0.03,-0.73
540913,-0.03,-0.86
540937,-0.03,-0.86
540977,-0.04,-0.86
541018,-0.04,-1.12
541041,-0.04,-0.86
541065,-0.04,-0.99
541088,-0.03,-0.86
541112,-0.03,-0.86
541135,-0.03,-0.86
541159,-0.03,-0.86
541182,-0.03,-0.86
541206,-0.03,-0.99
541229,-0.03,-0.86
541252,-0.03,-0.86
541276,-0.03,-0.99
541299,-0.03,-0.86
541323,-0.03,-0.86
541346,-0.03,-0.86
541370,-0.03,-0.86
541393,-0.03,-0.86
541420,0.05,1.26
541444,-1.42,-38.95
541467,0.95,27.18
541491,-0.13,-5.09
541514,-0.57,-13.69
541538,1.08,29.17
541561,-1.44,-38.82
541585,1.08,29.17
541608,-0.63,-18.85
541632,-0.01,1.26
541656,0.63,15.41
541679,-1.23,-32.21
541703,1.08,29.17
541726,-1.10,-30.89
541750,0.46,13.95
541773,0.06,0.07
541797,-0.73,-18.32
541820,1.00,26.39
541844,-0.98,-26.92
541868,0.44,12.63
541891,0.00,-0.33
541915,-0.11,-2.98
541937,-0.06,-1.79
541961,-0.21,-5.49
541984,0.08,2.31
542008,-0.03,-0.86
542035,0.17,4.70
542058,-0.17,-4.70
542082,-0.07,-2.05
542105,-0.11,-3.24
542129,-0.04,-0.60
542152,0.10,2.58
542176,-0.07,-2.05
542199,0.05,1.39
542223,-0.18,-5.09
542246,-0.03,-0.60
542270,0.05,0.99
542292,-0.18,-4.70
542316,0.09,2.58
542340,-0.09,-2.31
542363,0.02,0.60
542387,-0.01,-0.46
542410,-0.16,-4.30
542434,0.04,1.39
542457,-0.09,-2.18
542481,0.08,2.18
542503,-0.03,-0.99
542527,-0.14,-3.64
542551,0.10,2.84
542574,-0.12,-3.37
542598,0.07,1.65
542621,-0.08,-2.31
542648,0.04,0.99
542671,-0.10,-2.84
542695,-0.06,-1.39
542718,0.07,1.79
542742,-0.12,-3.37
542766,0.02,0.73
542789,-0.12,-3.51
542813,-0.02,-0.33
542836,0.07,1.65
542859,-0.16,-4.56
542882,0.06,1.65
542906,-0.13,-3.37
542929,0.02,0.86
542953,0.03,0.46
542996,-0.02,-0.46
543020,-0.02,-0.73
543043,-0.15,-3.90
543067,0.06,1.92
543090,-0.07,-1.92
543114,0.06,1.79
543137,-0.06,-1.79
543161,-0.13,-3.37
543184,0.09,2.45
543208,-0.11,-3.11
543230,0.08,2.05
543254,-0.09,-2.71
543278,-0.08,-1.79
543304,-0.16,-4.17
543328,-0.04,-0.99
543351,0.07,1.92
543375,-0.11,-3.11
543398,0.04,1.12
543422,-0.13,-3.64
543446,-0.02,-0.20
543469,0.04,0.86
543493,-0.17,-4.56
543516,0.06,1.65
543540,-0.11,-2.71
543562,0.03,1.12
543586,-0.00,-0.33
543609,-0.16,-4.17
543633,0.04,1.26
543656,-0.08,-2.18
543680,0.08,2.31
543704,-0.03,-1.12
543727,-0.12,-3.37
543751,0.08,2.05
543774,-0.13,-3.64
543798,0.08,1.92
543820,-0.07,-2.05
543844,-0.08,-1.79
543867,0.10,2.45
543891,-0.14,-3.90
543915,0.01,0.07
543941,-0.12,-3.37
543965,0.05,1.39
543988,-0.12,-3.51
544012,-0.03,-0.60
544035,0.06,1.39
544059,-0.17,-4.70
544082,0.05,1.39
544105,-0.11,-2.58
544129,0.02,0.86
544152,0.01,0.07
544176,-0.16,-4.30
544199,0.04,1.26
544223,-0.10,-2.31
544246,0.06,1.65
544270,-0.02,-0.73
544293,-0.14,-3.77
544317,0.08,2.31
544339,-0.11,-2.98
544363,0.07,2.05
544387,-0.06,-1.79
544410,-0.12,-2.98
544434,0.11,2.84
544457,-0.12,-3.24
544481,0.04,0.86
544504,-0.09,-2.58
544528,-0.05,-0.99
544565,0.03,0.99
544588,-0.11,-3.24
544612,-0.01,0.07
544635,0.05,0.86
544659,-0.17,-4.56
544683,0.07,2.18
544705,-0.10,-2.31
544729,0.03,0.86
544752,-0.01,-0.60
544776,-0.16,-4.17
544799,0.05,1.65
544823,-0.08,-2.05
544846,0.08,2.18
544870,-0.05,-1.39
544893,-0.12,-3.11
544917,0.08,2.05
544941,-0.12,-3.37
544969,-0.04,-1.26
545002,0.04,0.73
545026,-0.17,-4.70
545049,0.07,1.92
545072,-0.12,-2.98
545095,0.02,0.86
545119,-0.01,-0.46
545142,-0.16,-4.17
545166,0.09,2.58
545189,-0.07,-1.92
545216,0.06,1.79
545240,-0.13,-3.64
545263,0.07,1.92
545287,-0.05,-1.39
545310,-0.09,-2.05
545334,0.11,3.11
545357,-0.13,-3.77
545381,0.02,0.20
545403,-0.11,-2.98
545427,-0.05,-0.99
545451,0.10,2.58
545474,-0.12,-3.51
545498,0.03,0.99
545521,-0.16,-4.56
545545,-0.02,-0.20
545568,0.05,0.99
545592,-0.14,-3.77
545615,0.08,2.18
545639,-0.11,-2.71
545662,0.01,0.46
545685,-0.02,-0.73
545709,-0.16,-4.30
545732,0.08,2.31
545756,-0.08,-2.18
545779,0.08,2.31
545803,-0.05,-1.65
545826,-0.14,-3.37
545853,-0.07,-2.18
545876,-0.09,-2.05
545900,0.11,2.98
545924,-0.08,-2.31
545947,-0.01,-0.20
545971,-0.13,-3.77
545994,-0.04,-0.73
546018,0.07,1.92
546041,-0.14,-3.90
546065,0.06,1.79
546088,-0.14,-3.77
546112,0.00,0.33
546135,0.04,0.60
546158,-0.16,-4.17
546182,0.04,1.26
546205,-0.12,-2.98
546229,0.10,2.58
546252,-0.01,-0.60
546276,-0.12,-3.24
546299,0.07,2.05
546323,-0.11,-3.24
546347,0.07,1.79
546369,-0.05,-1.65
546393,-0.12,-2.84
546416,0.12,3.37
546440,-0.11,-2.84
546463,0.03,0.46
546485,0.06,1.39
546508,-0.19,-5.22
546532,0.03,0.73
546555,-0.12,-2.98
546579,0.05,1.52
546601,0.01,-0.07
546625,-0.13,-3.37
546649,0.05,1.52
546672,-0.12,-3.37
546696,0.05,1.52
546719,-0.03,-0.86
546743,-0.13,-3.37
546766,0.11,3.11
546790,-0.10,-2.71
546813,0.05,1.12
546837,-0.08,-2.45
546860,-0.10,-2.18
546883,0.08,2.05
546907,-0.10,-2.84
546930,0.06,1.39
546954,-0.10,-2.98
546996,0.01,0.60
547019,-0.06,-1.79
547043,-0.13,-3.51
547066,0.08,2.31
547090,-0.10,-2.71
547117,0.11,2.71
547140,-0.13,-3.51
547164,0.03,0.46
547187,-0.10,-2.71
547211,-0.05,-0.99
547234,0.09,2.31
547258,-0.14,-4.03
547280,0.03,0.99
547304,-0.12,-3.37
547328,-0.02,-0.20
547351,0.06,1.52
547375,-0.15,-4.17
547398,0.04,1.12
547422,-0.14,-3.64
547445,0.03,1.12
547469,0.02,0.20
547492,-0.14,-3.77
547516,0.06,1.65
547538,-0.10,-2.45
547562,0.05,1.39
547586,-0.03,-0.86
547609,-0.13,-3.64
547633,0.09,2.58
547656,-0.09,-2.45
547680,0.05,1.52
547703,-0.07,-1.92
547727,-0.11,-2.45
547753,-0.09,-2.45
547777,-0.07,-1.39
547801,0.09,2.18
547824,-0.13,-3.77
547848,0.00,-0.07
547871,-0.11,-2.98
547895,-0.01,0.07
547918,0.08,1.79
547941,-0.14,-4.03
547964,0.02,0.73
547988,-0.14,-3.90
548012,0.03,0.86
548035,0.03,0.33
548059,-0.13,-3.64
548082,0.06,1.65
548106,-0.10,-2.45
548129,0.04,1.26
548153,-0.03,-0.99
548176,-0.15,-4.03
548200,0.08,2.45
548222,-0.11,-2.84
548246,0.07,1.65
548270,-0.07,-2.05
548293,-0.12,-2.98
548317,0.11,3.11
548340,-0.14,-4.03
548364,0.04,0.99
548390,-0.13,-3.64
548414,0.00,-0.07
548438,-0.11,-3.11
548461,-0.02,-0.33
548485,0.08,1.92
548508,-0.15,-4.30
548532,0.04,1.26
548555,-0.14,-3.90
548579,0.02,0.86
548601,0.04,0.46
548625,-0.16,-4.30
548648,0.05,1.52
548672,-0.12,-3.11
548696,0.06,1.65
548719,-0.01,-0.46
548743,-0.12,-3.24
548766,0.06,1.79
548790,-0.11,-3.11
548813,0.06,1.65
548837,-0.05,-1.65
548860,-0.12,-2.84
548884,0.11,2.98
548907,-0.13,-3.64
548930,0.06,1.26
548954,-0.10,-2.84
548994,-0.10,-2.31
549018,0.08,2.05
549141,-0.14,-3.90
549220,-0.08,-2.18
549243,-0.14,-3.64
549267,0.11,2.71
549291,-0.14,-3.77
549314,0.04,0.86
549338,-0.10,-2.98
549361,-0.07,-1.52
549385,0.07,1.92
549407,-0.10,-2.84
549431,0.03,0.86
549454,-0.13,-3.64
549478,-0.03,-0.46
549501,0.06,1.39
549525,-0.15,-4.30
549549,0.06,1.79
549572,-0.14,-3.51
549596,0.02,0.60
549619,0.03,0.46
549643,-0.17,-4.56
549666,0.05,1.39
549689,-0.09,-2.18
549712,0.07,2.18
549736,-0.02,-0.73
549760,-0.13,-3.51
549783,0.06,1.92
549821,-0.09,-2.58
549844,-0.10,-2.18
549868,0.08,1.92
549891,-0.13,-3.51
549914,0.06,1.65
549938,-0.11,-2.98
549961,-0.04,-0.99
549985,0.08,2.05
550008,-0.17,-4.70
550032,0.06,1.65
550055,-0.11,-3.11
550079,0.01,0.33
550103,0.04,0.73
550126,-0.15,-4.17
550150,-0.03,-0.73
550173,-0.03,-0.73
550197,-0.03,-0.73
550220,-0.03,-0.73
550244,-0.03,-0.86
550266,-0.03,-0.86
550290,-0.03,-0.86
550313,-0.03,-0.86
550337,-0.03,-0.86
550361,-0.03,-0.86
550384,-0.03,-0.86
550408,-0.03,-0.86
550431,-0.03,-0.86
550458,-0.03,-0.86
550481,-0.03,-0.86
550505,-0.03,-0.86
550529,-0.03,-0.86
550552,-0.03,-0.86
550576,-0.03,-0.86
550599,-0.03,-0.86
550623,-0.03,-0.73
550646,-0.03,-0.86
550670,-0.03,-0.86
550693,-0.03,-0.86
550717,-0.03,-0.86
550740,-0.03,-0.86
550764,-0.03,-0.86
550788,-0.03,-0.86
550811,-0.03,-0.86
550835,-0.03,-0.86
550858,-0.03,-0.86
550882,-0.03,-0.73
550905,-0.03,-0.73
550929,-0.03,-0.86
550952,-0.03,-0.86
550975,-0.03,-0.86
550999,-0.03,-0.86
551022,-0.03,-0.86
551050,-0.03,-0.86
551073,-0.03,-0.86
551097,-0.03,-0.86
551130,-0.04,-0.99
551164,-0.04,-0.99
551188,-0.03,-0.99
551212,-0.04,-0.86
551235,-0.03,-0.99
551259,-0.03,-0.86
551282,-0.03,-0.86
551306,-0.03,-0.86
551329,-0.03,-0.86
551353,-0.03,-0.86
551375,-0.03,-0.86
551399,-0.03,-0.86
551422,-0.03,-0.86
551446,-0.03,-0.86
551470,-0.03,-0.86
551493,-0.03,-0.86
551517,-0.03,-0.86
551540,-0.03,-0.86
551564,-0.03,-0.86
551587,-0.03,-0.86
551611,-0.03,-0.86
551634,-0.03,-0.86
551658,-0.03,-0.86
551685,-0.03,-0.86
551708,-0.03,-0.86
551732,-0.03,-0.86
551755,-0.04,-0.86
551779,-0.03,-0.86
551802,-0.03,-0.86
551826,-0.04,-0.86
551849,-0.03,-0.86
551873,-0.03,-0.86
551897,-0.03,-0.86
551920,-0.03,-0.86
551944,-0.03,-0.86
551967,-0.03,-0.86
551991,-0.03,-0.86
552014,-0.03,-0.86
552038,-0.03,-0.86
552060,-0.03,-0.86
552084,-0.03,-0.86
552108,-0.03,-0.86
552131,-0.03,-0.86
552155,-0.03,-0.86
552178,-0.03,-0.86
552202,-0.03,-0.86
552225,-0.03,-0.86
552249,-0.03,-0.73
552275,-0.03,-0.86
552299,-0.03,-0.86
552323,-0.03,-0.86
552346,-0.03,-0.99
552370,-0.03,-0.86
552393,-0.03,-0.86
552417,-0.03,-0.86
552440,-0.03,-0.86
552464,-0.03,-0.86
552487,-0.03,-0.86
552511,-0.03,-0.86
552535,-0.03,-0.86
552558,-0.03,-0.86
552582,-0.03,-0.86
552605,-0.03,-0.86
552629,-0.03,-0.86
552652,-0.03,-0.86
552676,-0.03,-0.86
552699,-0.03,-0.86
552723,-0.04,-0.86
552745,-0.03,-0.86
552769,-0.03,-0.86
552793,-0.03,-0.86
552816,-0.03,-0.86
552840,-0.03,-0.86
552863,-0.03,-0.86
552891,-0.03,-0.86
552914,-0.03,-0.86
552937,-0.03,-0.86
552961,-0.03,-0.86
552984,-0.03,-0.86
553008,-0.03,-0.86
553031,-0.03,-0.86
553055,-0.03,-0.86
553078,-0.03,-0.86
553102,-0.03,-0.73
553132,-0.04,-0.99
553166,-0.04,-0.99
553190,-0.04,-0.99
553213,-0.04,-0.99
553237,-0.03,-0.86
553261,-0.03,-0.86
553284,-0.03,-0.86
553308,-0.03,-0.86
553331,-0.03,-0.86
553355,-0.03,-0.86
553378,-0.03,-0.86
553402,-0.03,-0.86
553425,-0.03,-0.86
553449,-0.03,-0.86
553473,-0.04,-0.86
553496,-0.03,-0.86
553523,-0.03,-0.86
553546,-0.03,-0.86
553570,-0.03,-0.86
553593,-0.03,-0.86
553617,-0.03,-0.86
553640,-0.03,-0.86
553664,-0.03,-0.86
553688,-0.03,-0.86
553711,-0.03,-0.86
553735,-0.03,-0.86
553758,-0.03,-0.86
553783,-0.03,-0.86
553806,-0.03,-0.86
553830,-0.03,-0.86
553853,-0.03,-0.86
553877,-0.03,-0.86
553901,-0.03,-0.86
553924,-0.03,-0.86
553948,-0.03,-0.86
553971,-0.03,-0.86
553995,-0.03,-0.86
554018,-0.03,-0.86
554042,-0.03,-0.86
554065,-0.03,-0.86
554089,-0.03,-0.86
554116,-0.03,-0.86
554140,-0.03,-0.86
554164,-0.03,-0.86
554187,-0.03,-0.86
554211,-0.03,-0.86
554234,-0.03,-0.86
554258,-0.03,-0.86
554281,-0.03,-0.86
554305,-0.03,-0.86
554329,-0.03,-0.86
554352,-0.03,-0.86
554376,-0.03,-0.86
554399,-0.03,-0.86
554423,-0.03,-0.86
554446,-0.03,-0.86
554470,-0.03,-0.86
554493,-0.03,-0.86
554517,-0.03,-0.86
554541,-0.03,-0.86
554564,-0.03,-0.86
554588,-0.03,-0.86
554611,-0.03,-0.86
554635,-0.03,-0.86
554658,-0.03,-0.86
554683,-0.03,-0.86
554706,-0.03,-0.86
554743,-0.03,-0.86
554767,-0.03,-0.86
554790,-0.03,-0.86
554814,-0.03,-0.86
554838,-0.03,-0.86
554861,-0.03,-0.86
554885,-0.03,-0.86
554908,-0.03,-0.86
554932,-0.03,-0.86
554955,-0.03,-0.86
554979,-0.03,-0.86
555002,-0.03,-0.73
555026,-0.03,-0.86
555049,-0.03,-0.86
555073,-0.03,-0.86
555097,-0.03,-0.86
555120,-0.03,-0.86
555160,-0.04,-0.99
555184,-0.04,-0.99
555207,-0.04,-0.99
555231,-0.03,-0.86
555254,-0.03,-0.99
555278,-0.04,-0.86
555301,-0.03,-0.86
555325,-0.03,-0.86
555353,-0.03,-0.86
555376,-0.03,-0.86
555399,-0.03,-0.86
555422,-0.03,-0.86
555446,-0.03,-0.86
555469,-0.03,-0.86
555493,-0.03,-0.86
555516,-0.03,-0.86
555540,-0.03,-0.86
555564,-0.03,-0.99
555587,-0.03,-0.86
555611,-0.03,-0.86
555634,-0.03,-0.86
555658,-0.03,-0.86
555681,-0.03,-0.73
555705,-0.03,-0.86
555728,-0.03,-0.86
555752,-0.03,-0.86
555776,-0.03,-0.86
555799,-0.03,-0.86
555823,-0.03,-0.86
555846,-0.03,-0.86
555870,-0.04,-0.86
555893,-0.03,-0.86
555917,-0.03,-0.86
555940,-0.03,-0.86
555967,-0.03,-0.86
555991,-0.03,-0.86
556014,-0.03,-0.86
556038,-0.03,-0.86
556061,-0.03,-0.86
556085,-0.03,-0.86
556108,-0.03,-0.86
556132,-0.03,-0.86
556155,-0.03,-0.86
556179,-0.03,-0.86
556203,-0.03,-0.86
556226,-0.03,-0.86
556250,-0.03,-0.86
556273,-0.03,-0.86
556297,-0.03,-0.86
556320,-0.03,-0.86
556344,-0.03,-0.86
556367,-0.03,-0.86
556391,-0.03,-0.86
556414,-0.03,-0.86
556438,-0.03,-0.86
556462,-0.03,-0.86
556485,-0.03,-0.86
556509,-0.03,-0.86
556532,-0.03,-0.86
556556,-0.03,-0.86
556582,-0.03,-0.86
556607,-0.03,-0.86
556631,-0.03,-0.86
556654,-0.03,-0.86
556678,-0.03,-0.86
556701,-0.03,-0.86
556725,-0.03,-0.86
556748,-0.03,-0.86
556772,-0.03,-0.86
556795,-0.03,-0.86
556819,-0.03,-0.86
556843,-0.03,-0.99
556866,-0.03,-0.86
556890,-0.03,-0.86
556913,-0.03,-0.99
556937,-0.03,-0.86
556960,-0.03,-0.86
556984,-0.03,-0.86
557007,-0.03,-0.86
557031,-0.03,-0.86
557054,-0.03,-0.86
557078,-0.04,-0.86
557102,-0.03,-0.86
557124,-0.03,-0.86
557164,-0.04,-0.99
557192,-0.04,-0.99
557215,-0.04,-0.99
557239,-0.03,-0.99
557262,-0.03,-0.86
557286,-0.03,-0.86
557309,-0.03,-0.86
557333,-0.03,-0.86
557357,-0.04,-0.86
557379,-0.03,-0.86
557403,-0.03,-0.86
557426,-0.03,-0.86
557450,-0.03,-0.86
557473,-0.03,-0.86
557497,-0.03,-0.73
557520,-0.03,-0.86
557544,-0.03,-0.86
557568,-0.03,-0.86
557591,-0.03,-0.86
557615,-0.03,-0.99
557638,-0.03,-0.86
557662,-0.03,-0.86
557685,-0.03,-0.86
557709,-0.03,-0.86
557732,-0.03,-0.86
557756,-0.03,-0.86
557779,-0.03,-0.86
557806,-0.04,-0.99
557830,-0.03,-0.86
557853,-0.03,-0.86
557877,-0.03,-0.86
557900,-0.03,-0.86
557924,-0.03,-0.86
557947,-0.03,-0.86
557971,-0.03,-0.86
557995,-0.03,-0.86
558018,-0.03,-0.86
558042,-0.03,-0.86
558065,-0.03,-0.73
558089,-0.03,-0.86
558112,-0.04,-0.86
558136,-0.03,-0.86
558159,-0.03,-0.86
558183,-0.03,-0.86
558206,-0.03,-0.86
558230,-0.03,-0.86
558254,-0.03,-0.86
558277,-0.03,-0.86
558301,-0.03,-0.86
558324,-0.03,-0.86
558348,-0.03,-0.86
558371,-0.03,-0.86
558398,-0.03,-0.86
558422,-0.03,-0.86
558445,-0.04,-0.86
558469,-0.03,-0.86
558492,-0.03,-0.86
558516,-0.03,-0.86
558539,-0.03,-0.86
558563,-0.03,-0.86
558586,-0.03,-0.86
558610,-0.03,-0.86
558633,-0.03,-0.86
558657,-0.03,-0.86
558681,-0.03,-0.86
558704,-0.03,-0.86
558728,-0.03,-0.86
558751,-0.03,-0.86
558775,-0.03,-0.73
558798,-0.03,-0.86
558821,-0.03,-0.86
558844,-0.03,-0.86
558868,-0.03,-0.86
558892,-0.03,-0.86
558915,-0.03,-0.86
558939,-0.03,-0.86
558962,-0.04,-0.86
558986,-0.03,-0.86
559013,-0.03,-0.86
559037,-0.04,-0.86
559060,-0.03,-0.86
559084,-0.03,-0.86
559108,-0.03,-0.86
559137,-0.04,-0.99
559172,-0.04,-0.99
559196,-0.03,-0.99
559219,-0.04,-0.99
559243,-0.03,-0.86
559266,-0.03,-0.99
559290,-0.03,-0.86
559313,-0.03,-0.86
559337,-0.03,-0.86
559361,-0.03,-0.86
559384,-0.03,-0.86
559408,-0.03,-0.86
559431,-0.03,-0.86
559455,-0.03,-0.86
559478,-0.03,-0.86
559502,-0.03,-0.86
559525,-0.03,-0.86
559549,-0.03,-0.86
559572,-0.03,-0.86
559596,-0.03,-0.86
559620,-0.03,-0.86
559656,-0.04,-0.99
559680,-0.03,-0.86
559704,-0.03,-0.86
559727,-0.03,-0.86
559751,-0.03,-0.86
559774,-0.03,-0.86
559798,-0.03,-0.86
559821,-0.03,-0.99
559845,-0.03,-0.99
559868,-0.03,-0.86
559892,-0.03,-0.86
559916,-0.03,-0.99
559939,-0.03,-0.86
559963,-0.03,-0.86
559986,-0.03,-0.86
560010,-0.03,-0.86
560033,-0.03,-0.86
560057,-0.03,-0.86
560080,-0.03,-0.86
560104,-0.03,-0.86
560128,-0.03,-0.99
560151,-0.03,-0.86
560175,-0.03,-0.86
560198,-0.03,-0.99
560222,-0.03,-0.86
560248,-0.03,-0.99
560272,-0.03,-0.86
560295,-0.03,-0.86
560319,-0.03,-0.86
560343,-0.03,-0.86
560366,-0.03,-0.86
560390,-0.04,-0.86
560413,-0.03,-0.86
560437,-0.03,-0.86
560460,-0.03,-0.86
560484,-0.03,-0.86
560507,-0.03,-0.86
560531,-0.03,-0.86
560555,-0.03,-0.86
560578,-0.03,-0.86
560602,-0.03,-0.86
560625,-0.03,-0.86
560649,-0.03,-0.86
560672,-0.03,-0.86
560696,-0.03,-0.86
560719,-0.03,-0.86
560743,-0.03,-0.86
560766,-0.03,-0.86
560790,-0.03,-0.86
560814,-0.03,-0.86
560837,-0.03,-0.86
560864,-0.03,-0.86
560887,-0.04,-0.86
560911,-0.03,-0.86
560934,-0.03,-0.86
560958,-0.03,-0.86
560982,-0.03,-0.86
561005,-0.03,-0.86
561029,-0.03,-0.86
561052,-0.03,-0.86
561076,-0.03,-0.86
561099,-0.03,-0.86
561123,-0.03,-0.86
561163,-0.04,-1.12
561187,-0.04,-0.99
561211,-0.04,-0.99
561234,-0.04,-0.99
561257,-0.03,-0.73
561281,-0.03,-0.86
561304,-0.03,-0.86
561328,-0.04,-0.86
561351,-0.03,-0.86
561375,-0.03,-0.86
561398,-0.04,-0.86
561422,-0.03,-0.86
561445,-0.03,-0.86
561473,-0.03,-0.86
561497,-0.03,-0.86
561520,-0.03,-0.86
561544,-0.03,-0.86
561567,-0.03,-0.86
561591,-0.03,-0.86
561614,-0.03,-0.86
561638,-0.03,-0.86
561661,-0.03,-0.86
561684,-0.03,-0.86
561708,-0.03,-0.86
561731,-0.03,-0.86
561755,-0.03,-0.86
561778,-0.03,-0.86
561802,-0.03,-0.86
561825,-0.03,-0.86
561849,-0.03,-0.86
561872,-0.03,-0.86
561896,-0.03,-0.86
561920,-0.03,-0.86
561943,-0.03,-0.86
561967,-0.03,-0.99
561990,-0.03,-0.86
562014,-0.03,-0.99
562037,-0.03,-0.99
562061,-0.03,-0.86
562088,-0.04,-0.99
562112,-0.03,-0.86
562136,-0.03,-0.86
562159,-0.03,-0.86
562183,-0.03,-0.86
562206,-0.03,-0.86
562230,-0.03,-0.86
562253,-0.03,-0.86
562277,-0.03,-0.86
562300,-0.03,-0.86
562324,-0.03,-0.86
562348,-0.03,-0.86
562371,-0.03,-0.86
562395,-0.03,-0.86
562418,-0.03,-0.86
562442,-0.03,-0.86
562465,-0.03,-0.99
562489,-0.03,-0.99
562512,-0.03,-0.86
562536,-0.04,-0.86
562560,-0.03,-0.86
562583,-0.03,-0.99
562607,-0.03,-0.99
562630,-0.03,-0.86
562654,-0.03,-0.86
562677,-0.03,-0.86
562704,-0.03,-0.86
562727,-0.03,-0.86
562751,-0.03,-0.86
562775,-0.03,-0.86
562798,-0.03,-0.86
562822,-0.03,-0.86
562845,-0.03,-0.86
562869,-0.03,-0.86
562892,-0.03,-0.86
562916,-0.03,-0.86
562939,-0.03,-0.86
562963,-0.03,-0.86
562987,-0.03,-0.86
563010,-0.03,-0.86
563034,-0.03,-0.86
563057,-0.03,-0.86
563081,-0.03,-0.86
563104,-0.03,-0.86
563128,-0.03,-0.86
563168,-0.04,-0.99
563191,-0.04,-0.99
563215,-0.04,-0.86
563238,-0.03,-0.99
563262,-0.03,-0.86
563286,-0.03,-0.86
563312,-0.03,-0.86
563336,-0.03,-0.86
563359,-0.03,-0.86
563383,-0.03,-0.86
563406,-0.04,-0.86
563430,-0.03,-0.86
563453,-0.03,-0.86
563477,-0.03,-0.86
563501,-0.03,-0.86
563524,-0.03,-0.86
563548,-0.03,-0.86
563571,-0.03,-0.86
563595,-0.03,-0.86
563618,-0.03,-0.86
563642,-0.03,-0.86
563665,-0.03,-0.86
563689,-0.03,-0.86
563713,-0.03,-0.86
563736,-0.03,-0.86
563760,-0.03,-0.99
563783,-0.03,-0.86
563807,-0.03,-0.86
563830,-0.03,-0.86
563854,-0.03,-0.86
563877,-0.03,-0.86
563901,-0.03,-0.86
563928,-0.03,-0.86
563951,-0.03,-0.86
563975,-0.03,-0.86
563998,-0.03,-0.86
564022,-0.03,-0.86
564045,-0.03,-0.86
564069,-0.03,-0.86
564092,-0.03,-0.86
564116,-0.03,-0.99
564140,-0.03,-0.86
564163,-0.03,-0.86
564187,-0.03,-0.86
564210,-0.03,-0.86
564234,-0.03,-0.86
564257,-0.03,-0.86
564281,-0.03,-0.86
564304,-0.04,-0.86
564328,-0.03,-0.86
564352,-0.03,-0.86
564375,-0.03,-0.86
564399,-0.03,-0.86
564422,-0.04,-0.86
564446,-0.03,-0.86
564469,-0.03,-0.86
564493,-0.03,-0.86
564530,-0.03,-0.86
564553,-0.04,-0.86
564577,-0.03,-0.86
564600,-0.03,-0.86
564624,-0.03,-0.86
564647,-0.03,-0.86
564671,-0.04,-0.86
564695,-0.03,-0.86
564718,-0.03,-0.86
564742,-0.03,-0.86
564765,-0.03,-0.86
564789,-0.03,-0.86
564812,-0.03,-0.86
564836,-0.03,-0.86
564859,-0.03,-0.86
564883,-0.03,-0.86
564907,-0.03,-0.86
564930,-0.03,-0.86
564954,-0.03,-0.99
564977,-0.03,-0.86
565001,-0.04,-0.86
565024,-0.03,-0.86
565048,-0.03,-0.86
565071,-0.03,-0.86
565095,-0.03,-0.86
565118,-0.03,-0.86
565163,-0.04,-0.99
565186,-0.04,-0.99
565210,-0.03,-0.99
565233,-0.03,-0.99
565257,-0.03,-0.99
565280,-0.03,-0.86
565304,-0.03,-0.86
565327,-0.03,-0.86
565351,-0.03,-0.86
565374,-0.03,-0.86
565398,-0.03,-0.86
565422,-0.03,-0.86
565445,-0.03,-0.86
565469,-0.03,-0.86
565492,-0.03,-0.86
565516,-0.03,-0.86
565539,-0.04,-0.86
565563,-0.03,-0.86
565586,-0.03,-0.86
565610,-0.03,-0.86
565634,-0.03,-0.86
565657,-0.03,-0.86
565681,-0.03,-0.86
565704,-0.03,-0.86
565728,-0.03,-0.86
565751,-0.03,-0.86
565778,-0.03,-0.86
565801,-0.03,-0.86
565825,-0.03,-0.86
565849,-0.03,-0.86
565873,-0.03,-0.86
565897,-0.03,-0.86
565920,-0.03,-0.86
565944,-0.03,-0.86
565967,-0.03,-0.86
565991,-0.03,-0.86
566014,-0.03,-0.86
566038,-0.03,-0.86
566062,-0.03,-0.86
566085,-0.03,-0.86
566109,-0.03,-0.86
566132,-0.03,-0.86
566156,-0.04,-0.86
566179,-0.03,-0.86
566203,-0.03,-0.86
566226,-0.04,-0.86
566250,-0.03,-0.86
566274,-0.03,-0.86
566297,-0.03,-0.86
566321,-0.03,-0.86
566344,-0.03,-0.86
566371,-0.03,-0.86
566394,-0.03,-0.86
566418,-0.03,-0.86
566441,-0.03,-0.86
566465,-0.03,-0.86
566489,-0.03,-0.86
566512,-0.03,-0.86
566536,-0.03,-0.86
566559,-0.03,-0.86
566583,-0.03,-0.86
566606,-0.03,-0.86
566630,-0.03,-0.86
566653,-0.03,-0.86
566677,-0.03,-0.86
566701,-0.03,-0.86
566724,-0.03,-0.86
566748,-0.03,-0.86
566771,-0.03,-0.86
566795,-0.03,-0.86
566818,-0.03,-0.86
566842,-0.03,-0.86
566865,-0.03,-0.86
566889,-0.03,-0.86
566913,-0.03,-0.86
566936,-0.03,-0.86
566960,-0.03,-0.86
566986,-0.04,-0.86
567010,-0.03,-0.86
567033,-0.03,-0.86
567057,-0.03,-0.86
567080,-0.03,-0.86
567104,-0.03,-0.86
567128,-0.03,-0.86
567168,-0.04,-0.99
567192,-0.04,-0.99
567216,-0.04,-0.86
567239,-0.03,-0.86
567263,-0.03,-0.86
567286,-0.03,-0.86
567310,-0.03,-0.86
567333,-0.03,-0.86
567357,-0.03,-0.86
567380,-0.03,-0.86
567404,-0.03,-0.86
567428,-0.03,-0.86
567451,-0.03,-0.86
567475,-0.04,-0.86
567498,-0.03,-0.86
567522,-0.03,-0.86
567545,-0.03,-0.86
567569,-0.03,-0.86
567596,-0.03,-0.86
567619,-0.03,-0.86
567643,-0.03,-0.99
567666,-0.03,-0.86
567690,-0.03,-0.86
567713,-0.03,-0.86
567737,-0.03,-0.86
567760,-0.03,-0.86
567784,-0.03,-0.86
567808,-0.03,-0.86
567831,-0.03,-0.86
567855,-0.03,-0.86
567878,-0.03,-0.86
567902,-0.03,-0.86
567925,-0.03,-0.86
567949,-0.04,-0.86
567972,-0.03,-0.86
567996,-0.03,-0.86
568019,-0.03,-0.86
568043,-0.03,-0.86
568067,-0.03,-0.86
568090,-0.03,-0.86
568114,-0.03,-0.99
568137,-0.03,-0.86
568161,-0.03,-0.86
568184,-0.03,-0.86
568211,-0.03,-0.99
568235,-0.03,-0.86
568258,-0.03,-0.86
568283,-0.03,-0.86
568306,-0.03,-0.86
568330,-0.03,-0.86
568353,-0.03,-0.86
568377,-0.03,-0.99
568400,-0.03,-0.86
568424,-0.03,-0.86
568448,-0.03,-0.86
568471,-0.03,-0.86
568495,-0.03,-0.86
568518,-0.03,-0.86
568542,-0.03,-0.86
568565,-0.03,-0.86
568589,-0.04,-0.86
568612,-0.03,-0.86
568636,-0.03,-0.86
568659,-0.03,-0.86
568683,-0.03,-0.86
568707,-0.03,-0.86
568730,-0.03,-0.86
568754,-0.03,-0.99
568777,-0.03,-0.86
568801,-0.03,-0.86
568924,-0.07,-1.79
569003,-0.07,-1.79
569026,-0.05,-1.39
569050,-0.05,-1.12
569073,-0.04,-0.99
569097,-0.04,-0.99
569120,-0.04,-0.86
569144,-0.03,-0.86
569167,-0.03,-0.86
569191,-0.03,-0.86
569214,-0.03,-0.86
569238,-0.03,-0.86
569262,-0.03,-0.86
569285,-0.03,-0.86
569316,-0.03,-0.86
569349,-0.04,-0.99
569372,-0.03,-0.86
569396,-0.04,-0.86
569419,-0.03,-0.86
569443,-0.03,-0.86
569466,-0.03,-0.86
569490,-0.03,-0.86
569513,-0.03,-0.86
569537,-0.03,-0.86
569561,-0.03,-0.86
569598,-0.03,-0.86
569622,-0.03,-0.86
569646,-0.03,-0.86
569669,-0.03,-0.86
569693,-0.03,-0.86
569716,-0.03,-0.86
569740,-0.03,-0.86
569763,-0.03,-0.86
569787,-0.03,-0.86
569810,-0.03,-0.86
569834,-0.03,-0.86
569858,-0.03,-0.86
569881,-0.03,-0.86
569905,-0.03,-0.86
569928,-0.03,-0.86
569952,-0.03,-0.86
569975,-0.03,-0.73
569999,-0.03,-0.86
570022,-0.03,-0.86
570046,-0.03,-0.86
570070,-0.03,-0.86
570093,-0.03,-0.86
570117,-0.03,-0.86
570140,-0.03,-0.86
570164,-0.03,-0.86
570187,-0.03,-0.86
570214,-0.03,-0.86
570237,-0.03,-0.86
570261,-0.03,-0.86
570285,-0.03,-0.86
570308,-0.03,-0.86
570332,-0.03,-0.86
570355,-0.03,-0.86
570379,-0.03,-0.86
570402,-0.03,-0.86
570426,-0.03,-0.86
570449,-0.03,-0.86
570473,-0.03,-0.86
570497,-0.03,-0.86
570520,-0.03,-0.86
570544,-0.03,-0.86
570567,-0.03,-0.86
570591,-0.03,-0.86
570614,-0.03,-0.86
570638,-0.03,-0.86
570661,-0.03,-0.86
570685,-0.03,-0.86
570708,-0.03,-0.86
570732,-0.03,-0.73
570756,-0.03,-0.86
570779,-0.03,-0.86
570807,-0.03,-0.86
570830,-0.03,-0.86
570854,-0.03,-0.86
570877,-0.03,-0.86
570901,-0.03,-0.86
570925,-0.03,-0.86
570948,-0.03,-0.86
570972,-0.03,-0.86
570995,-0.03,-0.73
571019,-0.03,-0.86
571042,-0.03,-0.86
571066,-0.03,-0.86
571089,-0.03,-0.73
571113,-0.03,-0.86
571137,-0.03,-0.86
571160,-0.03,-0.86
571184,-0.03,-0.86
571207,-0.03,-0.86
571231,-0.03,-0.86
571254,-0.03,-0.86
571278,-0.03,-0.86
571301,-0.03,-0.86
571341,-0.04,-0.99
571366,-0.04,-0.86
571389,-0.04,-0.86
571413,-0.03,-0.86
571440,-0.03,-0.86
571463,-0.03,-0.86
571487,-0.03,-0.86
571510,-0.03,-0.86
571534,-0.03,-0.86
571557,-0.03,-0.86
571581,-0.03,-0.86
571604,-0.03,-0.86
571628,-0.03,-0.86
571652,-0.03,-0.86
571675,-0.03,-0.86
571699,-0.03,-0.86
571722,-0.03,-0.86
571746,-0.03,-0.86
571769,-0.03,-0.86
571793,-0.03,-0.86
571816,-0.03,-0.86
571841,-0.03,-0.86
571865,-0.03,-0.86
571888,-0.03,-0.86
571912,-0.03,-0.86
571935,-0.03,-0.86
571959,-0.03,-0.86
571982,-0.03,-0.86
572006,-0.03,-0.86
572029,-0.03,-0.86
572057,-0.03,-0.86
572081,-0.03,-0.86
572104,-0.03,-0.86
572128,-0.03,-0.99
572151,-0.03,-0.86
572175,-0.03,-0.86
572198,-0.03,-0.86
572222,-0.03,-0.86
572246,-0.03,-0.86
572269,-0.03,-0.86
572293,-0.03,-0.86
572316,-0.03,-0.86
572340,-0.03,-0.86
572364,-0.03,-0.86
572388,-0.03,-0.86
572411,-0.04,-0.86
572435,-0.03,-0.86
572459,-0.03,-0.86
572482,-0.03,-0.86
572506,-0.03,-0.86
572529,-0.03,-0.73
572553,-0.03,-0.86
572576,-0.03,-0.86
572600,-0.03,-0.86
572624,-0.03,-0.86
572651,-0.03,-0.86
572675,-0.03,-0.86
572698,-0.03,-0.86
572722,-0.03,-0.86
572745,-0.03,-0.86
572770,-0.03,-0.86
572793,-0.03,-0.73
572817,-0.03,-0.86
572840,-0.03,-0.86
572864,-0.04,-0.86
572888,-0.03,-0.86
572911,-0.03,-0.86
572935,-0.03,-0.86
572958,-0.03,-0.86
572982,-0.03,-0.86
573005,-0.03,-0.86
573029,-0.03,-0.86
573052,-0.03,-0.86
573076,-0.03,-0.86
573101,-0.03,-0.73
573124,-0.03,-0.86
573148,-0.03,-0.86
573171,-0.03,-0.86
573195,-0.03,-0.86
573218,-0.03,-0.86
573242,-0.03,-0.73
573268,-0.03,-0.86
573292,-0.03,-0.86
573322,-0.03,-0.86
573357,-0.04,-0.99
573379,-0.03,-0.86
573403,-0.03,-0.86
573426,-0.03,-0.86
573450,-0.03,-0.86
573474,-0.03,-0.86
573498,-0.03,-0.73
573521,-0.03,-0.86
573545,-0.03,-0.86
573569,-0.03,-0.86
573592,-0.03,-0.86
573616,-0.03,-0.86
573639,-0.03,-0.86
573663,-0.03,-0.73
573686,-0.03,-0.73
573710,-0.03,-0.86
573733,-0.03,-0.73
573757,-0.03,-0.86
573780,-0.03,-0.86
573804,-0.03,-0.86
573828,-0.03,-0.86
573851,-0.03,-0.86
573878,-0.03,-0.86
573901,-0.03,-0.86
573925,-0.03,-0.86
573948,-0.03,-0.73
573972,-0.03,-0.86
573996,-0.03,-0.73
574019,-0.03,-0.86
574043,-0.03,-0.86
574066,-0.03,-0.86
574090,-0.03,-0.86
574113,-0.03,-0.86
574137,-0.03,-0.86
574160,-0.03,-0.86
574184,-0.03,-0.86
574208,-0.03,-0.73
574231,-0.03,-0.86
574255,-0.03,-0.86
574278,-0.03,-0.86
574302,-0.03,-0.86
574325,-0.03,-0.86
574350,-0.03,-0.73
574373,-0.03,-0.86
574397,-0.03,-0.86
574420,-0.03,-0.86
574444,-0.03,-0.86
574468,-0.03,-0.86
574504,-0.04,-0.99
574528,-0.03,-0.86
574552,-0.03,-0.86
574575,-0.03,-0.86
574599,-0.04,-0.86
574622,-0.03,-0.86
574646,-0.03,-0.86
574669,-0.03,-0.86
574693,-0.03,-0.86
574716,-0.03,-0.86
574741,-0.04,-0.86
574765,-0.03,-0.86
574788,-0.03,-0.86
574812,-0.03,-0.86
574835,-0.03,-0.86
574859,-0.03,-0.86
574882,-0.03,-0.86
574906,-0.03,-0.86
574929,-0.03,-0.86
574953,-0.03,-0.86
574977,-0.03,-0.86
575000,-0.03,-0.86
575024,-0.03,-0.86
575047,-0.03,-0.86
575071,-0.03,-0.86
575095,-0.03,-0.86
575122,-0.03,-0.86
575145,-0.03,-0.86
575169,-0.03,-0.73
575193,-0.03,-0.86
575216,-0.03,-0.86
575240,-0.03,-0.86
575263,-0.03,-0.86
575287,-0.03,-0.86
575310,-0.03,-0.86
575350,-0.04,-0.99
575374,-0.04,-0.99
575397,-0.03,-0.86
575421,-0.04,-0.86
575444,-0.03,-0.86
575468,-0.03,-0.86
575492,-0.03,-0.86
575515,-0.03,-0.86
575539,-0.03,-0.86
575563,-0.03,-0.86
575587,-0.03,-0.86
575610,-0.03,-0.86
575634,-0.03,-0.86
575657,-0.03,-0.86
575681,-0.03,-0.86
575705,-0.03,-0.86
575731,-0.03,-0.86
575755,-0.03,-0.86
575778,-0.03,-0.86
575802,-0.03,-0.86
575825,-0.03,-0.86
575849,-0.03,-0.86
575873,-0.03,-0.86
575896,-0.03,-0.86
575920,-0.03,-0.86
575943,-0.03,-0.86
575967,-0.03,-0.86
575990,-0.03,-0.86
576014,-0.03,-0.86
576037,-0.03,-0.86
576061,-0.03,-0.86
576084,-0.03,-0.86
576108,-0.03,-0.86
576132,-0.03,-0.86
576155,-0.04,-0.86
576179,-0.03,-0.86
576202,-0.03,-0.86
576226,-0.03,-0.86
576249,-0.03,-0.86
576273,-0.03,-0.86
576296,-0.03,-0.86
576320,-0.03,-0.86
576348,-0.03,-0.86
576371,-0.03,-0.86
576395,-0.03,-0.86
576418,-0.03,-0.86
576442,-0.03,-0.86
576465,-0.03,-0.86
576489,-0.03,-0.86
576513,-0.03,-0.86
576536,-0.03,-0.86
576560,-0.03,-0.86
576583,-0.03,-0.86
576607,-0.03,-0.86
576630,-0.03,-0.86
576654,-0.03,-0.86
576677,-0.03,-0.86
576701,-0.03,-0.86
576724,-0.03,-0.86
576748,-0.03,-0.86
576772,-0.03,-0.86
576795,-0.03,-0.86
576819,-0.03,-0.86
576842,-0.03,-0.86
576866,-0.03,-0.86
576889,-0.03,-0.86
576913,-0.03,-0.86
576941,-0.03,-0.86
576964,-0.03,-0.86
576988,-0.03,-0.86
577011,-0.03,-0.86
577035,-0.03,-0.86
577058,-0.03,-0.86
577082,-0.03,-0.86
577105,-0.03,-0.86
577129,-0.03,-0.86
577153,-0.03,-0.86
577176,-0.03,-0.86
577200,-0.03,-0.86
577223,-0.03,-0.86
577247,-0.03,-0.86
577270,-0.03,-0.86
577294,-0.03,-0.86
577317,-0.03,-0.86
577357,-0.04,-0.99
577382,-0.03,-0.86
577405,-0.04,-0.99
577429,-0.03,-0.86
577453,-0.03,-0.86
577476,-0.03,-0.86
577500,-0.03,-0.86
577523,-0.03,-0.86
577547,-0.03,-0.86
577573,-0.03,-0.86
577597,-0.03,-0.86
577620,-0.03,-0.86
577644,-0.03,-0.86
577668,-0.03,-0.86
577691,-0.03,-0.86
577715,-0.03,-0.86
577738,-0.03,-0.86
577762,-0.03,-0.86
577785,-0.03,-0.86
577809,-0.03,-0.86
577832,-0.03,-0.86
577856,-0.03,-0.73
577880,-0.03,-0.86
577903,-0.03,-0.86
577927,-0.03,-0.86
577950,-0.03,-0.86
577974,-0.03,-0.86
577997,-0.03,-0.99
578021,-0.03,-0.86
578044,-0.03,-0.86
578068,-0.03,-0.86
578092,-0.03,-0.86
578115,-0.03,-0.86
578139,-0.03,-0.86
578162,-0.03,-0.99
578190,-0.03,-0.86
578213,-0.03,-0.73
578237,-0.03,-0.86
578260,-0.03,-0.86
578284,-0.03,-0.86
578308,-0.03,-0.86
578331,-0.03,-0.86
578355,-0.03,-0.99
578378,-0.03,-0.86
578402,-0.03,-0.86
578425,-0.03,-0.86
578449,-0.03,-0.86
578472,-0.03,-0.86
578496,-0.03,-0.86
578520,-0.03,-0.86
578543,-0.03,-0.86
578567,-0.03,-0.86
578590,-0.03,-0.86
578614,-0.03,-0.86
578637,-0.03,-0.86
578661,-0.04,-0.86
578684,-0.03,-0.86
578708,-0.03,-0.86
578732,-0.03,-0.86
578755,-0.03,-0.86
578783,-0.03,-0.86
578806,-0.03,-0.86
578830,-0.03,-0.86
578853,-0.03,-0.86
578877,-0.03,-0.86
578900,-0.03,-0.86
578924,-0.03,-0.86
578948,-0.03,-0.86
578971,-0.03,-0.86
578995,-0.03,-0.86
579018,-0.03,-0.86
579042,-0.03,-0.86
579065,-0.03,-0.86
579089,-0.03,-0.86
579112,-0.03,-0.86
579136,-0.03,-0.86
579160,-0.03,-0.86
579183,-0.03,-0.86
579208,-0.03,-0.86
579231,-0.03,-0.86
579255,-0.03,-0.99
579278,-0.03,-0.73
579302,-0.03,-0.86
579325,-0.04,-0.86
579364,-0.04,-0.99
579389,-0.04,-0.99
579426,-0.04,-0.99
579449,-0.03,-0.86
579473,-0.03,-0.99
579496,-0.03,-0.86
579520,-0.03,-0.86
579545,-0.03,-0.86
579568,-0.03,-0.86
579592,-0.03,-0.86
579615,-0.03,-0.86
579639,-0.03,-0.86
579662,-0.03,-0.86
579686,-0.03,-0.86
579709,-0.03,-0.86
579733,-0.03,-0.86
579757,-0.03,-0.86
579780,-0.03,-0.86
579804,-0.03,-0.86
579827,-0.03,-0.86
579851,-0.03,-0.86
579874,-0.03,-0.86
579898,-0.03,-0.86
579921,-0.03,-0.86
579945,-0.03,-0.86
579969,-0.03,-0.86
579992,-0.03,-0.86
580020,-0.03,-0.86
580043,-0.03,-0.86
580067,-0.03,-0.86
580090,-0.03,-0.86
580114,-0.03,-0.86
580137,-0.03,-0.86
580161,-0.03,-0.86
580185,-0.03,-0.86
580208,-0.03,-0.86
580232,-0.03,-0.86
580255,-0.03,-0.86
580279,-0.03,-0.86
580302,-0.03,-0.86
580326,-0.03,-0.86
580349,-0.03,-0.86
580373,-0.03,-0.86
580397,-0.03,-0.86
580420,-0.03,-0.86
580444,-0.03,-0.86
580467,-0.03,-0.86
580491,-0.03,-0.86
580514,-0.03,-0.86
580538,-0.03,-0.86
580562,-0.03,-0.86
580586,-0.03,-0.86
580610,-0.03,-0.86
580636,-0.03,-0.73
580660,-0.03,-0.86
580683,-0.03,-0.86
580707,-0.03,-0.86
580730,-0.03,-0.86
580754,-0.03,-0.86
580777,-0.03,-0.73
580801,-0.03,-0.86
580825,-0.03,-0.86
580848,-0.03,-0.86
580872,-0.03,-0.73
580895,-0.03,-0.73
580919,-0.03,-0.86
580943,-0.03,-0.86
580967,-0.03,-0.86
580990,-0.03,-0.86
581014,-0.03,-0.86
581038,-0.03,-0.86
581061,-0.03,-0.86
581085,-0.03,-0.86
581108,-0.03,-0.86
581132,-0.03,-0.86
581155,-0.03,-0.86
581179,-0.03,-0.73
581202,-0.03,-0.86
581226,-0.03,-0.86
581253,-0.03,-0.86
581277,-0.03,-0.86
581301,-0.03,-0.86
581324,-0.03,-0.86
581364,-0.04,-0.99
581388,-0.03,-0.86
581411,-0.03,-0.86
581435,-0.03,-0.86
581458,-0.03,-0.86
581482,-0.03,-0.86
581506,-0.03,-0.86
581529,-0.03,-0.86
581553,-0.03,-0.86
581576,-0.03,-0.86
581600,-0.03,-0.86
581623,-0.03,-0.86
581647,-0.03,-0.86
581670,-0.03,-0.86
581694,-0.03,-0.86
581718,-0.03,-0.86
581741,-0.03,-0.86
581766,-0.03,-0.86
581789,-0.03,-0.86
581813,-0.03,-0.86
581836,-0.03,-0.73
581863,-0.03,-0.73
581886,-0.03,-0.86
581910,-0.03,-0.86
581934,-0.03,-0.86
581957,-0.03,-0.86
581981,-0.03,-0.86
582004,-0.03,-0.86
582028,-0.03,-0.86
582051,-0.03,-0.86
582075,-0.03,-0.86
582098,-0.03,-0.86
582122,-0.03,-0.86
582146,-0.03,-0.86
582169,-0.03,-0.86
582193,-0.03,-0.86
582217,-0.03,-0.86
582241,-0.03,-0.73
582264,-0.03,-0.86
582288,-0.03,-0.86
582311,-0.03,-0.86
582335,-0.03,-0.86
582359,-0.03,-0.86
582382,-0.03,-0.86
582406,-0.03,-0.86
582429,-0.03,-0.73
582453,-0.03,-0.86
582479,-0.03,-0.86
582503,-0.03,-0.86
582526,-0.03,-0.86
582550,-0.03,-0.86
582574,-0.03,-0.86
582598,-0.03,-0.86
582622,-0.03,-0.73
582645,-0.03,-0.73
582669,-0.03,-0.86
582692,-0.03,-0.86
582716,-0.03,-0.86
582739,-0.03,-0.86
582763,-0.03,-0.86
582787,-0.03,-0.86
582810,-0.03,-0.86
582834,-0.03,-0.86
582857,-0.03,-0.86
582881,-0.03,-0.86
582904,-0.03,-0.86
582928,-0.03,-0.86
582951,-0.03,-0.86
582975,-0.03,-0.86
582999,-0.03,-0.86
583022,-0.03,-0.86
583046,-0.03,-0.86
583073,-0.03,-0.86
583097,-0.03,-0.86
583120,-0.03,-0.86
583144,-0.03,-0.86
583168,-0.03,-0.86
583191,-0.03,-0.86
583215,-0.03,-0.86
583238,-0.03,-0.86
583262,-0.03,-0.86
583285,-0.03,-0.86
583309,-0.03,-0.86
583332,-0.03,-0.86
583372,-0.04,-0.99
583396,-0.04,-0.99
583419,-0.03,-0.86
583443,-0.03,-0.86
583467,-0.03,-0.86
583490,-0.03,-0.86
583514,-0.03,-0.86
583537,-0.03,-0.86
583561,-0.03,-0.86
583584,-0.03,-0.86
583608,-0.03,-0.86
583631,-0.03,-0.86
583655,-0.03,-0.86
583678,-0.03,-0.86
583706,-0.03,-0.86
583730,-0.03,-0.86
583753,-0.03,-0.86
583777,-0.03,-0.86
583800,-0.03,-0.86
583824,-0.03,-0.86
583847,-0.03,-0.86
583871,-0.03,-0.86
583895,-0.03,-0.86
583918,-0.03,-0.86
583942,-0.03,-0.86
583965,-0.03,-0.86
583989,-0.03,-0.86
584012,-0.03,-0.86
584036,-0.03,-0.86
584059,-0.03,-0.86
584083,-0.03,-0.86
584107,-0.03,-0.86
584131,-0.03,-0.86
584155,-0.03,-0.86
584178,-0.03,-0.86
584202,-0.03,-0.86
584225,-0.03,-0.86
584249,-0.03,-0.86
584272,-0.03,-0.73
584296,-0.03,-0.86
584333,-0.03,-0.86
584356,-0.03,-0.86
584380,-0.04,-0.86
584403,-0.03,-0.86
584428,-0.03,-0.86
584452,-0.04,-0.86
584475,-0.03,-0.86
584499,-0.03,-0.86
584522,-0.03,-0.86
584546,-0.03,-0.86
584569,-0.03,-0.86
584593,-0.03,-0.86
584616,-0.03,-0.86
584640,-0.03,-0.86
584664,-0.03,-0.86
584687,-0.03,-0.99
584711,-0.03,-0.86
584734,-0.03,-0.86
584758,-0.03,-0.86
584781,-0.03,-0.86
584805,-0.03,-0.86
584828,-0.03,-0.86
584853,-0.03,-0.86
584877,-0.03,-0.86
584900,-0.03,-0.86
584927,-0.03,-0.86
584950,-0.03,-0.86
584974,-0.03,-0.86
584997,-0.03,-0.86
585021,-0.03,-0.86
585044,-0.03,-0.86
585068,-0.03,-0.86
585092,-0.03,-0.86
585115,-0.03,-0.86
585140,-0.03,-0.86
585163,-0.03,-0.86
585187,-0.03,-0.86
585210,-0.03,-0.86
585234,-0.03,-0.86
585257,-0.03,-0.86
585281,-0.03,-0.86
585305,-0.03,-0.86
585328,-0.03,-0.86
585358,-0.03,-0.86
585393,-0.04,-0.99
585416,-0.04,-0.86
585440,-0.03,-0.86
585463,-0.03,-0.86
585487,-0.03,-0.86
585510,-0.03,-0.86
585534,-0.03,-0.86
585561,-0.03,-0.86
585584,-0.03,-0.86
585608,-0.03,-0.86
585631,-0.03,-0.86
585655,-0.03,-0.86
585678,-0.03,-0.86
585702,-0.03,-0.86
585725,-0.03,-0.86
585749,-0.03,-0.86
585774,-0.03,-0.86
585797,-0.03,-0.86
585821,-0.03,-0.86
585844,-0.03,-0.86
585868,-0.03,-0.86
585891,-0.03,-0.86
585915,-0.03,-0.86
585938,-0.03,-0.86
585962,-0.03,-0.86
585986,-0.03,-0.86
586009,-0.03,-0.73
586033,-0.03,-0.86
586056,-0.03,-0.86
586080,-0.03,-0.86
586103,-0.03,-0.86
586127,-0.03,-0.86
586155,-0.03,-0.86
586178,-0.03,-0.86
586202,-0.03,-0.86
586225,-0.03,-0.86
586249,-0.03,-0.86
586272,-0.03,-0.86
586296,-0.03,-0.86
586319,-0.03,-0.86
586343,-0.03,-0.86
586366,-0.03,-0.86
586390,-0.03,-0.86
586414,-0.03,-0.86
586437,-0.03,-0.86
586461,-0.03,-0.86
586484,-0.03,-0.86
586509,-0.03,-0.86
586532,-0.03,-0.86
586556,-0.03,-0.86
586579,-0.03,-0.86
586603,-0.03,-0.86
586627,-0.03,-0.86
586650,-0.03,-0.86
586674,-0.03,-0.86
586697,-0.03,-0.86
586721,-0.03,-0.86
586744,-0.03,-0.86
586772,-0.03,-0.86
586796,-0.03,-0.86
586819,-0.03,-0.86
586843,-0.03,-0.86
586866,-0.03,-0.86
586890,-0.03,-0.73
586913,-0.03,-0.86
586937,-0.03,-0.86
586960,-0.03,-0.86
586984,-0.03,-0.86
587008,-0.03,-0.86
587031,-0.03,-0.86
587055,-0.03,-0.86
587078,-0.03,-0.86
587102,-0.03,-0.86
587125,-0.03,-0.86
587149,-0.03,-0.86
587172,-0.03,-0.86
587197,-0.03,-0.86
587220,-0.03,-0.86
587244,-0.03,-0.86
587268,-0.03,-0.86
587291,-0.03,-0.86
587315,-0.03,-0.86
587338,-0.03,-0.86
587368,-0.04,-0.99
587406,-0.04,-0.99
587429,-0.04,-0.99
587453,-0.04,-0.86
587476,-0.03,-0.86
587500,-0.03,-0.86
587524,-0.03,-0.86
587547,-0.03,-0.86
587571,-0.03,-0.86
587594,-0.03,-0.86
587618,-0.03,-0.86
587641,-0.03,-0.86
587665,-0.03,-0.86
587688,-0.03,-0.86
587712,-0.03,-0.86
587736,-0.03,-0.86
587759,-0.03,-0.86
587783,-0.03,-0.86
587807,-0.03,-0.73
587831,-0.03,-0.86
587854,-0.03,-0.86
587878,-0.03,-0.86
587901,-0.03,-0.86
587925,-0.03,-0.86
587949,-0.03,-0.86
587972,-0.03,-0.86
587999,-0.04,-0.86
588022,-0.03,-0.86
588046,-0.03,-0.86
588070,-0.03,-0.86
588094,-0.03,-0.86
588118,-0.03,-0.86
588141,-0.03,-0.86
588165,-0.03,-0.86
588188,-0.03,-0.86
588212,-0.03,-0.86
588235,-0.03,-0.86
588259,-0.03,-0.86
588282,-0.03,-0.86
588306,-0.03,-0.86
588329,-0.03,-0.86
588353,-0.03,-0.86
588377,-0.03,-0.86
588400,-0.03,-0.86
588424,-0.03,-0.86
588447,-0.03,-0.86
588471,-0.03,-0.86
588495,-0.03,-0.86
588519,-0.03,-0.86
588542,-0.03,-0.86
588566,-0.03,-0.86
588590,-0.03,-0.86
588712,-0.07,-1.79
588791,-0.07,-1.79
588815,-0.05,-1.39
588839,-0.05,-1.12
588863,-0.04,-1.12
588887,-0.04,-0.99
588910,-0.04,-0.99
588934,-0.03,-0.86
588957,-0.03,-0.86
588981,-0.03,-0.86
589004,-0.03,-0.86
589028,-0.03,-0.86
589051,-0.03,-0.86
589075,-0.03,-0.86
589099,-0.03,-0.86
589122,-0.03,-0.86
589146,-0.03,-0.86
589169,-0.03,-0.86
589194,-0.03,-0.86
589217,-0.03,-0.86
589241,-0.03,-0.86
589264,-0.04,-0.86
589288,-0.03,-0.86
589312,-0.03,-0.86
589335,-0.03,-0.86
589372,-0.03,-0.86
589395,-0.03,-0.86
589419,-0.03,-0.86
589444,-0.03,-0.86
589467,-0.03,-0.86
589491,-0.03,-0.86
589514,-0.03,-0.86
589557,-0.04,-0.99
589581,-0.04,-0.86
589604,-0.04,-0.99
589628,-0.03,-0.86
589651,-0.03,-0.86
589675,-0.03,-0.86
589700,-0.03,-0.86
589723,-0.03,-0.86
589747,-0.03,-0.73
589770,-0.03,-0.86
589794,-0.03,-0.73
589817,-0.03,-0.86
589841,-0.03,-0.86
589864,-0.03,-0.86
589888,-0.03,-0.73
589912,-0.03,-0.86
589935,-0.03,-0.86
589959,-0.03,-0.86
589982,-0.03,-0.73
590010,-0.03,-0.86
590033,-0.03,-0.86
590057,-0.03,-0.73
590081,-0.03,-0.73
590104,-0.03,-0.86
590128,-0.03,-0.86
590151,-0.03,-0.86
590175,-0.03,-0.73
590198,-0.03,-0.86
590222,-0.03,-0.86
590245,-0.03,-0.86
590269,-0.03,-0.73
590294,-0.03,-0.86
590317,-0.03,-0.86
590341,-0.03,-0.86
590364,-0.03,-0.73
590388,-0.03,-0.73
590411,-0.03,-0.86
590435,-0.03,-0.86
590458,-0.03,-0.86
590482,-0.03,-0.73
590505,-0.03,-0.86
590529,-0.03,-0.86
590553,-0.03,-0.86
590576,-0.03,-0.73
590600,-0.03,-0.86
590627,-0.03,-0.86
590651,-0.03,-0.86
590674,-0.03,-0.73
590698,-0.03,-0.73
590722,-0.03,-0.73
590745,-0.03,-0.86
590769,-0.03,-0.73
590792,-0.03,-0.86
590816,-0.03,-0.73
590839,-0.03,-0.73
590864,-0.03,-0.73
590887,-0.03,-0.86
590911,-0.03,-0.86
590935,-0.03,-0.86
590958,-0.03,-0.73
590982,-0.03,-0.73
591005,-0.03,-0.73
591029,-0.03,-0.86
591052,-0.03,-0.86
591076,-0.03,-0.73
591099,-0.03,-0.86
591123,-0.03,-0.73
591147,-0.03,-0.86
591171,-0.03,-0.73
591195,-0.03,-0.86
591221,-0.03,-0.86
591245,-0.03,-0.86
591268,-0.03,-0.73
591292,-0.03,-0.86
591315,-0.03,-0.86
591339,-0.03,-0.73
591363,-0.03,-0.73
591386,-0.03,-0.86
591411,-0.03,-0.86
591434,-0.03,-0.86
591458,-0.03,-0.73
591481,-0.03,-0.73
591505,-0.03,-0.86
591528,-0.03,-0.86
591568,-0.04,-0.86
591592,-0.03,-0.86
591616,-0.03,-0.86
591640,-0.03,-0.86
591664,-0.03,-0.86
591687,-0.03,-0.86
591711,-0.03,-0.86
591734,-0.03,-0.86
591758,-0.03,-0.86
591781,-0.03,-0.73
591805,-0.03,-0.86
591828,-0.03,-0.86
591856,-0.03,-0.86
591880,-0.03,-0.73
591903,-0.03,-0.86
591927,-0.03,-0.86
591950,-0.03,-0.86
591974,-0.03,-0.73
591997,-0.03,-0.86
592021,-0.03,-0.86
592045,-0.03,-0.86
592068,-0.03,-0.86
592093,-0.03,-0.73
592116,-0.03,-0.86
592140,-0.03,-0.86
592163,-0.03,-0.86
592187,-0.03,-0.86
592210,-0.03,-0.86
592234,-0.03,-0.86
592258,-0.03,-0.86
592282,-0.03,-0.86
592306,-0.03,-0.73
592329,-0.03,-0.73
592353,-0.03,-0.86
592376,-0.03,-0.86
592400,-0.03,-0.86
592423,-0.03,-0.86
592451,-0.03,-0.86
592475,-0.03,-0.86
592498,-0.03,-0.86
592522,-0.03,-0.73
592545,-0.03,-0.86
592570,-0.03,-0.86
592593,-0.03,-0.86
592617,-0.03,-0.86
592641,-0.03,-0.73
592664,-0.03,-0.86
592688,-0.03,-0.86
592711,-0.03,-0.86
592735,-0.03,-0.86
592758,-0.03,-0.86
592783,-0.03,-0.86
592806,-0.03,-0.86
592830,-0.03,-0.86
592854,-0.03,-0.86
592877,-0.03,-0.86
592901,-0.03,-0.86
592925,-0.03,-0.86
592949,-0.03,-0.73
592972,-0.03,-0.86
592996,-0.03,-0.86
593019,-0.03,-0.86
593043,-0.03,-0.86
593071,-0.03,-0.86
593094,-0.03,-0.86
593118,-0.03,-0.86
593141,-0.03,-0.86
593165,-0.03,-0.86
593188,-0.03,-0.86
593213,-0.03,-0.86
593236,-0.03,-0.86
593260,-0.03,-0.86
593284,-0.03,-0.86
593307,-0.03,-0.86
593331,-0.03,-0.86
593354,-0.03,-0.73
593378,-0.03,-0.73
593401,-0.03,-0.73
593425,-0.03,-0.86
593448,-0.03,-0.86
593473,-0.03,-0.86
593497,-0.03,-0.86
593520,-0.03,-0.73
593544,-0.03,-0.86
593583,-0.04,-0.99
593607,-0.04,-0.99
593631,-0.03,-0.86
593654,-0.03,-0.86
593678,-0.03,-0.73
593704,-0.03,-0.86
593728,-0.03,-0.86
593753,-0.03,-0.86
593776,-0.03,-0.86
593800,-0.03,-0.86
593823,-0.03,-0.86
593847,-0.03,-0.86
593870,-0.03,-0.73
593894,-0.03,-0.86
593917,-0.03,-0.86
593941,-0.03,-0.86
593965,-0.03,-0.86
593988,-0.03,-0.86
594012,-0.04,-0.86
594035,-0.03,-0.86
594059,-0.03,-0.86
594082,-0.03,-0.86
594107,-0.03,-0.86
594130,-0.03,-0.86
