450,0.00,0.07
487,-0.00,-0.07
506,-0.00,-0.07
526,-0.00,-0.07
545,0.00,-0.07
565,-0.00,-0.07
584,0.00,0.07
604,-0.00,0.07
632,0.00,-0.07
663,0.00,0.07
683,0.00,0.07
702,0.00,0.07
721,0.00,-0.07
742,0.00,0.07
761,-0.00,-0.07
811,-0.00,-0.07
974,-0.01,-0.33
1247,-0.02,-0.46
1266,-0.01,-0.33
1286,-0.01,-0.33
1305,-0.01,-0.20
1325,-0.01,-0.20
1344,-0.00,-0.20
1363,-0.01,-0.07
1384,-0.00,-0.20
1403,-0.00,-0.07
1423,-0.01,-0.07
1442,-0.00,-0.07
1462,-0.00,-0.07
1481,-0.00,-0.07
1501,-0.00,-0.07
1529,-0.01,-0.07
1549,-0.00,-0.07
1568,-0.00,-0.20
1588,-0.00,-0.07
1607,-0.00,-0.07
1627,-0.00,-0.07
1646,-0.00,-0.07
1666,-0.00,-0.07
1685,-0.00,-0.07
1704,-0.00,-0.07
1724,-0.00,-0.07
1743,-0.00,-0.07
1763,-0.00,-0.07
1782,-0.00,-0.07
1802,-0.00,-0.07
1821,-0.00,-0.07
1841,-0.00,-0.07
1860,-0.00,-0.07
1880,-0.00,-0.07
1899,-0.00,-0.07
1918,-0.00,-0.07
1938,-0.00,-0.07
1957,-0.00,-0.07
1978,-0.00,-0.07
1997,-0.00,-0.07
2017,-0.00,0.07
2036,-0.00,-0.07
2056,-0.00,-0.07
2078,-0.00,-0.07
2098,-0.00,-0.07
2117,-0.00,-0.07
2137,-0.00,-0.07
2156,-0.00,-0.20
2176,-0.00,-0.07
2195,-0.00,-0.07
2214,-0.00,-0.07
2234,-0.00,-0.07
2253,-0.01,-0.07
2274,-0.00,-0.07
2293,-0.00,-0.07
2313,-0.00,-0.07
2332,-0.00,-0.07
2352,-0.00,-0.07
2371,-0.00,-0.07
2391,-0.00,-0.07
2410,-0.00,-0.07
2429,-0.00,-0.07
2449,-0.00,-0.07
2468,-0.00,-0.07
2488,-0.00,-0.07
2507,-0.00,0.07
2527,-0.00,-0.07
2546,-0.00,-0.07
2566,-0.00,-0.07
2585,0.00,-0.07
2605,-0.00,-0.07
2624,-0.00,-0.07
2648,-0.01,-0.07
2667,-0.00,-0.07
2686,0.00,-0.07
2706,-0.00,-0.07
2725,-0.00,-0.07
2745,-0.00,-0.07
2764,-0.00,-0.07
2784,-0.00,-0.07
2803,-0.00,-0.07
2823,0.00,-0.07
2842,-0.00,-0.07
2870,-0.00,-0.20
2899,-0.01,-0.20
2919,-0.01,-0.07
2938,-0.00,-0.20
2958,-0.00,-0.07
2977,-0.00,-0.20
2997,-0.00,-0.07
3016,-0.00,-0.07
3036,-0.00,-0.07
3055,-0.00,-0.07
3075,-0.00,-0.07
3094,-0.00,-0.07
3113,-0.00,-0.07
3133,-0.00,-0.07
3152,-0.00,-0.07
3172,-0.00,-0.07
3191,-0.00,-0.07
3214,-0.00,-0.07
3233,-0.00,-0.20
3254,-0.00,-0.07
3273,-0.00,-0.07
3293,-0.00,-0.07
3312,-0.00,-0.07
3332,-0.00,-0.07
3351,-0.00,-0.07
3371,-0.00,-0.07
3390,-0.00,-0.07
3409,-0.00,-0.07
3429,-0.00,-0.07
3448,-0.00,-0.07
3468,-0.00,-0.20
3487,-0.00,-0.07
3507,-0.00,-0.07
3526,-0.00,-0.07
3546,-0.01,-0.20
3565,-0.01,-0.07
3585,-0.00,-0.07
3604,-0.00,-0.07
3623,-0.00,-0.07
3643,-0.00,-0.07
3662,-0.00,-0.07
3682,-0.00,-0.07
3701,-0.00,-0.07
3721,-0.00,-0.07
3740,-0.00,-0.07
3760,-0.00,-0.07
3783,-0.00,-0.07
3803,-0.00,-0.07
3822,-0.00,-0.07
3842,-0.00,-0.07
3861,-0.00,-0.07
3880,-0.00,-0.20
3900,-0.00,-0.07
3919,-0.00,-0.07
3939,-0.00,-0.20
3958,-0.00,-0.07
3978,-0.00,-0.07
3997,-0.00,-0.20
4017,-0.00,-0.07
4036,-0.00,-0.07
4056,-0.00,-0.07
4075,-0.00,-0.07
4094,-0.01,-0.07
4114,-0.00,-0.07
4133,-0.00,-0.07
4153,-0.00,-0.07
4172,-0.00,-0.07
4192,-0.00,-0.20
4212,-0.00,-0.07
4232,-0.00,-0.07
4251,-0.00,-0.07
4271,-0.00,-0.07
4290,-0.00,-0.07
4310,-0.00,-0.07
4332,-0.01,-0.20
4352,-0.01,-0.07
4371,-0.00,-0.07
4390,-0.01,-0.07
4410,-0.01,-0.07
4429,-0.00,-0.20
4449,-0.00,-0.07
4468,-0.00,-0.07
4488,-0.00,-0.20
4507,-0.00,-0.07
4535,-0.01,-0.20
4563,-0.01,-0.20
4583,-0.01,-0.20
4602,-0.01,-0.20
4622,-0.01,-0.20
4641,-0.00,-0.07
4661,-0.00,-0.07
4680,-0.00,-0.07
4700,-0.01,-0.20
4719,-0.00,-0.07
4739,-0.00,-0.20
4758,-0.01,-0.07
4777,-0.00,-0.07
4797,-0.00,-0.07
4816,-0.01,-0.20
4836,-0.00,-0.20
4855,-0.00,-0.07
4875,-0.00,-0.07
4894,-0.00,-0.07
4918,-0.00,-0.20
4937,-0.00,-0.07
4957,-0.00,-0.07
4976,-0.00,-0.20
4996,-0.01,-0.07
5015,-0.00,-0.07
5035,-0.00,-0.07
5054,-0.00,-0.20
5073,-0.00,-0.07
5093,-0.00,-0.20
5112,-0.00,-0.07
5133,-0.00,-0.07
5152,-0.00,-0.07
5172,-0.00,-0.07
5191,-0.00,-0.07
5211,-0.01,-0.07
5230,-0.00,-0.07
5250,-0.00,-0.07
5269,-0.00,-0.07
5288,-0.00,-0.07
5308,-0.00,-0.07
5327,-0.00,-0.07
5347,-0.00,-0.07
5366,-0.00,-0.07
5386,-0.00,-0.07
5405,-0.01,-0.20
5425,-0.01,-0.07
5444,-0.00,-0.07
5480,-0.01,-0.07
5502,-0.00,-0.07
5524,-0.00,-0.07
5545,-0.00,-0.07
5568,-0.00,-0.07
5590,-0.01,-0.07
5612,-0.00,-0.07
5634,-0.00,-0.20
5655,-0.00,-0.07
5678,-0.01,-0.20
5699,-0.00,-0.20
5721,-0.00,-0.07
5743,-0.00,-0.07
5765,-0.00,-0.07
5786,-0.00,-0.07
5809,-0.01,-0.07
5830,-0.01,-0.20
5853,-0.00,-0.07
5874,-0.01,-0.07
5896,-0.00,-0.07
5918,-0.00,-0.07
5940,-0.00,-0.07
5961,-0.00,-0.07
5984,-0.00,-0.20
6005,-0.00,-0.20
6027,-0.01,-0.07
6049,-0.00,0.07
6071,-0.00,-0.07
6092,-0.00,-0.20
6118,-0.00,-0.07
6140,-0.00,-0.07
6162,-0.01,-0.07
6183,-0.00,-0.07
6206,-0.00,-0.07
6227,-0.00,-0.07
6249,-0.00,-0.07
6272,-0.00,-0.07
6310,-0.01,-0.20
6333,-0.01,-0.20
6354,-0.01,-0.20
6377,-0.00,-0.07
6398,-0.00,-0.20
6420,-0.00,-0.07
6443,-0.00,-0.07
6464,-0.01,-0.20
6486,-0.00,-0.07
6508,-0.00,-0.07
6530,-0.01,-0.07
6551,-0.00,-0.07
6574,-0.00,-0.07
6595,-0.00,-0.20
6618,-0.01,-0.20
6639,-0.01,-0.20
6661,-0.01,-0.07
6683,-0.01,-0.20
6705,-0.00,-0.20
6726,-0.01,-0.20
6752,-0.01,-0.20
6774,-0.00,-0.07
6796,-0.01,-0.07
6817,-0.01,-0.07
6840,-0.00,-0.07
6861,-0.01,-0.07
6883,-0.01,-0.07
6905,-0.00,-0.07
6927,-0.00,-0.07
6948,-0.01,-0.07
6971,-0.01,-0.07
6992,-0.00,-0.07
7015,-0.00,-0.20
7036,-0.00,-0.20
7058,-0.00,-0.07
7080,-0.01,-0.07
7102,-0.00,-0.07
7123,-0.00,-0.07
7146,-0.01,-0.20
7168,-0.00,-0.07
7190,-0.01,-0.07
7212,-0.00,-0.20
7233,-0.00,-0.07
7256,-0.00,-0.20
7277,-0.01,-0.07
7299,-0.00,-0.07
7321,-0.00,-0.20
7343,-0.01,-0.20
7365,-0.00,-0.07
7390,-0.01,-0.20
7412,-0.01,-0.20
7434,-0.01,0.07
7455,-0.01,-0.20
7478,-0.00,-0.20
7499,-0.00,-0.07
7522,-0.01,-0.20
7543,-0.00,-0.20
7565,-0.00,-0.07
7587,-0.01,-0.20
7609,-0.00,-0.20
7630,-0.00,-0.07
7653,-0.01,-0.07
7674,-0.00,-0.07
7697,-0.00,-0.07
7718,-0.01,-0.07
7740,-0.01,-0.20
7762,-0.01,-0.20
7784,-0.01,-0.20
7805,-0.01,-0.07
7828,-0.00,-0.07
7849,-0.01,-0.20
7872,-0.01,-0.07
7894,-0.01,-0.07
7915,-0.00,-0.20
7938,-0.00,-0.07
7959,-0.00,-0.20
7982,-0.00,-0.20
8006,-0.00,-0.20
8029,-0.00,-0.07
8050,-0.00,-0.20
8072,-0.00,-0.20
8094,-0.01,-0.20
8116,-0.01,-0.07
8137,-0.01,-0.07
8176,-0.01,-0.20
8199,-0.01,-0.20
8220,-0.00,-0.20
8243,-0.01,-0.20
8264,-0.01,-0.20
8287,-0.00,-0.07
8308,-0.01,-0.07
8330,-0.00,-0.07
8352,-0.00,-0.07
8374,-0.00,-0.07
8395,-0.00,-0.07
8418,-0.00,-0.07
8439,-0.00,-0.07
8461,-0.00,-0.07
8483,-0.00,-0.07
8505,-0.00,-0.07
8527,-0.00,-0.07
8549,-0.01,-0.20
8570,-0.01,-0.07
8593,-0.00,-0.07
8614,-0.01,-0.07
8636,-0.00,-0.07
8656,-0.00,-0.20
8678,-0.00,-0.07
8699,-0.00,-0.07
8722,-0.00,-0.07
8743,-0.00,-0.20
8765,-0.00,-0.07
8787,-0.00,-0.20
8809,-0.01,-0.07
8832,-0.00,-0.07
8853,-0.00,-0.07
8875,-0.00,-0.07
8897,-0.00,-0.07
8919,-0.01,-0.20
8941,-0.01,-0.07
8963,-0.01,-0.20
8984,-0.00,-0.07
9007,-0.00,-0.07
9028,-0.01,-0.20
9051,-0.00,-0.07
9072,-0.01,-0.20
9094,-0.00,-0.07
9116,-0.00,-0.07
9138,0.00,0.07
9159,-0.00,-0.07
9182,-0.00,-0.07
9203,-0.00,-0.07
9226,-0.00,-0.07
9247,-0.00,-0.07
9273,-0.00,-0.07
9294,-0.00,-0.20
9316,-0.00,-0.07
9338,-0.00,-0.07
9360,-0.00,-0.20
9382,-0.00,-0.07
9404,-0.00,-0.07
9425,-0.00,-0.07
9448,-0.00,-0.07
9469,-0.00,-0.07
9492,-0.00,-0.07
9513,-0.00,-0.20
9535,-0.00,-0.07
9558,-0.00,-0.07
9579,-0.01,-0.20
9601,-0.00,-0.20
9623,-0.00,-0.07
9645,-0.01,-0.07
9667,-0.00,-0.07
9689,-0.00,-0.07
9710,-0.00,-0.20
9733,-0.00,-0.07
9754,-0.00,-0.07
9776,-0.00,-0.07
9798,-0.00,-0.07
9820,-0.00,-0.07
9842,-0.00,-0.07
9864,-0.00,-0.20
9885,-0.00,-0.07
9905,-0.01,-0.07
9927,-0.00,-0.20
9949,-0.00,-0.20
9971,-0.00,-0.07
9993,-0.00,-0.07
10014,-0.00,-0.07
10052,-0.01,-0.20
10074,-0.00,-0.20
10096,-0.00,-0.20
10118,-0.01,-0.20
10140,-0.00,-0.07
10162,-0.00,-0.07
10184,-0.00,-0.07
10206,-0.00,-0.07
10227,-0.00,-0.07
10250,-0.00,-0.20
10271,-0.01,-0.20
10294,-0.00,-0.07
10315,-0.00,-0.07
10337,-0.01,-0.20
10359,-0.00,-0.07
10381,-0.01,-0.07
10403,-0.01,-0.07
10425,-0.00,-0.20
10447,-0.01,-0.07
10469,-0.01,-0.07
10490,-0.01,-0.20
10526,-0.00,-0.07
10549,-0.00,-0.20
10570,-0.00,-0.07
10593,-0.00,-0.07
10614,-0.00,-0.07
10637,-0.00,-0.20
10658,-0.01,-0.07
10681,-0.00,-0.07
10702,-0.01,-0.20
10724,-0.01,-0.20
10746,-0.01,-0.07
10768,-0.00,-0.20
10790,-0.01,-0.07
10812,-0.00,-0.20
10834,-0.00,-0.07
10856,-0.01,-0.20
10878,-0.00,-0.20
10900,-0.00,-0.07
10921,-0.01,-0.07
10944,-0.01,-0.07
10966,-0.01,-0.07
10988,-0.00,-0.20
11010,-0.00,-0.07
11032,-0.01,-0.07
11054,-0.01,-0.20
11076,-0.00,-0.07
11098,-0.00,-0.07
11123,-0.01,-0.20
11145,-0.00,-0.07
11167,-0.01,-0.20
11189,-0.01,-0.20
11211,-0.00,-0.07
11233,-0.01,-0.20
11255,-0.00,-0.20
11277,-0.00,-0.07
11299,-0.01,-0.20
11321,-0.00,-0.07
11342,-0.01,-0.20
11365,-0.01,-0.20
11386,-0.01,-0.07
11409,-0.01,-0.20
11430,-0.01,-0.20
11453,-0.00,-0.07
11474,-0.00,-0.20
11497,-0.01,-0.20
11518,-0.00,-0.07
11540,-0.00,-0.07
11563,-0.00,-0.20
11584,-0.00,-0.07
11607,-0.01,-0.07
11628,-0.00,-0.07
11651,-0.01,-0.20
11672,-0.01,-0.20
11695,-0.00,-0.07
11719,-0.01,-0.20
11742,-0.01,-0.07
11763,-0.00,-0.07
11786,-0.00,-0.20
11807,-0.01,-0.20
11830,-0.00,-0.07
11851,-0.00,-0.20
11874,-0.01,-0.07
11902,-0.01,-0.20
11939,-0.01,-0.33
11961,-0.01,-0.20
11983,-0.01,-0.20
12005,-0.01,-0.20
12027,-0.01,-0.07
12049,-0.01,-0.20
12071,-0.00,-0.07
12093,-0.01,-0.20
12115,-0.00,-0.20
12137,-0.00,-0.07
12160,-0.00,-0.20
12181,-0.01,-0.07
12203,-0.00,-0.20
12225,-0.00,-0.20
12247,-0.00,-0.07
12269,-0.01,-0.20
12291,-0.01,-0.20
12313,-0.00,-0.07
12339,-0.01,-0.20
12360,-0.01,-0.07
12383,-0.00,-0.20
12404,-0.00,-0.20
12426,-0.00,-0.20
12448,-0.00,-0.07
12470,-0.00,-0.20
12492,-0.01,-0.20
12514,-0.01,-0.07
12536,-0.01,-0.20
12558,-0.00,-0.07
12580,-0.01,-0.20
12602,-0.01,-0.20
12624,-0.00,-0.07
12646,-0.01,-0.07
12668,-0.01,-0.07
12690,-0.00,-0.07
12711,-0.00,-0.20
12734,-0.01,-0.20
12755,-0.01,-0.20
12778,-0.01,-0.07
12800,-0.00,-0.07
12822,-0.00,-0.20
12844,-0.01,-0.20
12866,-0.00,-0.07
12888,-0.01,-0.20
12910,-0.01,-0.20
12936,-0.00,-0.07
12957,-0.00,-0.20
12979,-0.00,-0.20
13001,-0.00,-0.07
13023,-0.00,-0.07
13045,-0.01,-0.20
13067,-0.00,-0.07
13089,-0.01,-0.20
13111,-0.01,-0.07
13133,-0.01,-0.07
13155,-0.01,-0.20
13177,-0.00,-0.07
13199,-0.01,-0.20
13221,-0.00,-0.20
13243,-0.00,-0.07
13265,-0.00,-0.07
13287,-0.01,-0.20
13308,-0.00,-0.20
13331,-0.01,-0.20
13352,-0.00,-0.07
13375,-0.00,-0.07
13396,-0.01,-0.07
13419,-0.00,-0.07
13441,-0.01,-0.20
13463,-0.00,-0.20
13485,-0.00,-0.07
13507,-0.01,-0.20
13527,-0.01,-0.20
13548,-0.00,-0.07
13571,-0.00,-0.07
13592,-0.01,-0.20
13615,-0.00,-0.20
13636,-0.00,-0.07
13659,-0.01,-0.20
13680,-0.01,-0.20
13703,-0.01,-0.07
13724,-0.01,-0.07
13747,-0.00,-0.07
13768,-0.01,-0.20
13811,-0.01,-0.33
13834,-0.01,-0.20
13855,-0.01,-0.20
13878,-0.01,-0.20
13899,-0.01,-0.07
13922,-0.01,-0.20
13943,-0.00,-0.20
13966,-0.01,-0.20
13987,-0.01,-0.20
14010,-0.01,-0.20
14031,-0.01,-0.20
14053,-0.00,-0.07
14075,-0.01,-0.07
14097,-0.00,-0.20
14123,-0.01,-0.07
14145,-0.01,-0.20
14167,-0.01,-0.07
14189,-0.00,-0.07
14211,-0.01,-0.20
14233,-0.01,-0.20
14255,-0.00,-0.07
14277,-0.00,-0.07
14299,-0.01,-0.07
14321,-0.01,-0.20
14343,-0.01,-0.20
14365,-0.00,-0.07
14387,-0.01,-0.20
14408,-0.01,-0.07
14431,-0.00,-0.07
14452,-0.00,-0.07
14475,-0.01,-0.07
14496,-0.00,-0.07
14519,-0.00,-0.20
14540,-0.00,-0.07
14563,-0.01,-0.20
14584,-0.01,-0.07
14607,-0.00,-0.07
14628,-0.00,-0.20
14651,-0.00,-0.20
14672,-0.01,-0.07
14695,-0.01,-0.07
14721,-0.01,-0.20
14742,-0.00,-0.07
14765,-0.00,-0.20
14786,-0.01,-0.20
14809,-0.01,-0.20
14830,-0.01,-0.20
14853,-0.00,-0.20
14874,-0.01,-0.20
14897,-0.00,-0.20
14918,-0.00,-0.07
14941,-0.01,-0.20
14962,-0.01,-0.20
14985,-0.01,-0.20
15006,-0.01,-0.20
15029,-0.00,-0.07
15050,-0.00,-0.20
460,-0.01,-0.20
494,-0.01,-0.33
517,-0.01,-0.20
538,-0.01,-0.20
560,-0.01,-0.20
582,-0.00,-0.20
604,-0.01,-0.20
626,-0.01,-0.20
648,-0.01,-0.07
670,-0.01,-0.07
692,-0.01,-0.20
713,-0.00,-0.20
736,-0.01,-0.20
785,-0.01,-0.33
806,-0.01,-0.20
828,-0.01,-0.20
850,-0.01,-0.20
872,-0.01,-0.07
894,-0.00,-0.07
916,-0.01,-0.20
939,-0.01,-0.20
960,-0.01,-0.20
983,-0.01,-0.20
1004,-0.00,-0.07
1027,-0.01,-0.20
1048,-0.01,-0.07
1080,-0.01,-0.20
1117,-0.01,-0.33
1139,-0.01,-0.33
1161,-0.01,-0.33
1183,-0.01,-0.20
1205,-0.00,-0.20
1227,-0.01,-0.20
1250,-0.01,-0.20
1271,-0.01,-0.20
1294,-0.01,-0.20
1315,-0.00,-0.07
1338,-0.01,-0.20
1360,-0.01,-0.20
1382,-0.01,-0.20
1404,-0.01,-0.20
1426,-0.01,-0.07
1457,-0.01,-0.20
1479,-0.01,-0.20
1502,-0.01,-0.20
1523,-0.00,-0.20
1546,-0.00,-0.20
1567,-0.01,-0.20
1590,-0.01,-0.20
1612,-0.01,-0.20
1634,-0.01,-0.20
1656,-0.00,-0.07
1678,-0.01,-0.20
1700,-0.01,-0.07
1723,-0.01,-0.20
1744,-0.01,-0.20
1767,-0.00,-0.07
1788,-0.01,-0.20
1811,-0.01,-0.07
1833,-0.01,-0.20
1855,-0.01,-0.20
1878,-0.00,-0.07
1899,-0.01,-0.20
1922,-0.01,-0.07
1944,-0.01,-0.20
1966,-0.01,-0.20
1988,-0.00,-0.20
2011,-0.01,-0.20
2032,-0.01,-0.07
2055,-0.01,-0.20
2080,-0.01,-0.20
2102,-0.00,-0.20
2124,-0.01,-0.20
2147,-0.01,-0.20
2168,-0.01,-0.20
2191,-0.01,-0.20
2213,-0.00,-0.20
2235,-0.01,-0.20
2257,-0.01,-0.20
2279,-0.00,-0.20
2301,-0.01,-0.20
2324,-0.01,-0.20
2345,-0.01,-0.20
2368,-0.01,-0.20
2390,-0.01,-0.20
2412,-0.01,-0.20
2435,-0.00,-0.07
2456,-0.01,-0.20
2479,-0.01,-0.07
2500,-0.01,-0.20
2523,-0.01,-0.20
2545,-0.00,-0.20
2567,-0.00,-0.20
2589,-0.00,-0.20
2611,-0.01,-0.20
2633,-0.01,-0.20
2656,-0.01,-0.07
2677,-0.00,-0.07
2700,-0.00,-0.07
2725,-0.01,-0.20
2747,-0.01,-0.20
2769,-0.01,-0.20
2792,-0.01,-0.07
2813,-0.01,-0.20
2836,-0.00,-0.07
2859,-0.01,-0.20
2880,-0.01,-0.07
2903,-0.01,-0.20
2924,-0.01,-0.20
2947,-0.01,-0.07
2975,-0.01,-0.20
3013,-0.01,-0.33
3035,-0.01,-0.33
3057,-0.01,-0.20
3079,-0.01,-0.07
3101,-0.01,-0.20
3123,-0.01,-0.20
3145,-0.01,-0.20
3167,-0.01,-0.07
3189,-0.01,-0.20
3211,-0.01,-0.20
3233,-0.01,-0.20
3255,-0.01,-0.20
3276,-0.01,-0.20
3299,-0.00,-0.07
3320,-0.01,-0.20
3343,-0.00,-0.20
3368,-0.00,-0.20
3390,-0.01,-0.20
3412,-0.01,-0.20
3434,-0.01,-0.07
3457,-0.00,-0.07
3478,-0.01,-0.20
3501,-0.01,-0.20
3522,-0.01,-0.07
3545,-0.00,-0.07
3566,-0.01,-0.20
3589,-0.01,-0.20
3610,-0.01,-0.07
3633,-0.01,-0.20
3654,-0.00,-0.07
3677,-0.01,-0.20
3698,-0.01,-0.20
3721,-0.00,-0.20
3742,-0.01,-0.20
3765,-0.01,-0.20
3786,-0.00,-0.20
3809,-0.01,-0.20
3830,-0.00,-0.07
3853,-0.01,-0.20
3874,-0.01,-0.20
3897,-0.01,-0.07
3918,-0.01,-0.20
3941,-0.01,-0.07
3962,-0.00,-0.07
3988,-0.01,-0.20
4011,-0.01,-0.20
4032,-0.00,-0.07
4055,-0.00,-0.20
4076,-0.01,-0.07
4099,-0.01,-0.20
4120,-0.01,-0.07
4143,-0.01,-0.07
4164,-0.01,-0.20
4187,-0.01,-0.20
4208,-0.00,-0.07
4231,-0.01,-0.20
4252,-0.01,-0.20
4275,-0.01,-0.20
4296,-0.01,-0.07
4319,-0.00,-0.07
4340,-0.01,-0.20
4363,-0.01,-0.20
4384,-0.01,-0.07
4407,-0.01,-0.20
4428,-0.00,-0.07
4451,-0.01,-0.20
4472,-0.01,-0.20
4495,-0.01,-0.20
4516,-0.01,-0.20
4539,-0.01,-0.20
4560,-0.00,-0.07
4583,-0.00,-0.20
4604,-0.01,-0.07
4630,-0.01,-0.20
4653,-0.01,-0.20
4674,-0.01,-0.07
4697,-0.01,-0.20
4718,-0.01,-0.07
4741,-0.00,-0.07
4762,-0.01,-0.20
4785,-0.01,-0.20
4807,-0.01,-0.07
4829,-0.01,-0.07
4856,-0.01,-0.20
4894,-0.01,-0.33
4917,-0.01,-0.20
4938,-0.01,-0.20
4961,-0.01,-0.20
4982,-0.01,-0.07
5005,-0.01,-0.20
5026,-0.01,-0.20
5049,-0.01,-0.20
5070,-0.01,-0.20
5093,-0.01,-0.07
5114,-0.00,-0.20
5136,-0.01,-0.20
5158,-0.00,-0.20
5180,-0.01,-0.20
5202,-0.01,-0.20
5224,-0.01,-0.07
5246,-0.00,-0.20
5272,-0.01,-0.20
5294,-0.01,-0.20
5316,-0.01,-0.20
5338,-0.01,-0.20
5360,-0.01,-0.20
5382,-0.01,-0.20
5403,-0.01,-0.20
5426,-0.01,-0.20
5447,-0.01,-0.20
5470,-0.01,-0.07
5491,-0.01,-0.20
5514,-0.01,-0.20
5535,-0.01,-0.07
5558,-0.01,-0.20
5579,-0.01,-0.20
5602,-0.01,-0.20
5623,-0.01,-0.20
5646,-0.01,-0.20
5667,-0.01,-0.07
5690,-0.01,-0.20
5711,-0.00,-0.07
5734,-0.01,-0.20
5755,-0.01,-0.07
5778,-0.00,-0.07
5799,-0.01,-0.20
5821,-0.01,-0.20
5843,-0.01,-0.20
5865,-0.01,-0.20
5888,-0.00,-0.20
5923,-0.01,-0.20
5945,-0.00,-0.20
5967,-0.01,-0.20
5989,-0.01,-0.20
6011,-0.01,-0.20
6033,-0.01,-0.20
6055,-0.00,-0.07
6077,-0.01,-0.20
6099,-0.01,-0.20
6121,-0.00,-0.20
6144,-0.01,-0.20
6165,-0.01,-0.20
6188,-0.01,-0.20
6209,-0.01,-0.20
6232,-0.00,-0.07
6253,-0.01,-0.20
6276,-0.01,-0.20
6297,-0.00,-0.07
6320,-0.01,-0.20
6341,-0.01,-0.20
6364,-0.00,-0.20
6385,-0.01,-0.20
6408,-0.00,-0.07
6429,-0.01,-0.20
6452,-0.01,-0.20
6473,-0.00,-0.20
6496,-0.01,-0.20
6517,-0.01,-0.20
6543,-0.01,-0.20
6565,-0.01,-0.20
6587,-0.01,-0.20
6609,-0.00,-0.20
6631,-0.01,-0.20
6653,-0.01,-0.20
6675,-0.00,-0.20
6697,-0.00,-0.20
6719,-0.00,-0.07
6763,-0.01,-0.33
6786,-0.01,-0.33
6808,-0.01,-0.20
6830,-0.01,-0.07
6852,-0.01,-0.20
6874,-0.01,-0.20
6896,-0.01,-0.07
6918,-0.01,-0.20
6940,-0.01,-0.20
6962,-0.01,-0.20
6984,-0.01,-0.20
7006,-0.01,-0.20
7028,-0.01,-0.20
7050,-0.00,-0.20
7072,-0.01,-0.07
7094,-0.01,-0.20
7116,-0.01,-0.20
7138,-0.01,-0.20
7160,-0.00,-0.20
7182,-0.00,-0.20
7207,-0.01,-0.20
7229,-0.01,-0.20
7251,-0.00,-0.20
7274,-0.01,-0.20
7296,-0.01,-0.20
7318,-0.01,-0.07
7340,-0.01,-0.20
7362,-0.01,-0.20
7384,-0.01,-0.20
7406,-0.01,-0.20
7428,-0.01,-0.20
7450,-0.01,-0.20
7472,-0.01,-0.20
7494,-0.01,-0.07
7516,-0.01,-0.20
7538,-0.01,-0.07
7560,-0.01,-0.20
7582,-0.01,-0.20
7604,-0.01,-0.07
7626,-0.01,-0.20
7648,-0.01,-0.20
7670,-0.00,-0.20
7692,-0.00,-0.20
7714,-0.01,-0.20
7736,-0.00,-0.20
7758,-0.00,-0.20
7780,-0.01,-0.20
7802,-0.01,-0.20
7827,-0.01,-0.20
7849,-0.01,-0.20
7871,-0.01,-0.20
7894,-0.01,-0.20
7915,-0.01,-0.20
7938,-0.00,-0.20
7959,-0.01,-0.20
7982,-0.00,-0.07
8003,-0.01,-0.20
8026,-0.01,-0.07
8047,-0.01,-0.20
8070,-0.01,-0.20
8092,-0.00,-0.20
8114,-0.01,-0.20
8136,-0.01,-0.20
8158,-0.00,-0.07
8180,-0.01,-0.20
8202,-0.01,-0.07
8224,-0.01,-0.07
8246,-0.01,-0.20
8268,-0.01,-0.20
8290,-0.01,-0.20
8312,-0.01,-0.20
8334,-0.00,-0.07
8356,-0.01,-0.20
8378,-0.00,-0.07
8400,-0.01,-0.07
8422,-0.01,-0.20
8444,-0.01,-0.07
8469,-0.01,-0.20
8492,-0.01,-0.20
8514,-0.01,-0.07
8536,-0.01,-0.20
8558,-0.01,-0.20
8580,-0.00,-0.07
8601,-0.01,-0.20
8645,-0.01,-0.33
8668,-0.01,-0.20
8689,-0.01,-0.20
8711,-0.01,-0.20
8733,-0.01,-0.20
8755,-0.01,-0.20
8776,-0.01,-0.20
8799,-0.01,-0.20
8820,-0.01,-0.20
8843,-0.01,-0.20
8864,-0.01,-0.20
8886,-0.01,-0.07
8908,-0.01,-0.20
8930,-0.01,-0.20
8951,-0.00,-0.07
8974,-0.01,-0.20
8995,-0.00,-0.20
9018,-0.00,-0.07
9039,-0.01,-0.20
9061,-0.01,-0.20
9083,-0.01,-0.20
9108,-0.01,-0.20
9131,-0.01,-0.20
9152,-0.01,-0.20
9175,-0.01,-0.20
9196,-0.01,-0.20
9218,-0.01,-0.20
9240,-0.01,-0.20
9262,-0.01,-0.20
9283,-0.00,-0.20
9306,-0.01,-0.20
9327,-0.01,-0.07
9350,-0.00,-0.07
9371,-0.01,-0.20
9393,-0.01,-0.20
9415,-0.01,-0.20
9437,-0.01,-0.20
9458,-0.01,-0.20
9481,-0.00,-0.07
9502,-0.01,-0.20
9525,-0.01,-0.20
9546,-0.01,-0.20
9568,-0.01,-0.20
9590,-0.01,-0.20
9612,-0.01,-0.20
9633,-0.01,-0.20
9656,-0.01,-0.20
9677,-0.00,-0.07
9700,-0.00,-0.20
9724,-0.01,-0.20
9747,-0.01,-0.20
9768,-0.01,-0.20
9790,-0.01,-0.20
9812,-0.01,-0.07
9834,-0.01,-0.20
9857,-0.01,-0.20
9878,-0.01,-0.07
9900,-0.00,-0.20
9922,-0.01,-0.20
9944,-0.00,-0.20
9966,-0.01,-0.20
9988,-0.00,-0.20
10009,-0.00,-0.07
10032,-0.01,-0.20
10053,-0.01,-0.20
10076,-0.01,-0.20
10097,-0.00,-0.20
10119,-0.00,-0.20
10141,-0.01,-0.20
10163,-0.01,-0.07
10185,-0.00,-0.20
10207,-0.01,-0.07
10228,-0.00,-0.20
10251,-0.00,-0.07
10272,-0.00,-0.20
10295,-0.00,-0.20
10316,-0.00,-0.07
10342,-0.01,-0.20
10363,-0.01,-0.07
10386,-0.00,-0.07
10407,-0.01,-0.20
10430,-0.01,-0.20
10451,-0.01,-0.07
10473,-0.01,-0.20
10517,-0.01,-0.33
10540,-0.01,-0.33
10561,-0.01,-0.20
10584,-0.01,-0.20
10605,-0.01,-0.20
10627,-0.01,-0.07
10649,-0.01,-0.07
10671,-0.01,-0.07
10693,-0.01,-0.07
10715,-0.01,-0.20
10737,-0.01,-0.20
10759,-0.01,-0.20
10780,-0.01,-0.20
10803,-0.01,-0.20
10824,-0.01,-0.20
10847,-0.01,-0.20
10868,-0.01,-0.20
10891,-0.01,-0.20
10912,-0.01,-0.20
10935,-0.00,-0.20
10970,-0.01,-0.20
10992,-0.01,-0.20
11014,-0.01,-0.20
11036,-0.01,-0.20
11058,-0.01,-0.20
11080,-0.01,-0.20
11102,-0.01,-0.20
11124,-0.01,-0.20
11146,-0.01,-0.20
11167,-0.01,-0.20
11190,-0.01,-0.20
11211,-0.01,-0.20
11234,-0.00,-0.07
11255,-0.01,-0.07
11278,-0.01,-0.20
11299,-0.00,-0.07
11321,-0.01,-0.20
11343,-0.01,-0.20
11365,-0.00,-0.20
11387,-0.01,-0.20
11409,-0.01,-0.20
11431,-0.01,-0.20
11453,-0.01,-0.20
11475,-0.01,-0.07
11497,-0.00,-0.20
11518,-0.01,-0.20
11541,-0.01,-0.07
11567,-0.01,-0.20
11588,-0.00,-0.20
11611,-0.01,-0.20
11632,-0.01,-0.20
11654,-0.01,-0.20
11676,-0.00,-0.07
11698,-0.01,-0.20
11720,-0.01,-0.20
11742,-0.00,-0.07
11764,-0.01,-0.20
11786,-0.01,-0.20
11807,-0.00,-0.20
11830,-0.01,-0.20
11851,-0.01,-0.07
11874,-0.01,-0.20
11895,-0.01,-0.20
11918,-0.01,-0.07
11939,-0.01,-0.20
11961,-0.00,-0.20
11983,-0.01,-0.07
12005,-0.01,-0.20
12027,-0.01,-0.20
12049,-0.00,-0.20
12071,-0.01,-0.20
12093,-0.00,-0.20
12114,-0.00,-0.20
12137,-0.01,-0.07
12163,-0.01,-0.20
12184,-0.01,-0.20
12207,-0.01,-0.20
12228,-0.01,-0.20
12250,-0.01,-0.20
12272,-0.01,-0.20
12294,-0.01,-0.20
12316,-0.01,-0.20
12338,-0.01,-0.20
12366,-0.01,-0.20
12403,-0.01,-0.33
12426,-0.01,-0.20
12448,-0.01,-0.20
12470,-0.01,-0.20
12492,-0.01,-0.07
12514,-0.01,-0.20
12536,-0.01,-0.20
12558,-0.01,-0.20
12580,-0.01,-0.20
12602,-0.01,-0.07
12624,-0.01,-0.20
12646,-0.01,-0.20
12668,-0.01,-0.20
12691,-0.01,-0.20
12712,-0.01,-0.07
12735,-0.01,-0.20
12756,-0.01,-0.20
12782,-0.01,-0.07
12805,-0.01,-0.20
12826,-0.01,-0.20
12849,-0.01,-0.20
12870,-0.01,-0.20
12893,-0.00,-0.07
12915,-0.01,-0.20
12937,-0.01,-0.20
12959,-0.01,-0.20
12981,-0.01,-0.20
13003,-0.01,-0.20
13025,-0.01,-0.20
13047,-0.01,-0.20
13070,-0.00,-0.07
13091,-0.01,-0.20
13114,-0.01,-0.20
13135,-0.01,-0.20
13158,-0.01,-0.20
13179,-0.01,-0.07
13202,-0.01,-0.20
13223,-0.01,-0.20
13246,-0.01,-0.20
13268,-0.01,-0.20
13290,-0.01,-0.07
13313,-0.00,-0.20
13334,-0.01,-0.20
13357,-0.01,-0.20
13382,-0.01,-0.20
13404,-0.01,-0.20
13426,-0.00,-0.20
13448,-0.01,-0.20
13470,-0.01,-0.20
13493,-0.01,-0.20
13514,-0.01,-0.20
13537,-0.00,-0.07
13558,-0.01,-0.20
13581,-0.01,-0.20
13602,-0.01,-0.20
13625,-0.01,-0.20
13646,-0.00,-0.07
13669,-0.01,-0.20
13691,-0.01,-0.20
13713,-0.01,-0.20
13735,-0.01,-0.20
13757,-0.00,-0.20
13779,-0.01,-0.20
13801,-0.01,-0.20
13824,-0.00,-0.20
13845,-0.01,-0.20
13868,-0.00,-0.20
13890,-0.01,-0.20
13912,-0.01,-0.20
13934,-0.01,-0.07
13956,-0.01,-0.20
13981,-0.01,-0.20
14004,-0.01,-0.20
14025,-0.01,-0.20
14048,-0.01,-0.20
14070,-0.01,-0.20
14092,-0.01,-0.20
14114,-0.00,-0.07
14136,-0.01,-0.20
14158,-0.01,-0.20
14180,-0.01,-0.20
14202,-0.01,-0.20
14224,-0.00,-0.07
14253,-0.01,-0.20
14289,-0.01,-0.20
14312,-0.01,-0.20
14333,-0.01,-0.20
14356,-0.01,-0.20
14377,-0.01,-0.20
14400,-0.01,-0.20
14422,-0.00,-0.07
14443,-0.01,-0.20
14466,-0.01,-0.20
14487,-0.01,-0.20
14510,-0.01,-0.20
14531,-0.01,-0.20
14554,-0.01,-0.20
14575,-0.01,-0.20
14601,-0.01,-0.20
14622,-0.01,-0.20
14645,-0.01,-0.20
14666,-0.01,-0.07
14688,-0.01,-0.20
14710,-0.01,-0.20
14732,-0.01,-0.20
14754,-0.01,-0.20
14776,-0.01,-0.20
14798,-0.01,-0.07
14820,-0.01,-0.20
14841,-0.01,-0.20
14864,-0.01,-0.07
14885,-0.01,-0.20
14908,-0.01,-0.20
14929,-0.01,-0.20
14952,-0.00,-0.20
14973,-0.01,-0.20
14995,-0.01,-0.20
15017,-0.01,-0.20
15039,-0.00,-0.20
15062,-0.00,-0.20
15083,-0.01,-0.20
15106,-0.00,-0.07
15127,-0.01,-0.20
15150,-0.01,-0.20
15171,-0.00,-0.07
15197,-0.01,-0.20
15218,-0.01,-0.20
15241,-0.00,-0.07
15262,-0.01,-0.07
15284,-0.01,-0.20
15306,-0.00,-0.20
15328,-0.01,-0.20
15350,-0.01,-0.20
15372,-0.00,-0.07
15394,-0.01,-0.07
15416,-0.01,-0.07
15437,-0.01,-0.20
15460,-0.01,-0.20
15481,-0.01,-0.07
15504,-0.01,-0.20
15525,-0.01,-0.20
15548,-0.00,-0.07
15569,-0.01,-0.33
15591,-0.01,-0.20
15613,-0.01,-0.20
15635,-0.01,-0.20
15657,-0.01,-0.20
15679,-0.00,-0.20
15702,-0.00,-0.20
15723,-0.00,-0.20
15745,-0.01,-0.20
15767,-0.01,-0.20
15803,-0.01,-0.20
15824,-0.01,-0.07
15847,-0.01,-0.07
15868,-0.01,-0.20
15891,-0.01,-0.07
15912,-0.00,-0.20
15934,-0.01,-0.20
15956,-0.01,-0.20
15978,-0.01,-0.20
16001,-0.01,-0.20
16022,-0.01,-0.20
16045,-0.00,-0.20
16066,-0.01,-0.20
16089,-0.00,-0.07
16110,-0.00,-0.20
16171,-0.01,-0.33
16193,-0.01,-0.33
16215,-0.01,-0.33
16237,-0.01,-0.20
16259,-0.01,-0.20
16281,-0.01,-0.20
16303,-0.01,-0.20
16325,-0.01,-0.20
16347,-0.00,-0.07
16368,-0.01,-0.20
16391,-0.01,-0.20
16412,-0.01,-0.07
16438,-0.01,-0.20
16460,-0.01,-0.20
16482,-0.01,-0.20
16503,-0.01,-0.20
16526,-0.01,-0.20
16547,-0.01,-0.20
16570,-0.01,-0.20
16591,-0.01,-0.20
16614,-0.01,-0.20
16635,-0.01,-0.20
16657,-0.01,-0.20
16679,-0.01,-0.20
16701,-0.01,-0.20
16723,-0.01,-0.07
16745,-0.01,-0.20
16768,-0.01,-0.07
16789,-0.00,-0.20
16812,-0.01,-0.20
16833,-0.01,-0.20
16855,-0.01,-0.20
16877,-0.01,-0.20
16899,-0.00,-0.07
16921,-0.01,-0.20
16943,-0.01,-0.20
16965,-0.00,-0.20
16987,-0.01,-0.20
17009,-0.00,-0.20
17029,-0.01,-0.20
17050,-0.01,-0.07
17073,-0.01,-0.20
17094,-0.01,-0.20
17116,-0.01,-0.07
17138,-0.01,-0.20
17160,-0.01,-0.20
17182,-0.01,-0.07
17204,-0.01,-0.20
17226,-0.01,-0.20
17248,-0.01,-0.07
17270,-0.00,-0.20
17292,-0.01,-0.20
17313,-0.00,-0.07
17336,-0.01,-0.20
17357,-0.01,-0.20
17380,-0.01,-0.20
17401,-0.01,-0.20
17424,-0.00,-0.07
17445,-0.01,-0.20
17467,-0.01,-0.20
17489,-0.01,-0.07
17511,-0.01,-0.20
17533,-0.01,-0.20
17555,-0.01,-0.20
17577,-0.00,-0.20
17602,-0.01,-0.20
17625,-0.01,-0.20
17646,-0.01,-0.20
17669,-0.01,-0.20
17690,-0.01,-0.20
17713,-0.01,-0.20
17734,-0.01,-0.20
17757,-0.01,-0.20
17778,-0.01,-0.20
17800,-0.01,-0.07
17822,-0.01,-0.20
17844,-0.01,-0.20
17866,-0.00,-0.07
17888,-0.01,-0.20
17910,-0.01,-0.20
17932,-0.01,-0.20
17954,-0.01,-0.20
17976,-0.00,-0.20
17997,-0.00,-0.20
18026,-0.01,-0.20
18063,-0.01,-0.20
18084,-0.01,-0.33
18107,-0.01,-0.20
18129,-0.01,-0.20
18151,-0.01,-0.20
18173,-0.00,-0.07
18195,-0.00,-0.20
18221,-0.01,-0.20
18243,-0.01,-0.20
18265,-0.01,-0.20
18287,-0.01,-0.20
18309,-0.00,-0.20
18331,-0.01,-0.20
18353,-0.01,-0.20
18375,-0.00,-0.20
18398,-0.01,-0.20
18419,-0.01,-0.07
18442,-0.01,-0.20
18463,-0.01,-0.20
18486,-0.01,-0.20
18507,-0.01,-0.20
18530,-0.01,-0.20
18552,-0.01,-0.20
18574,-0.01,-0.20
18596,-0.01,-0.20
18618,-0.01,-0.20
18640,-0.01,-0.20
18662,-0.01,-0.20
18684,-0.01,-0.20
18707,-0.01,-0.20
18728,-0.01,-0.20
18751,-0.01,-0.20
18772,-0.01,-0.20
18795,-0.00,-0.20
18821,-0.00,-0.20
18842,-0.01,-0.20
18865,-0.01,-0.20
18887,-0.01,-0.20
18909,-0.01,-0.20
18931,-0.01,-0.20
18953,-0.01,-0.20
18975,-0.01,-0.20
18997,-0.01,-0.20
19019,-0.01,-0.20
19042,-0.01,-0.20
19063,-0.01,-0.20
19086,-0.01,-0.20
19107,-0.01,-0.20
19130,-0.01,-0.07
19151,-0.01,-0.20
19174,-0.01,-0.20
19196,-0.01,-0.20
19218,-0.01,-0.20
19240,-0.01,-0.20
19262,-0.01,-0.20
19284,-0.01,-0.20
19306,-0.01,-0.20
19329,-0.01,-0.20
19351,-0.01,-0.20
19373,-0.01,-0.20
19395,-0.01,-0.20
19421,-0.01,-0.20
19442,-0.01,-0.20
19465,-0.00,-0.20
19486,-0.00,-0.20
19509,-0.01,-0.20
19531,-0.00,-0.20
19553,-0.01,-0.20
19575,-0.01,-0.20
19597,-0.01,-0.20
19619,-0.00,-0.07
19641,-0.01,-0.20
19663,-0.01,-0.20
19686,-0.01,-0.20
19707,-0.01,-0.20
19730,-0.01,-0.07
19751,-0.01,-0.20
19774,-0.01,-0.20
19795,-0.01,-0.20
19818,-0.01,-0.20
19841,-0.01,-0.20
19862,-0.01,-0.20
19885,-0.01,-0.20
19912,-0.01,-0.20
19950,-0.01,-0.33
19973,-0.01,-0.20
19994,-0.01,-0.20
20017,-0.01,-0.20
20059,-0.01,-0.33
20081,-0.01,-0.33
20103,-0.01,-0.20
20125,-0.01,-0.20
20147,-0.01,-0.20
20169,-0.00,-0.20
20191,-0.01,-0.20
20212,-0.01,-0.20
20235,-0.01,-0.20
20256,-0.00,-0.20
20279,-0.01,-0.20
20300,-0.01,-0.20
20323,-0.01,-0.07
20344,-0.01,-0.07
20367,-0.01,-0.20
20388,-0.01,-0.20
20411,-0.00,-0.07
20432,-0.01,-0.20
20454,-0.01,-0.20
20476,-0.01,-0.07
20498,-0.01,-0.20
20520,-0.01,-0.07
20542,-0.01,-0.20
20564,-0.01,-0.20
20586,-0.01,-0.20
20609,-0.01,-0.20
20630,-0.01,-0.07
20666,-0.01,-0.20
20687,-0.01,-0.20
20710,-0.01,-0.20
20731,-0.01,-0.20
20754,-0.01,-0.20
20775,-0.01,-0.20
20798,-0.01,-0.20
20819,-0.00,-0.20
20842,-0.01,-0.20
20864,-0.01,-0.07
20885,-0.00,-0.20
20908,-0.01,-0.20
20929,-0.01,-0.20
20952,-0.01,-0.20
20973,-0.01,-0.20
20996,-0.01,-0.20
21017,-0.01,-0.20
21040,-0.01,-0.20
21061,-0.00,-0.07
21083,-0.01,-0.20
21105,-0.01,-0.20
21127,-0.01,-0.07
21149,-0.01,-0.20
21171,-0.01,-0.20
21193,-0.01,-0.07
21215,-0.01,-0.20
21237,-0.01,-0.20
21262,-0.01,-0.20
21284,-0.01,-0.20
21306,-0.01,-0.20
21328,-0.01,-0.07
21350,-0.01,-0.07
21372,-0.01,-0.07
21394,-0.00,-0.20
21415,-0.01,-0.20
21438,-0.01,-0.20
21459,-0.01,-0.20
21482,-0.00,-0.20
21504,-0.01,-0.07
21526,-0.01,-0.20
21548,-0.01,-0.20
21570,-0.01,-0.07
21592,-0.01,-0.20
21614,-0.01,-0.20
21636,-0.00,-0.07
21657,-0.01,-0.20
21680,-0.01,-0.07
21701,-0.01,-0.20
21724,-0.01,-0.20
21745,-0.00,-0.20
21768,-0.01,-0.20
21789,-0.00,-0.20
21821,-0.01,-0.20
21853,-0.01,-0.33
21878,-0.01,-0.20
21901,-0.01,-0.20
21922,-0.01,-0.20
21944,-0.01,-0.20
21966,-0.01,-0.20
21988,-0.01,-0.20
22010,-0.01,-0.20
22032,-0.00,-0.07
22054,-0.01,-0.20
22076,-0.01,-0.20
22098,-0.01,-0.20
22120,-0.01,-0.20
22141,-0.01,-0.20
22164,-0.01,-0.20
22185,-0.01,-0.20
22208,-0.01,-0.20
22230,-0.01,-0.20
22252,-0.01,-0.20
22274,-0.01,-0.07
22296,-0.01,-0.20
22318,-0.01,-0.20
22340,-0.01,-0.20
22362,-0.01,-0.20
22384,-0.01,-0.20
22406,-0.00,-0.07
22427,-0.01,-0.20
22450,-0.01,-0.20
22475,-0.01,-0.20
22497,-0.01,-0.20
22519,-0.01,-0.20
22541,-0.01,-0.07
22562,-0.01,-0.20
22585,-0.01,-0.20
22606,-0.01,-0.07
22629,-0.01,-0.20
22650,-0.00,-0.20
22673,-0.01,-0.20
22694,-0.01,-0.20
22717,-0.01,-0.20
22738,-0.01,-0.20
22761,-0.01,-0.07
22782,-0.00,-0.07
22804,-0.01,-0.20
22827,-0.01,-0.20
22848,-0.01,-0.20
22871,-0.00,-0.20
22892,-0.01,-0.20
22915,-0.01,-0.20
22936,-0.01,-0.20
22959,-0.00,-0.20
22980,-0.01,-0.20
23003,-0.01,-0.20
23024,-0.00,-0.20
23046,-0.01,-0.20
23071,-0.01,-0.20
23094,-0.01,-0.20
23115,-0.01,-0.20
23138,-0.00,-0.20
23159,-0.01,-0.20
23182,-0.01,-0.20
23203,-0.01,-0.20
23226,-0.01,-0.20
23247,-0.00,-0.20
23269,-0.00,-0.20
23291,-0.01,-0.20
23313,-0.01,-0.20
23335,-0.00,-0.20
23357,-0.01,-0.20
23379,-0.01,-0.20
23401,-0.01,-0.20
23424,-0.01,-0.20
23445,-0.01,-0.07
23468,-0.01,-0.20
23489,-0.01,-0.20
23512,-0.01,-0.20
23533,-0.01,-0.20
23556,-0.01,-0.20
23577,-0.00,-0.20
23599,-0.01,-0.20
23621,-0.01,-0.20
23643,-0.01,-0.20
23668,-0.01,-0.20
23708,-0.01,-0.20
23731,-0.01,-0.33
23753,-0.01,-0.20
23775,-0.01,-0.20
23797,-0.00,-0.20
23819,-0.01,-0.20
23841,-0.01,-0.20
23863,-0.01,-0.20
23885,-0.01,-0.20
23908,-0.01,-0.20
23929,-0.00,-0.20
23952,-0.01,-0.20
23973,-0.01,-0.07
23996,-0.01,-0.20
24018,-0.01,-0.20
24040,-0.00,-0.20
24062,-0.01,-0.20
24084,-0.01,-0.20
24107,-0.01,-0.20
24129,-0.01,-0.20
24151,-0.01,-0.20
24173,-0.01,-0.20
24195,-0.00,-0.07
24217,-0.01,-0.20
24240,-0.01,-0.20
24261,-0.01,-0.20
24287,-0.01,-0.20
24309,-0.01,-0.20
24331,-0.01,-0.20
24353,-0.01,-0.20
24376,-0.01,-0.20
24397,-0.01,-0.20
24420,-0.01,-0.20
24441,-0.01,-0.20
24464,-0.01,-0.20
24486,-0.00,-0.20
24508,-0.01,-0.20
24530,-0.01,-0.20
24552,-0.01,-0.20
24574,-0.01,-0.20
24597,-0.00,-0.20
24619,-0.01,-0.20
24641,-0.01,-0.20
24663,-0.01,-0.20
24685,-0.01,-0.20
24708,-0.01,-0.20
24729,-0.01,-0.20
24752,-0.01,-0.20
24773,-0.00,-0.07
24796,-0.01,-0.20
24818,-0.01,-0.20
24840,-0.01,-0.20
24862,-0.01,-0.20
24888,-0.01,-0.20
24909,-0.01,-0.20
24932,-0.01,-0.20
24954,-0.01,-0.07
24976,-0.01,-0.20
24998,-0.01,-0.20
25020,-0.01,-0.20
25042,-0.01,-0.20
25065,-0.01,-0.20
25086,-0.01,-0.20
25109,-0.01,-0.20
25131,-0.01,-0.20
25153,-0.01,-0.20
25176,-0.01,-0.20
25197,-0.01,-0.20
25220,-0.00,-0.20
25242,-0.01,-0.20
25264,-0.01,-0.20
25286,-0.01,-0.20
25308,-0.01,-0.20
25330,-0.00,-0.07
25353,-0.01,-0.20
25374,-0.01,-0.20
25397,-0.01,-0.20
25418,-0.00,-0.20
25441,-0.00,-0.20
25463,-0.01,-0.20
25499,-0.01,-0.20
25521,-0.01,-0.20
25543,-0.01,-0.20
25571,-0.01,-0.33
25605,-0.01,-0.20
25626,-0.01,-0.20
25649,-0.01,-0.20
25670,-0.01,-0.20
25693,-0.01,-0.20
25714,-0.01,-0.20
25737,-0.01,-0.20
25758,-0.01,-0.20
25781,-0.00,-0.20
25802,-0.01,-0.20
25825,-0.01,-0.20
25846,-0.00,-0.07
25869,-0.01,-0.20
25890,-0.01,-0.20
25913,-0.00,-0.07
25934,-0.01,-0.20
25957,-0.00,-0.07
25978,-0.01,-0.20
26001,-0.01,-0.20
26022,-0.00,-0.20
26045,-0.01,-0.20
26066,-0.01,-0.20
26089,-0.00,-0.20
26115,-0.01,-0.20
26136,-0.01,-0.07
26159,-0.01,-0.20
26180,-0.01,-0.20
26203,-0.01,-0.20
26224,-0.00,-0.20
26247,-0.01,-0.07
26268,-0.01,-0.20
26291,-0.01,-0.20
26312,-0.01,-0.20
26335,-0.00,-0.20
26356,-0.01,-0.07
26379,-0.01,-0.20
26400,-0.01,-0.20
26423,-0.01,-0.20
26444,-0.01,-0.07
26467,-0.01,-0.20
26488,-0.01,-0.20
26511,-0.00,-0.07
26532,-0.01,-0.20
26555,-0.01,-0.20
26576,-0.01,-0.20
26599,-0.01,-0.20
26620,-0.01,-0.20
26643,-0.01,-0.20
26664,-0.01,-0.20
26687,-0.01,-0.20
26713,-0.01,-0.20
26734,-0.01,-0.20
26757,-0.00,-0.20
26778,-0.01,-0.07
26801,-0.01,-0.20
26822,-0.00,-0.20
26845,-0.01,-0.20
26866,-0.00,-0.07
26889,-0.01,-0.20
26910,-0.01,-0.20
26933,-0.00,-0.20
26954,-0.01,-0.20
26977,-0.01,-0.07
26998,-0.01,-0.20
27021,-0.01,-0.20
27042,-0.00,-0.07
27065,-0.01,-0.20
27086,-0.01,-0.20
27109,-0.01,-0.20
27130,-0.01,-0.20
27153,-0.00,-0.07
27174,-0.01,-0.20
27197,-0.01,-0.07
27218,-0.00,-0.20
27241,-0.01,-0.20
27262,-0.01,-0.20
27285,-0.01,-0.20
27311,-0.00,-0.20
27332,-0.01,-0.20
27355,-0.01,-0.20
27376,-0.01,-0.20
27399,-0.01,-0.20
27421,-0.01,-0.20
27449,-0.01,-0.20
27481,-0.01,-0.20
27503,-0.01,-0.20
27525,-0.01,-0.20
27547,-0.01,-0.20
27569,-0.01,-0.20
27591,-0.01,-0.07
27613,-0.01,-0.20
27635,-0.01,-0.20
27657,-0.01,-0.07
27679,-0.00,-0.20
27701,-0.01,-0.07
27723,-0.01,-0.07
27745,-0.01,-0.20
27767,-0.01,-0.20
27789,-0.01,-0.20
27811,-0.01,-0.20
27833,-0.01,-0.07
27855,-0.00,-0.20
27877,-0.01,-0.20
27899,-0.00,-0.20
27925,-0.01,-0.20
27947,-0.01,-0.20
27969,-0.01,-0.07
27991,-0.01,-0.20
28013,-0.01,-0.20
28035,-0.01,-0.20
28057,-0.01,-0.20
28079,-0.00,-0.20
28101,-0.01,-0.20
28123,-0.01,-0.20
28145,-0.00,-0.20
28167,-0.01,-0.20
28189,-0.01,-0.20
28211,-0.01,-0.20
28233,-0.01,-0.20
28256,-0.01,-0.20
28277,-0.01,-0.20
28300,-0.00,-0.20
28321,-0.01,-0.20
28344,-0.01,-0.20
28365,-0.01,-0.07
28388,-0.00,-0.20
28409,-0.01,-0.07
28432,-0.00,-0.07
28453,-0.01,-0.20
28476,-0.01,-0.20
28497,-0.01,-0.20
28518,-0.01,-0.07
28539,-0.00,-0.20
28562,-0.01,-0.20
28583,-0.01,-0.20
28606,-0.01,-0.20
28627,-0.01,-0.07
28650,-0.01,-0.20
28672,-0.01,-0.20
28694,-0.01,-0.07
28716,-0.01,-0.20
28738,-0.01,-0.07
28760,-0.01,-0.20
28782,-0.01,-0.20
28804,-0.00,-0.07
28826,-0.01,-0.20
28849,-0.01,-0.20
28870,-0.00,-0.20
28893,-0.01,-0.07
28914,-0.01,-0.20
28937,-0.01,-0.20
28958,-0.01,-0.20
28981,-0.00,-0.07
29002,-0.01,-0.20
29025,-0.01,-0.20
29046,-0.01,-0.20
29069,-0.01,-0.20
29094,-0.01,-0.20
29116,-0.01,-0.20
29138,-0.01,-0.20
29160,-0.01,-0.07
29182,-0.01,-0.20
29204,-0.01,-0.20
29227,-0.01,-0.07
29248,-0.00,-0.20
29271,-0.01,-0.20
29293,-0.01,-0.20
29315,-0.01,-0.07
29355,-0.01,-0.33
29377,-0.01,-0.20
29399,-0.01,-0.20
29421,-0.01,-0.20
29443,-0.00,-0.20
29465,-0.01,-0.20
29487,-0.01,-0.20
29509,-0.01,-0.20
29531,-0.01,-0.20
29553,-0.01,-0.07
29575,-0.01,-0.20
29597,-0.01,-0.20
29619,-0.01,-0.07
29641,-0.01,-0.20
29664,-0.01,-0.20
29685,-0.01,-0.20
29717,-0.01,-0.20
29739,-0.01,-0.20
29761,-0.01,-0.20
29783,-0.01,-0.20
29805,-0.01,-0.20
29827,-0.01,-0.20
29849,-0.00,-0.07
29871,-0.01,-0.20
29893,-0.01,-0.20
29915,-0.00,-0.20
29937,-0.01,-0.20
29959,-0.01,-0.20
29981,-0.01,-0.20
30003,-0.01,-0.20
30025,-0.01,-0.20
30047,-0.00,-0.20
30069,-0.01,-0.20
30091,-0.01,-0.20
30113,-0.01,-0.20
30135,-0.01,-0.20
30157,-0.01,-0.20
30179,-0.01,-0.20
30201,-0.01,-0.20
30223,-0.01,-0.20
30245,-0.01,-0.20
30267,-0.01,-0.07
30289,-0.01,-0.20
30325,-0.01,-0.07
30347,-0.01,-0.20
30369,-0.01,-0.20
30391,-0.01,-0.20
30413,-0.01,-0.20
30435,-0.01,-0.07
30457,-0.01,-0.20
30479,-0.01,-0.20
30501,-0.01,-0.20
30523,-0.01,-0.20
30545,-0.01,-0.20
30567,-0.01,-0.20
30589,-0.01,-0.07
30611,-0.01,-0.20
30632,-0.01,-0.20
30655,-0.01,-0.20
30676,-0.01,-0.20
30699,-0.01,-0.20
30721,-0.01,-0.20
30743,-0.01,-0.20
30765,-0.01,-0.20
30787,-0.01,-0.07
30809,-0.01,-0.20
30831,-0.00,-0.20
30853,-0.01,-0.20
30875,-0.01,-0.20
30897,-0.01,-0.20
30922,-0.01,-0.20
30945,-0.01,-0.20
30966,-0.00,-0.20
30989,-0.01,-0.20
31010,-0.01,-0.20
31033,-0.00,-0.20
31054,-0.01,-0.20
31077,-0.01,-0.07
31098,-0.00,-0.20
31121,-0.01,-0.20
31142,-0.00,-0.20
31165,-0.01,-0.20
31186,-0.01,-0.20
31208,-0.00,-0.07
31251,-0.01,-0.33
31273,-0.01,-0.20
31295,-0.01,-0.20
31318,-0.00,-0.20
31339,-0.01,-0.20
31362,-0.01,-0.07
31383,-0.01,-0.20
31406,-0.01,-0.20
31427,-0.01,-0.20
31450,-0.01,-0.20
31471,-0.01,-0.07
31494,-0.01,-0.20
31515,-0.01,-0.20
31541,-0.01,-0.20
31563,-0.01,-0.20
31585,-0.01,-0.20
31607,-0.00,-0.20
31629,-0.01,-0.20
31651,-0.01,-0.20
31673,-0.01,-0.20
31695,-0.00,-0.20
31717,-0.01,-0.20
31738,-0.01,-0.20
31761,-0.01,-0.20
31783,-0.00,-0.07
31805,-0.01,-0.20
31826,-0.00,-0.20
31849,-0.01,-0.20
31870,-0.01,-0.20
31893,-0.01,-0.20
31915,-0.01,-0.20
31937,-0.01,-0.20
31959,-0.00,-0.07
31981,-0.01,-0.20
32003,-0.01,-0.20
32025,-0.01,-0.20
32047,-0.01,-0.20
32069,-0.00,-0.07
32091,-0.01,-0.20
32113,-0.01,-0.20
32139,-0.01,-0.20
32160,-0.01,-0.20
32183,-0.01,-0.20
32204,-0.00,-0.07
32227,-0.01,-0.20
32248,-0.01,-0.20
32271,-0.01,-0.07
32292,-0.01,-0.20
32315,-0.00,-0.20
32336,-0.01,-0.20
32359,-0.01,-0.20
32380,-0.01,-0.20
32403,-0.01,-0.20
32424,-0.01,-0.20
32447,-0.01,-0.07
32468,-0.01,-0.20
32491,-0.00,-0.07
32513,-0.01,-0.20
32535,-0.01,-0.20
32557,-0.01,-0.07
32579,-0.01,-0.20
32601,-0.00,-0.20
32623,-0.01,-0.20
32645,-0.01,-0.20
32667,-0.00,-0.07
32689,-0.01,-0.20
32711,-0.01,-0.20
32737,-0.01,-0.20
32758,-0.01,-0.20
32781,-0.01,-0.20
32802,-0.00,-0.07
32825,-0.01,-0.20
32846,-0.01,-0.20
32869,-0.01,-0.20
32890,-0.01,-0.20
32913,-0.01,-0.20
32934,-0.01,-0.20
32957,-0.01,-0.20
32978,-0.01,-0.20
33001,-0.01,-0.20
33022,-0.01,-0.20
33045,-0.01,-0.20
33067,-0.00,-0.20
33089,-0.00,-0.20
33126,-0.01,-0.20
33148,-0.01,-0.20
33171,-0.01,-0.20
33192,-0.01,-0.20
33215,-0.01,-0.20
33238,-0.01,-0.20
33259,-0.01,-0.20
33282,-0.01,-0.07
33303,-0.01,-0.20
33326,-0.01,-0.20
33351,-0.01,-0.20
33374,-0.01,-0.20
33395,-0.01,-0.20
33418,-0.01,-0.20
33440,-0.01,-0.20
33462,-0.01,-0.20
33484,-0.01,-0.20
33507,-0.01,-0.20
33528,-0.01,-0.20
33551,-0.01,-0.20
33572,-0.00,-0.07
33595,-0.01,-0.20
33617,-0.01,-0.20
33639,-0.01,-0.20
33661,-0.01,-0.20
33684,-0.01,-0.20
33705,-0.01,-0.20
33728,-0.01,-0.20
33750,-0.01,-0.20
33772,-0.01,-0.20
33795,-0.00,-0.20
33816,-0.01,-0.20
33839,-0.01,-0.07
33861,-0.01,-0.20
33883,-0.01,-0.20
33905,-0.01,-0.20
33928,-0.00,-0.20
33953,-0.01,-0.20
33975,-0.01,-0.20
33997,-0.01,-0.20
34020,-0.01,-0.20
34041,-0.00,-0.20
34064,-0.01,-0.07
34085,-0.01,-0.20
34108,-0.01,-0.20
34130,-0.01,-0.20
34152,-0.01,-0.20
34174,-0.01,-0.20
34197,-0.01,-0.20
34219,-0.01,-0.20
34241,-0.00,-0.20
34264,-0.01,-0.20
34285,-0.01,-0.07
34308,-0.01,-0.20
34330,-0.01,-0.20
34352,-0.01,-0.20
34374,-0.01,-0.20
34396,-0.00,-0.20
34418,-0.01,-0.20
34441,-0.01,-0.20
34462,-0.01,-0.20
34485,-0.01,-0.20
34507,-0.01,-0.20
34529,-0.01,-0.20
34554,-0.01,-0.20
34577,-0.01,-0.20
34599,-0.01,-0.20
34621,-0.01,-0.20
34643,-0.01,-0.20
34666,-0.01,-0.20
34688,-0.01,-0.20
34710,-0.01,-0.20
34733,-0.01,-0.20
34754,-0.01,-0.20
34777,-0.01,-0.20
34798,-0.01,-0.20
34821,-0.01,-0.20
34843,-0.01,-0.20
34865,-0.01,-0.20
34887,-0.01,-0.07
34910,-0.01,-0.20
34931,-0.01,-0.20
34954,-0.00,-0.07
34975,-0.01,-0.20
35015,-0.01,-0.33
35038,-0.01,-0.20
35060,-0.01,-0.20
35082,-0.01,-0.20
35104,-0.01,-0.20
35126,-0.01,-0.20
35148,-0.01,-0.20
35184,-0.01,-0.20
35207,-0.00,-0.20
35228,-0.01,-0.20
35251,-0.01,-0.20
35272,-0.01,-0.20
35295,-0.01,-0.20
35316,-0.01,-0.20
35339,-0.01,-0.20
35360,-0.01,-0.20
35383,-0.01,-0.07
35404,-0.01,-0.20
35427,-0.01,-0.20
35448,-0.00,-0.07
35471,-0.01,-0.20
35493,-0.01,-0.20
35515,-0.00,-0.20
35537,-0.01,-0.20
35559,-0.00,-0.07
35581,-0.01,-0.20
35603,-0.01,-0.20
35625,-0.00,-0.20
35647,-0.01,-0.20
35670,-0.01,-0.20
35691,-0.01,-0.20
35714,-0.01,-0.20
35736,-0.01,-0.20
35758,-0.01,-0.20
35783,-0.01,-0.20
35806,-0.01,-0.07
35827,-0.01,-0.20
35850,-0.01,-0.20
35871,-0.01,-0.20
35894,-0.00,-0.20
35915,-0.01,-0.07
35938,-0.00,-0.20
35959,-0.01,-0.20
35982,-0.01,-0.07
36003,-0.01,-0.20
36026,-0.01,-0.20
36047,-0.00,-0.20
36070,-0.01,-0.20
36092,-0.01,-0.20
36114,-0.01,-0.20
36136,-0.01,-0.20
36158,-0.01,-0.20
36180,-0.01,-0.07
36202,-0.01,-0.20
36225,-0.01,-0.20
36246,-0.01,-0.20
36269,-0.00,-0.20
36290,-0.01,-0.20
36313,-0.01,-0.07
36335,-0.01,-0.20
36357,-0.01,-0.20
36382,-0.01,-0.20
36405,-0.01,-0.20
36426,-0.01,-0.20
36449,-0.01,-0.07
36470,-0.01,-0.07
36493,-0.01,-0.20
36514,-0.01,-0.20
36537,-0.01,-0.07
36558,-0.01,-0.20
36581,-0.01,-0.20
36602,-0.01,-0.20
36625,-0.00,-0.20
36647,-0.01,-0.20
36669,-0.01,-0.07
36691,-0.01,-0.20
36713,-0.01,-0.20
36736,-0.01,-0.07
36757,-0.01,-0.20
36780,-0.01,-0.20
36801,-0.01,-0.20
36824,-0.01,-0.20
36846,-0.00,-0.20
36874,-0.01,-0.20
36907,-0.01,-0.20
36929,-0.01,-0.20
36951,-0.01,-0.20
36973,-0.00,-0.20
36999,-0.01,-0.20
37020,-0.01,-0.20
37043,-0.01,-0.20
37064,-0.01,-0.20
37087,-0.01,-0.20
37108,-0.01,-0.20
37131,-0.01,-0.20
37153,-0.00,-0.20
37175,-0.01,-0.20
37197,-0.00,-0.20
37219,-0.01,-0.20
37241,-0.01,-0.20
37263,-0.01,-0.20
37285,-0.01,-0.20
37307,-0.01,-0.20
37329,-0.01,-0.20
37352,-0.01,-0.07
37373,-0.01,-0.20
37396,-0.01,-0.33
37417,-0.01,-0.07
37440,-0.00,-0.20
37462,-0.01,-0.20
37484,-0.01,-0.20
37506,-0.01,-0.20
37528,-0.01,-0.20
37551,-0.00,-0.20
37572,-0.01,-0.20
37598,-0.01,-0.20
37620,-0.01,-0.20
37642,-0.01,-0.20
37664,-0.01,-0.20
37686,-0.01,-0.20
37708,-0.01,-0.20
37730,-0.01,-0.20
37752,-0.01,-0.07
37775,-0.01,-0.20
37796,-0.01,-0.20
37819,-0.01,-0.20
37840,-0.00,-0.20
37863,-0.01,-0.20
37884,-0.01,-0.20
37907,-0.00,-0.20
37928,-0.01,-0.20
37951,-0.01,-0.20
37974,-0.01,-0.20
37995,-0.01,-0.20
38018,-0.01,-0.20
38039,-0.01,-0.20
38062,-0.01,-0.20
38083,-0.00,-0.07
38106,-0.01,-0.20
38127,-0.01,-0.07
38150,-0.01,-0.20
38172,-0.01,-0.20
38198,-0.01,-0.07
38219,-0.01,-0.20
38242,-0.01,-0.20
38263,-0.00,-0.20
38286,-0.01,-0.20
38307,-0.01,-0.20
38330,-0.01,-0.20
38351,-0.01,-0.20
38374,-0.01,-0.20
38396,-0.01,-0.20
38418,-0.00,-0.20
38440,-0.01,-0.20
38462,-0.01,-0.20
38484,-0.00,-0.07
38506,-0.01,-0.20
38529,-0.01,-0.20
38551,-0.01,-0.20
38573,-0.01,-0.20
38595,-0.01,-0.07
38617,-0.01,-0.20
38639,-0.01,-0.20
38661,-0.01,-0.20
38683,-0.01,-0.20
38706,-0.00,-0.07
38727,-0.01,-0.20
38755,-0.01,-0.20
38788,-0.01,-0.20
38813,-0.01,-0.20
38836,-0.01,-0.20
38857,-0.01,-0.20
38880,-0.01,-0.20
38901,-0.01,-0.20
38924,-0.01,-0.20
38945,-0.01,-0.20
38968,-0.01,-0.20
38989,-0.01,-0.20
39012,-0.01,-0.20
39034,-0.01,-0.20
39056,-0.01,-0.20
39078,-0.00,-0.20
39100,-0.01,-0.20
39122,-0.01,-0.20
39144,-0.01,-0.20
39166,-0.01,-0.20
39189,-0.01,-0.20
39211,-0.01,-0.20
39233,-0.01,-0.20
39255,-0.01,-0.07
39277,-0.00,-0.20
39299,-0.01,-0.20
39321,-0.01,-0.20
39344,-0.01,-0.20
39365,-0.01,-0.20
39388,-0.01,-0.20
39418,-0.01,-0.20
39441,-0.01,-0.20
39462,-0.01,-0.20
39485,-0.01,-0.20
39506,-0.01,-0.20
39529,-0.01,-0.20
39550,-0.01,-0.20
39573,-0.01,-0.20
39596,-0.01,-0.07
39617,-0.01,-0.20
39640,-0.01,-0.20
39661,-0.01,-0.20
39684,-0.01,-0.20
39705,-0.00,-0.20
39728,-0.01,-0.20
39749,-0.01,-0.20
39772,-0.01,-0.20
39793,-0.01,-0.20
39816,-0.00,-0.20
39837,-0.01,-0.20
39860,-0.01,-0.20
39881,-0.01,-0.07
39904,-0.01,-0.07
39925,-0.01,-0.20
39948,-0.01,-0.20
39970,-0.01,-0.20
39992,-0.00,-0.20
40019,-0.01,-0.20
40042,-0.00,-0.20
40064,-0.01,-0.20
40086,-0.01,-0.07
40108,-0.00,-0.20
40130,-0.01,-0.20
40152,-0.01,-0.07
40174,-0.01,-0.20
40196,-0.01,-0.20
40218,-0.01,-0.20
40240,-0.01,-0.20
40262,-0.01,-0.07
40284,-0.01,-0.20
40306,-0.01,-0.20
40328,-0.01,-0.07
40350,-0.00,-0.20
40372,-0.01,-0.20
40394,-0.01,-0.20
40416,-0.01,-0.20
40438,-0.01,-0.20
40461,-0.01,-0.20
40482,-0.00,-0.20
40505,-0.00,-0.07
40526,-0.01,-0.20
40549,-0.01,-0.07
40570,-0.01,-0.20
40596,-0.01,-0.20
40619,-0.01,-0.20
40646,-0.01,-0.20
40679,-0.01,-0.20
40700,-0.01,-0.20
40723,-0.01,-0.20
40744,-0.01,-0.20
40767,-0.01,-0.20
40788,-0.01,-0.20
40811,-0.01,-0.20
40833,-0.01,-0.20
40855,-0.01,-0.20
40877,-0.00,-0.07
40899,-0.01,-0.20
40921,-0.01,-0.20
40943,-0.01,-0.20
40965,-0.01,-0.20
40987,-0.01,-0.07
41009,-0.00,-0.20
41031,-0.01,-0.20
41053,-0.01,-0.20
41075,-0.01,-0.20
41097,-0.01,-0.20
41119,-0.01,-0.07
41141,-0.00,-0.20
41163,-0.01,-0.07
41185,-0.01,-0.20
41210,-0.01,-0.20
41233,-0.01,-0.20
41254,-0.01,-0.20
41277,-0.01,-0.20
41298,-0.00,-0.20
41321,-0.01,-0.20
41342,-0.01,-0.20
41365,-0.00,-0.20
41387,-0.01,-0.20
41409,-0.01,-0.07
41431,-0.01,-0.20
41453,-0.01,-0.20
41475,-0.00,-0.07
41497,-0.01,-0.20
41519,-0.01,-0.20
41541,-0.01,-0.20
41563,-0.01,-0.07
41585,-0.01,-0.20
41607,-0.01,-0.20
41629,-0.01,-0.20
41651,-0.01,-0.20
41673,-0.01,-0.20
41696,-0.01,-0.07
41717,-0.01,-0.20
41740,-0.01,-0.20
41761,-0.01,-0.07
41784,-0.01,-0.20
41808,-0.01,-0.20
41831,-0.01,-0.20
41853,-0.01,-0.20
41875,-0.01,-0.20
41897,-0.01,-0.20
41919,-0.01,-0.07
41942,-0.01,-0.20
41963,-0.01,-0.20
41986,-0.01,-0.20
42007,-0.00,-0.07
42030,-0.01,-0.20
42051,-0.01,-0.20
42074,-0.01,-0.20
42095,-0.01,-0.20
42118,-0.00,-0.07
42139,-0.01,-0.20
42162,-0.01,-0.20
42183,-0.01,-0.20
42206,-0.01,-0.20
42227,-0.00,-0.20
42250,-0.01,-0.07
42272,-0.01,-0.20
42294,-0.01,-0.07
42316,-0.01,-0.20
42338,-0.01,-0.20
42360,-0.01,-0.20
42382,-0.01,-0.20
42407,-0.01,-0.20
42430,-0.01,-0.20
42451,-0.01,-0.20
42474,-0.01,-0.20
42496,-0.01,-0.20
42524,-0.01,-0.20
42557,-0.01,-0.20
42579,-0.01,-0.20
42601,-0.01,-0.20
42624,-0.01,-0.20
42645,-0.01,-0.20
42668,-0.01,-0.20
42690,-0.01,-0.20
42712,-0.01,-0.20
42734,-0.01,-0.20
42757,-0.01,-0.20
42778,-0.00,-0.20
42801,-0.01,-0.20
42823,-0.01,-0.20
42845,-0.01,-0.07
42867,-0.01,-0.20
42890,-0.01,-0.20
42911,-0.01,-0.20
42934,-0.00,-0.20
42956,-0.01,-0.20
42978,-0.01,-0.07
43000,-0.01,-0.20
43026,-0.01,-0.20
43048,-0.01,-0.20
43070,-0.01,-0.20
43092,-0.01,-0.20
43115,-0.01,-0.20
43137,-0.01,-0.20
43159,-0.01,-0.20
43182,-0.01,-0.20
43203,-0.01,-0.20
43226,-0.01,-0.20
43248,-0.01,-0.20
43270,-0.01,-0.20
43292,-0.01,-0.07
43315,-0.01,-0.07
43336,-0.01,-0.20
43359,-0.01,-0.20
43381,-0.01,-0.20
43403,-0.01,-0.20
43425,-0.01,-0.20
43448,-0.01,-0.20
43469,-0.01,-0.20
43492,-0.00,-0.20
43514,-0.01,-0.20
43536,-0.01,-0.20
43558,-0.01,-0.20
43581,-0.00,-0.20
43602,-0.01,-0.20
43628,-0.01,-0.20
43651,-0.01,-0.20
43673,-0.01,-0.20
43695,-0.01,-0.20
43717,-0.01,-0.20
43740,-0.01,-0.20
43761,-0.01,-0.20
43784,-0.01,-0.20
43806,-0.01,-0.20
43828,-0.01,-0.20
43850,-0.01,-0.20
43873,-0.01,-0.20
43894,-0.01,-0.20
43917,-0.00,-0.07
43939,-0.01,-0.20
43961,-0.01,-0.20
43983,-0.01,-0.20
44006,-0.01,-0.20
44027,-0.01,-0.07
44050,-0.01,-0.20
44072,-0.00,-0.20
44094,-0.01,-0.20
44116,-0.00,-0.20
44139,-0.01,-0.20
44161,-0.01,-0.20
44183,-0.01,-0.20
44206,-0.01,-0.20
44231,-0.01,-0.20
44253,-0.01,-0.20
44275,-0.01,-0.20
44298,-0.01,-0.20
44319,-0.01,-0.20
44342,-0.01,-0.20
44364,-0.01,-0.20
44386,-0.01,-0.20
44414,-0.01,-0.20
44447,-0.01,-0.33
44470,-0.01,-0.20
44491,-0.01,-0.20
44514,-0.01,-0.20
44535,-0.01,-0.20
44558,-0.01,-0.20
44579,-0.01,-0.20
44602,-0.01,-0.20
44623,-0.01,-0.20
44646,-0.01,-0.20
44668,-0.01,-0.20
44690,-0.01,-0.20
44712,-0.01,-0.20
44734,-0.00,-0.20
44756,-0.01,-0.20
44778,-0.01,-0.20
44801,-0.01,-0.20
44822,-0.01,-0.20
44858,-0.01,-0.20
44880,-0.01,-0.20
44902,-0.01,-0.20
44924,-0.01,-0.07
44947,-0.01,-0.20
44968,-0.01,-0.20
44991,-0.01,-0.20
45012,-0.01,-0.20
45035,-0.01,-0.07
45057,-0.01,-0.20
45079,-0.01,-0.20
45102,-0.01,-0.20
45123,-0.01,-0.20
45146,-0.01,-0.07
45167,-0.01,-0.20
45190,-0.01,-0.20
45211,-0.01,-0.20
45234,-0.01,-0.20
45256,-0.00,-0.07
45278,-0.01,-0.20
45300,-0.01,-0.20
45322,-0.00,-0.20
45344,-0.01,-0.20
45366,-0.00,-0.20
45388,-0.01,-0.20
45411,-0.01,-0.20
45432,-0.01,-0.20
45458,-0.01,-0.20
45480,-0.01,-0.20
45502,-0.00,-0.20
45524,-0.01,-0.20
45546,-0.01,-0.20
45569,-0.01,-0.20
45591,-0.01,-0.20
45613,-0.01,-0.20
45635,-0.01,-0.20
45657,-0.01,-0.07
45679,-0.00,-0.20
45701,-0.01,-0.20
45723,-0.01,-0.20
45746,-0.01,-0.20
45767,-0.01,-0.20
45790,-0.01,-0.20
45811,-0.01,-0.20
45834,-0.01,-0.07
45856,-0.00,-0.20
45878,-0.01,-0.20
45900,-0.01,-0.20
45922,-0.01,-0.20
45944,-0.00,-0.20
45966,-0.01,-0.20
45988,-0.01,-0.20
46011,-0.00,-0.07
46032,-0.01,-0.20
46058,-0.01,-0.20
46081,-0.01,-0.20
46102,-0.01,-0.20
46125,-0.00,-0.07
46146,-0.00,-0.20
46169,-0.01,-0.20
46191,-0.00,-0.07
46213,-0.01,-0.20
46235,-0.00,-0.20
46257,-0.01,-0.20
46279,-0.01,-0.20
46318,-0.01,-0.33
46341,-0.01,-0.20
46362,-0.01,-0.20
46385,-0.01,-0.20
46406,-0.01,-0.20
46429,-0.01,-0.20
46451,-0.01,-0.20
46473,-0.01,-0.20
46495,-0.01,-0.07
46517,-0.01,-0.20
46539,-0.01,-0.20
46561,-0.01,-0.20
46583,-0.00,-0.20
46605,-0.01,-0.20
46627,-0.01,-0.20
46650,-0.01,-0.07
46675,-0.01,-0.20
46697,-0.01,-0.20
46720,-0.01,-0.20
46741,-0.01,-0.20
46764,-0.01,-0.07
46786,-0.01,-0.20
46808,-0.01,-0.20
46830,-0.01,-0.20
46852,-0.01,-0.20
46874,-0.01,-0.20
46896,-0.01,-0.20
46918,-0.01,-0.20
46941,-0.01,-0.07
46962,-0.01,-0.20
46985,-0.00,-0.07
47006,-0.01,-0.20
47029,-0.01,-0.20
47051,-0.01,-0.20
47073,-0.01,-0.20
47095,-0.01,-0.20
47117,-0.01,-0.20
47139,-0.01,-0.20
47161,-0.01,-0.07
47183,-0.01,-0.20
47206,-0.01,-0.07
47227,-0.01,-0.20
47250,-0.01,-0.20
47276,-0.01,-0.20
47297,-0.01,-0.20
47320,-0.01,-0.20
47342,-0.01,-0.07
47364,-0.01,-0.20
47386,-0.01,-0.07
47408,-0.01,-0.20
47430,-0.01,-0.20
47453,-0.00,-0.20
47474,-0.01,-0.20
47497,-0.01,-0.07
47518,-0.00,-0.20
47541,-0.01,-0.20
47562,-0.01,-0.20
47585,-0.01,-0.20
47607,-0.01,-0.07
47629,-0.01,-0.20
47651,-0.01,-0.20
47673,-0.00,-0.20
47695,-0.01,-0.20
47718,-0.01,-0.20
47739,-0.01,-0.20
47762,-0.01,-0.20
47783,-0.01,-0.07
47806,-0.01,-0.20
47828,-0.01,-0.20
47850,-0.01,-0.20
47876,-0.01,-0.20
47898,-0.01,-0.20
47920,-0.01,-0.07
47942,-0.01,-0.20
47965,-0.00,-0.07
47986,-0.01,-0.20
48009,-0.01,-0.07
48030,-0.01,-0.20
48053,-0.01,-0.20
48075,-0.01,-0.07
48097,-0.01,-0.20
48119,-0.01,-0.20
48141,-0.01,-0.20
48163,-0.01,-0.20
48202,-0.01,-0.20
48225,-0.01,-0.20
48246,-0.01,-0.20
48269,-0.01,-0.20
48291,-0.01,-0.20
48313,-0.01,-0.20
48335,-0.01,-0.20
48357,-0.00,-0.20
48379,-0.01,-0.20
48402,-0.01,-0.07
48423,-0.01,-0.20
48446,-0.01,-0.20
48467,-0.01,-0.20
48493,-0.01,-0.20
48516,-0.01,-0.20
48538,-0.00,-0.20
48560,-0.01,-0.20
48582,-0.01,-0.20
48604,-0.01,-0.20
48626,-0.01,-0.20
48649,-0.01,-0.20
48670,-0.01,-0.20
48693,-0.01,-0.20
48714,-0.01,-0.20
48737,-0.01,-0.20
48759,-0.00,-0.20
48781,-0.01,-0.20
48803,-0.01,-0.07
48825,-0.01,-0.20
48847,-0.01,-0.20
48870,-0.01,-0.20
48891,-0.01,-0.20
48914,-0.01,-0.20
48935,-0.01,-0.20
48958,-0.01,-0.20
48979,-0.01,-0.07
49002,-0.01,-0.20
49025,-0.01,-0.20
49046,-0.01,-0.20
49069,-0.01,-0.20
49100,-0.01,-0.20
49122,-0.01,-0.20
49144,-0.01,-0.20
49166,-0.01,-0.20
49188,-0.01,-0.20
49210,-0.01,-0.20
49232,-0.01,-0.07
49255,-0.00,-0.20
49276,-0.01,-0.20
49299,-0.01,-0.20
49320,-0.01,-0.20
49343,-0.01,-0.20
49364,-0.00,-0.20
49387,-0.01,-0.20
49409,-0.01,-0.20
49431,-0.01,-0.20
49454,-0.01,-0.20
49475,-0.00,-0.07
49498,-0.01,-0.20
49519,-0.01,-0.20
49542,-0.01,-0.07
49563,-0.01,-0.20
49586,-0.01,-0.20
49607,-0.01,-0.20
49630,-0.01,-0.20
49652,-0.01,-0.07
49674,-0.01,-0.20
49710,-0.01,-0.20
49732,-0.01,-0.20
49754,-0.01,-0.20
49776,-0.01,-0.20
49798,-0.01,-0.20
49820,-0.01,-0.07
49843,-0.01,-0.20
49864,-0.01,-0.07
49887,-0.01,-0.20
49908,-0.00,-0.20
49931,-0.01,-0.07
49952,-0.01,-0.20
49975,-0.01,-0.20
49996,-0.01,-0.20
50019,-0.01,-0.20
50040,-0.00,-0.20
50063,-0.01,-0.20
50105,-0.01,-0.33
50127,-0.01,-0.07
50150,-0.01,-0.20
50171,-0.01,-0.20
50194,-0.01,-0.20
50215,-0.01,-0.20
50238,-0.01,-0.20
50259,-0.01,-0.20
50282,-0.01,-0.07
50304,-0.01,-0.20
50329,-0.01,-0.20
50352,-0.01,-0.20
50373,-0.01,-0.20
50396,-0.01,-0.20
50418,-0.01,-0.07
50440,-0.01,-0.20
50462,-0.01,-0.20
50484,-0.01,-0.20
50506,-0.01,-0.20
50528,-0.00,-0.07
50550,-0.01,-0.20
50572,-0.01,-0.20
50594,-0.01,-0.07
50616,-0.01,-0.20
50638,-0.01,-0.20
50661,-0.01,-0.20
50682,-0.01,-0.20
50705,-0.00,-0.20
50726,-0.01,-0.20
50749,-0.01,-0.20
50770,-0.01,-0.20
50793,-0.01,-0.20
50814,-0.00,-0.20
50837,-0.01,-0.20
50860,-0.01,-0.07
50881,-0.01,-0.20
50904,-0.01,-0.20
50929,-0.01,-0.20
50951,-0.01,-0.07
50973,-0.01,-0.20
50995,-0.01,-0.20
51017,-0.01,-0.20
51039,-0.01,-0.20
51061,-0.00,-0.07
51083,-0.01,-0.20
51105,-0.01,-0.20
51128,-0.01,-0.20
51149,-0.01,-0.20
51172,-0.00,-0.07
51193,-0.01,-0.20
51216,-0.01,-0.20
51237,-0.01,-0.20
51260,-0.01,-0.20
51282,-0.01,-0.20
51304,-0.01,-0.20
51326,-0.01,-0.07
51348,-0.00,-0.20
51371,-0.01,-0.20
51392,-0.01,-0.20
51415,-0.01,-0.20
51436,-0.01,-0.20
51459,-0.01,-0.20
51481,-0.01,-0.20
51503,-0.01,-0.20
51522,-0.01,-0.20
51545,-0.00,-0.20
51567,-0.01,-0.20
51589,-0.01,-0.07
51611,-0.01,-0.20
51633,-0.00,-0.20
51655,-0.01,-0.07
51677,-0.01,-0.20
51699,-0.00,-0.20
51721,-0.01,-0.20
51743,-0.01,-0.20
51766,-0.01,-0.20
51787,-0.01,-0.20
51810,-0.01,-0.20
51831,-0.00,-0.07
51854,-0.01,-0.20
51875,-0.01,-0.07
51898,-0.01,-0.20
51920,-0.01,-0.20
51942,-0.00,-0.20
51971,-0.01,-0.20
52004,-0.01,-0.33
52026,-0.01,-0.20
52048,-0.01,-0.20
52071,-0.01,-0.20
52092,-0.01,-0.20
52119,-0.01,-0.20
52141,-0.01,-0.20
52163,-0.01,-0.20
52186,-0.01,-0.20
52207,-0.01,-0.20
52230,-0.01,-0.20
52252,-0.01,-0.20
52274,-0.01,-0.20
52296,-0.01,-0.20
52319,-0.01,-0.07
52340,-0.01,-0.20
52363,-0.01,-0.20
52385,-0.01,-0.20
52407,-0.01,-0.20
52429,-0.00,-0.20
52452,-0.01,-0.20
52474,-0.01,-0.20
52496,-0.01,-0.20
52518,-0.01,-0.20
52541,-0.01,-0.20
52562,-0.01,-0.20
52585,-0.00,-0.20
52608,-0.01,-0.20
52629,-0.01,-0.20
52652,-0.01,-0.20
52674,-0.01,-0.07
52697,-0.01,-0.20
52722,-0.01,-0.20
52744,-0.01,-0.20
52766,-0.01,-0.20
52789,-0.01,-0.20
52810,-0.01,-0.20
52833,-0.01,-0.20
52855,-0.01,-0.20
52878,-0.01,-0.20
52899,-0.01,-0.20
52922,-0.00,-0.20
52944,-0.01,-0.20
52966,-0.01,-0.20
52988,-0.01,-0.20
53011,-0.01,-0.07
53032,-0.01,-0.20
53055,-0.01,-0.20
53078,-0.01,-0.20
53100,-0.01,-0.20
53122,-0.01,-0.07
53144,-0.01,-0.20
53167,-0.00,-0.20
53188,-0.01,-0.20
53211,-0.01,-0.20
53233,-0.01,-0.20
53255,-0.01,-0.20
53277,-0.00,-0.07
53300,-0.01,-0.20
53325,-0.01,-0.20
53348,-0.01,-0.20
53369,-0.01,-0.20
53392,-0.01,-0.20
53414,-0.01,-0.20
53436,-0.01,-0.20
53458,-0.01,-0.20
53481,-0.01,-0.20
53504,-0.01,-0.20
53525,-0.01,-0.20
53548,-0.01,-0.20
53570,-0.01,-0.20
53592,-0.01,-0.20
53614,-0.01,-0.20
53637,-0.01,-0.20
53659,-0.01,-0.20
53681,-0.01,-0.20
53703,-0.00,-0.20
53726,-0.01,-0.07
53747,-0.01,-0.20
53770,-0.01,-0.20
53792,-0.01,-0.20
53815,-0.01,-0.20
53836,-0.01,-0.20
53865,-0.01,-0.20
53898,-0.01,-0.33
53920,-0.01,-0.20
53946,-0.01,-0.07
53967,-0.01,-0.20
53990,-0.01,-0.20
54011,-0.01,-0.20
54034,-0.01,-0.20
54055,-0.01,-0.07
54078,-0.01,-0.20
54100,-0.01,-0.07
54122,-0.01,-0.07
54145,-0.01,-0.20
54166,-0.01,-0.20
54189,-0.01,-0.20
54211,-0.01,-0.20
54233,-0.01,-0.20
54255,-0.01,-0.20
54277,-0.01,-0.20
54299,-0.01,-0.07
54321,-0.01,-0.20
54343,-0.01,-0.20
54366,-0.01,-0.20
54387,-0.01,-0.07
54410,-0.01,-0.07
54431,-0.01,-0.20
54454,-0.01,-0.20
54476,-0.01,-0.20
54498,-0.01,-0.07
54520,-0.01,-0.20
54556,-0.01,-0.33
54578,-0.01,-0.20
54600,-0.01,-0.20
54623,-0.01,-0.20
54644,-0.01,-0.20
54667,-0.01,-0.20
54689,-0.01,-0.20
54711,-0.00,-0.07
54733,-0.00,-0.20
54755,-0.01,-0.20
54777,-0.00,-0.20
54800,-0.01,-0.20
54821,-0.00,-0.20
54844,-0.01,-0.20
54865,-0.01,-0.20
54888,-0.01,-0.20
54910,-0.01,-0.20
54932,-0.01,-0.07
54955,-0.01,-0.20
54977,-0.01,-0.20
54999,-0.00,-0.20
55021,-0.01,-0.20
55043,-0.00,-0.07
55065,-0.01,-0.20
55088,-0.01,-0.20
55109,-0.01,-0.20
55132,-0.01,-0.20
55157,-0.00,-0.20
55179,-0.01,-0.20
55201,-0.01,-0.20
55224,-0.00,-0.20
55245,-0.01,-0.20
55268,-0.00,-0.20
55289,-0.01,-0.20
55312,-0.01,-0.20
55334,-0.01,-0.20
55356,-0.01,-0.20
55378,-0.01,-0.20
55401,-0.01,-0.20
55422,-0.01,-0.20
55445,-0.01,-0.20
55467,-0.01,-0.20
55489,-0.00,-0.07
55512,-0.01,-0.20
55533,-0.01,-0.07
55556,-0.01,-0.20
55577,-0.01,-0.20
55600,-0.01,-0.20
55622,-0.01,-0.20
55644,-0.00,-0.20
55666,-0.00,-0.20
55688,-0.01,-0.20
55710,-0.01,-0.20
55733,-0.01,-0.20
55774,-0.01,-0.33
55795,-0.01,-0.20
55818,-0.01,-0.20
55840,-0.01,-0.20
55862,-0.01,-0.20
55884,-0.01,-0.20
55906,-0.01,-0.20
55928,-0.01,-0.20
55951,-0.01,-0.20
55972,-0.01,-0.20
55995,-0.01,-0.20
56016,-0.01,-0.20
56039,-0.01,-0.20
56061,-0.01,-0.20
56083,-0.01,-0.20
56105,-0.01,-0.20
56128,-0.01,-0.20
56150,-0.01,-0.20
56172,-0.01,-0.20
56194,-0.01,-0.20
56216,-0.01,-0.20
56239,-0.01,-0.20
56260,-0.01,-0.20
56283,-0.01,-0.20
56304,-0.01,-0.07
56327,-0.01,-0.20
56349,-0.01,-0.20
56375,-0.01,-0.20
56396,-0.01,-0.20
56419,-0.01,-0.20
56441,-0.01,-0.20
56463,-0.01,-0.20
56485,-0.00,-0.07
56507,-0.01,-0.20
56529,-0.01,-0.20
56552,-0.01,-0.20
56573,-0.01,-0.20
56596,-0.01,-0.20
56619,-0.01,-0.20
56640,-0.00,-0.07
56663,-0.01,-0.20
56684,-0.01,-0.20
56707,-0.01,-0.20
56729,-0.01,-0.20
56751,-0.01,-0.20
56773,-0.01,-0.20
56796,-0.01,-0.20
56817,-0.01,-0.20
56840,-0.01,-0.20
56861,-0.01,-0.07
56884,-0.00,-0.20
56906,-0.01,-0.20
56928,-0.00,-0.20
56950,-0.00,-0.20
56976,-0.01,-0.20
56998,-0.01,-0.20
57020,-0.01,-0.20
57042,-0.01,-0.20
57064,-0.01,-0.20
57086,-0.01,-0.20
57109,-0.01,-0.20
57131,-0.01,-0.20
57153,-0.01,-0.20
57176,-0.01,-0.20
57197,-0.00,-0.20
57220,-0.01,-0.20
57241,-0.01,-0.20
57264,-0.01,-0.20
57286,-0.01,-0.20
57308,-0.00,-0.07
57330,-0.01,-0.20
57353,-0.00,-0.20
57374,-0.01,-0.20
57397,-0.01,-0.20
57418,-0.01,-0.20
57441,-0.01,-0.20
57463,-0.01,-0.20
57485,-0.01,-0.20
57507,-0.01,-0.20
57530,-0.01,-0.20
57551,-0.01,-0.20
57577,-0.01,-0.20
57600,-0.01,-0.07
57628,-0.01,-0.20
57662,-0.01,-0.33
57684,-0.01,-0.20
57707,-0.01,-0.20
57729,-0.01,-0.20
57751,-0.01,-0.20
57774,-0.01,-0.20
57795,-0.01,-0.20
57818,-0.01,-0.20
57839,-0.01,-0.20
57862,-0.01,-0.07
57884,-0.01,-0.20
57906,-0.01,-0.07
57928,-0.01,-0.20
57951,-0.01,-0.20
57972,-0.01,-0.20
57995,-0.01,-0.20
58017,-0.01,-0.20
58039,-0.01,-0.20
58061,-0.01,-0.20
58083,-0.01,-0.20
58105,-0.01,-0.20
58128,-0.01,-0.20
58149,-0.01,-0.20
58172,-0.01,-0.20
58198,-0.01,-0.20
58220,-0.01,-0.20
58242,-0.01,-0.20
58264,-0.01,-0.20
58287,-0.01,-0.20
58308,-0.00,-0.20
58331,-0.01,-0.20
58352,-0.01,-0.20
58375,-0.01,-0.20
58397,-0.01,-0.20
58419,-0.01,-0.20
58441,-0.01,-0.20
58464,-0.01,-0.20
58485,-0.01,-0.20
58508,-0.01,-0.20
58530,-0.01,-0.20
58552,-0.01,-0.20
58574,-0.01,-0.07
58597,-0.01,-0.20
58618,-0.01,-0.20
58641,-0.01,-0.20
58663,-0.00,-0.20
58685,-0.01,-0.07
58707,-0.01,-0.20
58729,-0.01,-0.07
58752,-0.01,-0.07
58774,-0.01,-0.20
58806,-0.01,-0.20
58828,-0.01,-0.20
58850,-0.01,-0.20
58872,-0.01,-0.20
58894,-0.01,-0.20
58916,-0.01,-0.20
58939,-0.01,-0.20
58960,-0.00,-0.20
58983,-0.01,-0.20
59004,-0.01,-0.20
59027,-0.01,-0.07
59049,-0.01,-0.20
59071,-0.01,-0.20
59094,-0.01,-0.20
59115,-0.01,-0.20
59138,-0.01,-0.20
59160,-0.00,-0.20
59182,-0.01,-0.20
59204,-0.01,-0.07
59226,-0.01,-0.20
59248,-0.01,-0.20
59271,-0.01,-0.07
59292,-0.01,-0.20
59315,-0.01,-0.20
59336,-0.01,-0.20
59359,-0.01,-0.20
59381,-0.01,-0.20
59417,-0.01,-0.20
59439,-0.01,-0.20
59461,-0.01,-0.20
59483,-0.01,-0.20
59505,-0.01,-0.20
59536,-0.01,-0.20
59570,-0.01,-0.20
59592,-0.01,-0.33
59614,-0.01,-0.20
59636,-0.01,-0.20
59659,-0.01,-0.07
59680,-0.01,-0.20
59703,-0.01,-0.20
59724,-0.01,-0.20
59747,-0.01,-0.20
59768,-0.01,-0.20
59791,-0.01,-0.07
59813,-0.01,-0.20
59835,-0.01,-0.20
59857,-0.01,-0.20
59879,-0.01,-0.20
59901,-0.01,-0.20
59924,-0.01,-0.20
59945,-0.01,-0.20
59968,-0.00,-0.20
59990,-0.01,-0.20
60012,-0.01,-0.07
60038,-0.01,-0.20
60059,-0.01,-0.20
60082,-0.00,-0.20
60104,-0.01,-0.20
60126,-0.01,-0.20
60148,-0.01,-0.20
60170,-0.01,-0.20
60192,-0.01,-0.20
60215,-0.01,-0.20
60236,-0.01,-0.20
60259,-0.01,-0.20
60280,-0.01,-0.20
60303,-0.00,-0.20
60324,-0.01,-0.20
60347,-0.01,-0.20
60369,-0.01,-0.20
60391,-0.01,-0.20
60413,-0.00,-0.07
60435,-0.00,-0.20
60457,-0.01,-0.20
60480,-0.01,-0.20
60502,-0.01,-0.20
60524,-0.00,-0.20
60546,-0.01,-0.20
60568,-0.00,-0.20
60591,-0.01,-0.20
60612,-0.01,-0.20
60638,-0.01,-0.20
60660,-0.01,-0.20
60682,-0.01,-0.20
60704,-0.01,-0.20
60726,-0.01,-0.20
60748,-0.01,-0.20
60771,-0.01,-0.20
60792,-0.01,-0.20
60815,-0.00,-0.07
60836,-0.01,-0.20
60859,-0.01,-0.20
60881,-0.00,-0.20
60903,-0.01,-0.20
60925,-0.01,-0.07
60947,-0.01,-0.20
60969,-0.00,-0.20
60992,-0.01,-0.20
61014,-0.01,-0.20
61036,-0.00,-0.07
61058,-0.01,-0.20
61080,-0.01,-0.20
61103,-0.00,-0.07
61124,-0.01,-0.20
61147,-0.00,-0.07
61168,-0.01,-0.07
61191,-0.01,-0.20
61213,-0.01,-0.20
61239,-0.00,-0.20
61260,-0.00,-0.20
61283,-0.01,-0.20
61304,-0.01,-0.20
61327,-0.00,-0.20
61348,-0.01,-0.20
61371,-0.01,-0.20
61393,-0.01,-0.20
61421,-0.01,-0.20
61455,-0.01,-0.20
61476,-0.01,-0.20
61499,-0.01,-0.20
61521,-0.01,-0.20
61543,-0.01,-0.20
61565,-0.01,-0.20
61588,-0.01,-0.20
61609,-0.00,-0.20
61632,-0.01,-0.20
61655,-0.01,-0.20
61677,-0.01,-0.20
61699,-0.01,-0.20
61721,-0.01,-0.20
61744,-0.01,-0.20
61765,-0.01,-0.20
61788,-0.00,-0.20
61810,-0.01,-0.20
61833,-0.00,-0.20
61858,-0.01,-0.20
61881,-0.01,-0.20
61902,-0.01,-0.20
61925,-0.01,-0.07
61947,-0.01,-0.20
61969,-0.01,-0.20
61991,-0.01,-0.20
62014,-0.01,-0.20
62036,-0.00,-0.20
62058,-0.01,-0.20
62081,-0.01,-0.07
62103,-0.00,-0.20
62126,-0.01,-0.20
62147,-0.01,-0.20
62170,-0.00,-0.20
62192,-0.00,-0.20
62214,-0.01,-0.20
62236,-0.01,-0.20
62259,-0.01,-0.20
62281,-0.01,-0.20
62303,-0.01,-0.20
62325,-0.01,-0.20
62348,-0.01,-0.20
62370,-0.01,-0.20
62392,-0.01,-0.20
62414,-0.00,-0.20
62437,-0.00,-0.20
62462,-0.00,-0.20
62485,-0.01,-0.20
62507,-0.01,-0.20
62529,-0.01,-0.20
62552,-0.01,-0.20
62574,-0.01,-0.20
62596,-0.01,-0.20
62618,-0.01,-0.20
62641,-0.01,-0.07
62663,-0.01,-0.20
62685,-0.01,-0.20
62707,-0.01,-0.20
62730,-0.01,-0.20
62751,-0.01,-0.20
62774,-0.01,-0.20
62796,-0.01,-0.20
62819,-0.01,-0.20
62840,-0.00,-0.20
62863,-0.00,-0.20
62885,-0.01,-0.20
62908,-0.01,-0.20
62929,-0.01,-0.20
62952,-0.01,-0.20
62974,-0.00,-0.20
62997,-0.01,-0.20
63019,-0.01,-0.20
63041,-0.01,-0.20
63060,-0.01,-0.20
63083,-0.01,-0.20
63106,-0.01,-0.20
63128,-0.01,-0.20
63150,-0.01,-0.20
63172,-0.01,-0.20
63195,-0.01,-0.07
63217,-0.01,-0.20
63239,-0.01,-0.20
63261,-0.01,-0.20
63284,-0.01,-0.20
63305,-0.01,-0.20
63345,-0.01,-0.33
63368,-0.01,-0.20
63389,-0.01,-0.20
63412,-0.01,-0.20
63434,-0.01,-0.20
63456,-0.01,-0.20
63478,-0.00,-0.20
63500,-0.01,-0.20
63522,-0.01,-0.20
63545,-0.01,-0.20
63566,-0.00,-0.20
63589,-0.00,-0.07
63610,-0.01,-0.20
63633,-0.00,-0.20
63659,-0.01,-0.20
63681,-0.01,-0.20
63703,-0.01,-0.20
63725,-0.01,-0.20
63747,-0.01,-0.20
63769,-0.01,-0.20
63792,-0.01,-0.20
63813,-0.01,-0.20
63836,-0.01,-0.20
63858,-0.01,-0.20
63880,-0.01,-0.20
63902,-0.01,-0.33
63924,-0.01,-0.07
63946,-0.01,-0.20
63969,-0.01,-0.20
63990,-0.01,-0.20
64013,-0.01,-0.20
64034,-0.01,-0.07
64057,-0.01,-0.07
64079,-0.00,-0.20
64101,-0.01,-0.20
64123,-0.01,-0.20
64146,-0.01,-0.20
64167,-0.01,-0.20
64190,-0.01,-0.07
64211,-0.00,-0.20
64234,-0.00,-0.20
64270,-0.01,-0.20
64292,-0.01,-0.07
64315,-0.01,-0.20
64336,-0.01,-0.20
64359,-0.00,-0.20
64380,-0.01,-0.20
64403,-0.01,-0.20
64425,-0.01,-0.20
64447,-0.01,-0.20
64470,-0.01,-0.20
64492,-0.01,-0.20
64514,-0.00,-0.20
64536,-0.00,-0.20
64559,-0.01,-0.20
64580,-0.01,-0.20
64603,-0.00,-0.20
64624,-0.01,-0.20
64647,-0.01,-0.20
64669,-0.01,-0.20
64691,-0.01,-0.20
64713,-0.01,-0.20
64736,-0.01,-0.07
64757,-0.01,-0.07
64780,-0.01,-0.20
64802,-0.01,-0.20
64824,-0.01,-0.20
64846,-0.00,-0.20
64872,-0.00,-0.20
64893,-0.01,-0.20
64916,-0.01,-0.20
64939,-0.00,-0.20
64960,-0.01,-0.20
64983,-0.01,-0.20
65005,-0.01,-0.20
65027,-0.01,-0.07
65049,-0.01,-0.20
65072,-0.00,-0.07
65093,-0.01,-0.20
65116,-0.01,-0.20
65138,-0.01,-0.20
65160,-0.00,-0.20
65182,-0.00,-0.07
65210,-0.00,-0.20
65244,-0.01,-0.20
65265,-0.01,-0.20
65288,-0.01,-0.20
65310,-0.01,-0.20
65332,-0.01,-0.20
65354,-0.01,-0.20
65377,-0.00,-0.20
65398,-0.01,-0.20
65421,-0.01,-0.20
65443,-0.00,-0.20
65465,-0.01,-0.20
65490,-0.01,-0.20
65513,-0.01,-0.20
65534,-0.01,-0.20
65557,-0.01,-0.20
65580,-0.00,-0.20
65601,-0.01,-0.20
65624,-0.01,-0.07
65646,-0.01,-0.07
65668,-0.01,-0.20
65690,-0.01,-0.07
65713,-0.01,-0.20
65734,-0.00,-0.20
65757,-0.01,-0.20
65779,-0.01,-0.20
65801,-0.01,-0.20
65823,-0.01,-0.20
65846,-0.01,-0.07
65867,-0.01,-0.20
65890,-0.01,-0.20
65912,-0.01,-0.20
65934,-0.01,-0.20
65956,-0.01,-0.20
65979,-0.01,-0.20
66000,-0.00,-0.07
66023,-0.01,-0.20
66044,-0.01,-0.20
66067,-0.01,-0.07
66093,-0.01,-0.20
66115,-0.01,-0.20
66137,-0.01,-0.20
66159,-0.01,-0.20
66182,-0.01,-0.20
66203,-0.01,-0.20
66226,-0.01,-0.20
66248,-0.01,-0.20
66270,-0.01,-0.20
66292,-0.01,-0.20
66315,-0.01,-0.20
66336,-0.00,-0.07
66359,-0.01,-0.20
66381,-0.01,-0.20
66403,-0.01,-0.07
66425,-0.01,-0.20
66448,-0.00,-0.20
66469,-0.01,-0.20
66492,-0.01,-0.20
66513,-0.01,-0.20
66536,-0.01,-0.20
66558,-0.01,-0.20
66580,-0.01,-0.20
66603,-0.01,-0.20
66625,-0.01,-0.20
66647,-0.01,-0.20
66669,-0.01,-0.07
66695,-0.01,-0.20
66717,-0.01,-0.20
66739,-0.01,-0.20
66761,-0.01,-0.20
66784,-0.00,-0.20
66805,-0.01,-0.20
66828,-0.00,-0.20
66850,-0.00,-0.20
66872,-0.01,-0.20
66894,-0.01,-0.07
66917,-0.01,-0.07
66938,-0.01,-0.07
66961,-0.01,-0.20
66983,-0.00,-0.20
67005,-0.00,-0.07
67027,-0.01,-0.07
67050,-0.00,-0.20
67072,-0.01,-0.20
67100,-0.01,-0.20
67133,-0.01,-0.33
67154,-0.01,-0.20
67177,-0.01,-0.20
67200,-0.01,-0.07
67221,-0.01,-0.20
67244,-0.01,-0.33
67266,-0.01,-0.20
67288,-0.00,-0.07
67313,-0.01,-0.20
67336,-0.01,-0.20
67358,-0.01,-0.20
67380,-0.01,-0.20
67402,-0.01,-0.20
67425,-0.00,-0.20
67446,-0.01,-0.20
67469,-0.01,-0.20
67490,-0.01,-0.20
67513,-0.00,-0.20
67535,-0.01,-0.20
67557,-0.01,-0.20
67579,-0.01,-0.20
67602,-0.01,-0.20
67623,-0.01,-0.20
67646,-0.01,-0.20
67668,-0.01,-0.20
67690,-0.01,-0.20
67713,-0.01,-0.20
67735,-0.01,-0.20
67758,-0.01,-0.20
67779,-0.01,-0.20
67802,-0.01,-0.20
67824,-0.00,-0.20
67846,-0.01,-0.20
67868,-0.01,-0.20
67891,-0.01,-0.20
67916,-0.01,-0.33
67938,-0.01,-0.20
67960,-0.01,-0.20
67983,-0.01,-0.20
68004,-0.01,-0.20
68027,-0.01,-0.20
68049,-0.01,-0.07
68071,-0.01,-0.20
68093,-0.01,-0.20
68116,-0.01,-0.20
68137,-0.01,-0.20
68160,-0.00,-0.07
68183,-0.01,-0.20
68204,-0.01,-0.20
68227,-0.01,-0.20
68249,-0.01,-0.20
68271,-0.01,-0.07
68293,-0.01,-0.20
68316,-0.01,-0.20
68337,-0.01,-0.20
68360,-0.01,-0.20
68382,-0.01,-0.20
68404,-0.01,-0.20
68426,-0.00,-0.07
68449,-0.01,-0.07
68470,-0.01,-0.20
68493,-0.01,-0.20
68524,-0.01,-0.20
68546,-0.01,-0.20
68568,-0.01,-0.07
68590,-0.01,-0.20
68613,-0.01,-0.20
68634,-0.01,-0.20
68657,-0.01,-0.20
68678,-0.01,-0.20
68701,-0.00,-0.07
68723,-0.00,-0.20
68745,-0.01,-0.20
68767,-0.00,-0.20
68790,-0.01,-0.20
68811,-0.01,-0.20
68834,-0.00,-0.20
68855,-0.01,-0.20
68878,-0.01,-0.20
68900,-0.01,-0.20
68922,-0.00,-0.20
68944,-0.01,-0.20
68967,-0.01,-0.20
68988,-0.01,-0.20
69027,-0.01,-0.33
69050,-0.01,-0.20
69072,-0.01,-0.20
69094,-0.00,-0.20
69116,-0.01,-0.20
69152,-0.01,-0.20
69175,-0.01,-0.20
69196,-0.00,-0.20
69219,-0.01,-0.20
69240,-0.00,-0.20
69263,-0.01,-0.20
69285,-0.01,-0.20
69307,-0.00,-0.20
69329,-0.01,-0.20
69351,-0.01,-0.20
69373,-0.01,-0.20
69396,-0.01,-0.07
69417,-0.00,-0.20
69440,-0.01,-0.20
69462,-0.01,-0.20
69484,-0.01,-0.20
69507,-0.01,-0.20
69528,-0.00,-0.07
69551,-0.01,-0.20
69573,-0.01,-0.07
69595,-0.01,-0.20
69617,-0.01,-0.20
69639,-0.00,-0.20
69661,-0.01,-0.20
69684,-0.01,-0.20
69705,-0.01,-0.20
69728,-0.01,-0.20
69753,-0.01,-0.20
69776,-0.01,-0.20
69797,-0.00,-0.20
69820,-0.01,-0.20
69841,-0.01,-0.20
69864,-0.00,-0.20
69886,-0.01,-0.20
69908,-0.01,-0.20
69931,-0.01,-0.20
69953,-0.01,-0.20
69975,-0.00,-0.07
69997,-0.01,-0.20
70019,-0.01,-0.20
70041,-0.01,-0.20
70064,-0.01,-0.20
70085,-0.00,-0.20
70108,-0.01,-0.20
70129,-0.01,-0.20
70152,-0.01,-0.20
70174,-0.01,-0.20
70196,-0.01,-0.20
70218,-0.01,-0.20
70241,-0.01,-0.20
70262,-0.01,-0.20
70285,-0.01,-0.20
70306,-0.01,-0.20
70329,-0.01,-0.20
70354,-0.01,-0.20
70377,-0.00,-0.20
70398,-0.01,-0.20
70421,-0.01,-0.07
70444,-0.01,-0.20
70465,-0.01,-0.20
70488,-0.00,-0.20
70509,-0.01,-0.20
70532,-0.01,-0.20
70554,-0.01,-0.20
70576,-0.01,-0.20
70598,-0.01,-0.20
70621,-0.01,-0.20
70642,-0.00,-0.20
70665,-0.01,-0.20
70686,-0.01,-0.20
70709,-0.01,-0.20
70731,-0.01,-0.20
70753,-0.01,-0.20
70775,-0.01,-0.20
70798,-0.01,-0.20
70819,-0.01,-0.20
70842,-0.01,-0.20
70863,-0.00,-0.20
70892,-0.01,-0.20
70925,-0.01,-0.20
70947,-0.01,-0.20
70973,-0.01,-0.20
70995,-0.01,-0.20
71018,-0.01,-0.20
71040,-0.01,-0.20
71062,-0.01,-0.20
71085,-0.01,-0.07
71107,-0.01,-0.20
71129,-0.01,-0.20
71151,-0.01,-0.20
71174,-0.01,-0.20
71196,-0.01,-0.20
71218,-0.01,-0.20
71240,-0.01,-0.07
71263,-0.01,-0.20
71285,-0.01,-0.20
71307,-0.01,-0.20
71329,-0.01,-0.07
71352,-0.01,-0.20
71374,-0.01,-0.20
71397,-0.01,-0.07
71418,-0.01,-0.20
71441,-0.01,-0.20
71463,-0.01,-0.20
71486,-0.00,-0.20
71507,-0.01,-0.20
71530,-0.01,-0.20
71553,-0.01,-0.20
71578,-0.01,-0.20
71601,-0.01,-0.20
71623,-0.01,-0.20
71645,-0.01,-0.20
71667,-0.01,-0.20
71690,-0.01,-0.20
71712,-0.01,-0.20
71734,-0.01,-0.20
71756,-0.01,-0.20
71779,-0.01,-0.20
71801,-0.01,-0.20
71823,-0.01,-0.20
71845,-0.01,-0.20
71868,-0.01,-0.20
71890,-0.01,-0.33
71912,-0.01,-0.07
71934,-0.01,-0.20
71957,-0.01,-0.20
71980,-0.01,-0.20
72002,-0.01,-0.20
72024,-0.01,-0.20
72046,-0.01,-0.20
72069,-0.01,-0.20
72091,-0.00,-0.20
72113,-0.00,-0.07
72135,-0.01,-0.20
72158,-0.01,-0.20
72183,-0.01,-0.20
72206,-0.00,-0.20
72228,-0.01,-0.20
72250,-0.01,-0.20
72272,-0.01,-0.07
72295,-0.01,-0.20
72317,-0.01,-0.20
72339,-0.01,-0.20
72361,-0.01,-0.20
72384,-0.00,-0.07
72407,-0.01,-0.20
72429,-0.01,-0.20
72451,-0.01,-0.20
72473,-0.01,-0.20
72496,-0.01,-0.20
72518,-0.01,-0.20
72540,-0.01,-0.20
72562,-0.01,-0.20
72585,-0.01,-0.07
72607,-0.01,-0.20
72629,-0.01,-0.20
72651,-0.01,-0.20
72674,-0.01,-0.20
72696,-0.01,-0.20
72719,-0.01,-0.20
72740,-0.01,-0.07
72763,-0.01,-0.20
72822,-0.01,-0.33
72845,-0.01,-0.33
72867,-0.01,-0.20
72890,-0.01,-0.20
72911,-0.01,-0.20
72934,-0.01,-0.20
72955,-0.01,-0.20
72978,-0.00,-0.20
73000,-0.01,-0.20
73022,-0.00,-0.20
73044,-0.01,-0.20
73067,-0.01,-0.20
73089,-0.01,-0.20
73111,-0.01,-0.20
73134,-0.01,-0.07
73155,-0.01,-0.20
73178,-0.01,-0.07
73200,-0.01,-0.20
73222,-0.01,-0.20
73244,-0.01,-0.07
73267,-0.01,-0.20
73288,-0.00,-0.07
73311,-0.00,-0.20
73332,-0.01,-0.20
73355,-0.01,-0.20
73377,-0.01,-0.20
73399,-0.01,-0.20
73424,-0.01,-0.20
73447,-0.01,-0.20
73469,-0.00,-0.20
73491,-0.01,-0.20
73513,-0.01,-0.07
73536,-0.01,-0.20
73558,-0.01,-0.20
73580,-0.00,-0.20
73603,-0.01,-0.20
73624,-0.01,-0.20
73647,-0.01,-0.20
73669,-0.01,-0.20
73691,-0.01,-0.20
73713,-0.01,-0.20
73736,-0.01,-0.07
73757,-0.01,-0.20
73780,-0.01,-0.20
73802,-0.01,-0.20
73824,-0.00,-0.20
73846,-0.01,-0.07
73868,-0.01,-0.20
73890,-0.01,-0.07
73913,-0.01,-0.20
73934,-0.01,-0.20
73957,-0.00,-0.20
73979,-0.01,-0.20
74001,-0.00,-0.07
74038,-0.01,-0.20
74059,-0.01,-0.20
74082,-0.01,-0.20
74104,-0.00,-0.20
74126,-0.01,-0.20
74148,-0.01,-0.20
74171,-0.01,-0.20
74192,-0.00,-0.20
74215,-0.00,-0.07
74237,-0.01,-0.20
74259,-0.01,-0.20
74281,-0.01,-0.20
74304,-0.01,-0.20
74326,-0.01,-0.20
74348,-0.01,-0.20
74371,-0.01,-0.20
74392,-0.01,-0.20
74415,-0.01,-0.20
74437,-0.01,-0.07
74459,-0.01,-0.20
74481,-0.01,-0.20
74504,-0.01,-0.20
74525,-0.01,-0.20
74548,-0.01,-0.20
74570,-0.01,-0.20
74592,-0.01,-0.20
74614,-0.01,-0.20
74635,-0.01,-0.20
74656,-0.01,-0.20
74679,-0.01,-0.20
74717,-0.01,-0.33
74739,-0.01,-0.20
74762,-0.01,-0.20
74783,-0.01,-0.20
74806,-0.01,-0.20
74828,-0.01,-0.20
74850,-0.01,-0.20
74872,-0.01,-0.20
74895,-0.01,-0.20
74916,-0.01,-0.20
74939,-0.01,-0.20
74961,-0.01,-0.20
74983,-0.01,-0.20
75005,-0.01,-0.20
75028,-0.01,-0.20
75049,-0.01,-0.07
75072,-0.01,-0.07
75095,-0.01,-0.20
75117,-0.01,-0.20
75139,-0.00,-0.20
75161,-0.01,-0.07
75184,-0.01,-0.20
75205,-0.01,-0.20
75231,-0.01,-0.20
75253,-0.01,-0.20
75276,-0.01,-0.20
75297,-0.01,-0.20
75320,-0.01,-0.20
75342,-0.01,-0.20
75364,-0.01,-0.20
75386,-0.01,-0.07
75409,-0.01,-0.20
75430,-0.00,-0.20
75453,-0.01,-0.20
75475,-0.01,-0.07
75497,-0.01,-0.20
75520,-0.01,-0.20
75542,-0.00,-0.07
75565,-0.01,-0.07
75586,-0.01,-0.20
75609,-0.01,-0.20
75631,-0.01,-0.20
75653,-0.01,-0.20
75675,-0.01,-0.20
75698,-0.01,-0.20
75719,-0.01,-0.07
75742,-0.00,-0.20
75764,-0.01,-0.20
75786,-0.01,-0.20
75808,-0.01,-0.20
75834,-0.01,-0.20
75856,-0.01,-0.20
75879,-0.01,-0.20
75900,-0.01,-0.20
75923,-0.01,-0.20
75945,-0.01,-0.20
75967,-0.01,-0.20
75990,-0.01,-0.20
76012,-0.01,-0.07
76034,-0.00,-0.20
76056,-0.01,-0.20
76079,-0.01,-0.07
76100,-0.01,-0.20
76123,-0.01,-0.20
76145,-0.01,-0.20
76167,-0.01,-0.20
76189,-0.00,-0.07
76212,-0.01,-0.20
76234,-0.00,-0.20
76256,-0.01,-0.20
76278,-0.01,-0.20
76301,-0.01,-0.20
76322,-0.01,-0.20
76345,-0.01,-0.20
76367,-0.01,-0.07
76389,-0.01,-0.20
76411,-0.00,-0.20
76437,-0.01,-0.20
76460,-0.00,-0.20
76482,-0.01,-0.20
76504,-0.01,-0.20
76526,-0.01,-0.20
76549,-0.01,-0.20
76570,-0.00,-0.20
76611,-0.01,-0.33
76634,-0.01,-0.20
76655,-0.01,-0.20
76678,-0.01,-0.20
76700,-0.01,-0.20
76722,-0.01,-0.20
76744,-0.01,-0.20
76767,-0.01,-0.20
76788,-0.01,-0.20
76811,-0.01,-0.20
76833,-0.01,-0.20
76856,-0.01,-0.20
76877,-0.01,-0.20
76900,-0.01,-0.20
76922,-0.01,-0.07
76944,-0.01,-0.20
76966,-0.00,-0.20
76989,-0.00,-0.07
77010,-0.01,-0.20
77033,-0.01,-0.07
77059,-0.01,-0.20
77081,-0.01,-0.20
77104,-0.01,-0.20
77125,-0.01,-0.20
77148,-0.01,-0.20
77170,-0.01,-0.20
77192,-0.01,-0.20
77214,-0.01,-0.20
77237,-0.01,-0.20
77258,-0.01,-0.20
77281,-0.00,-0.20
77303,-0.01,-0.07
77326,-0.01,-0.20
77347,-0.01,-0.20
77370,-0.01,-0.20
77392,-0.01,-0.20
77414,-0.00,-0.07
77436,-0.01,-0.20
77459,-0.00,-0.20
77480,-0.01,-0.20
77503,-0.01,-0.20
77526,-0.01,-0.20
77547,-0.01,-0.20
77570,-0.01,-0.07
77592,-0.01,-0.20
77615,-0.01,-0.20
77636,-0.01,-0.20
77662,-0.01,-0.20
77684,-0.00,-0.20
77707,-0.01,-0.20
77729,-0.01,-0.20
77751,-0.01,-0.20
77773,-0.01,-0.20
77796,-0.00,-0.07
77817,-0.01,-0.20
77840,-0.01,-0.07
77862,-0.01,-0.20
77884,-0.01,-0.20
77906,-0.01,-0.20
77929,-0.01,-0.20
77952,-0.01,-0.20
77973,-0.01,-0.20
77996,-0.01,-0.07
78018,-0.01,-0.20
78040,-0.01,-0.20
78062,-0.01,-0.20
78085,-0.01,-0.20
78107,-0.01,-0.07
78129,-0.01,-0.20
78151,-0.00,-0.20
78174,-0.01,-0.20
78195,-0.01,-0.20
78218,-0.01,-0.20
78240,-0.01,-0.20
78272,-0.01,-0.20
78295,-0.01,-0.20
78316,-0.01,-0.20
78339,-0.01,-0.20
78361,-0.00,-0.20
78383,-0.01,-0.20
78405,-0.01,-0.20
78428,-0.01,-0.20
78449,-0.01,-0.20
78472,-0.01,-0.20
78500,-0.01,-0.20
78532,-0.01,-0.20
78555,-0.01,-0.20
78576,-0.01,-0.20
78599,-0.00,-0.20
78621,-0.01,-0.20
78643,-0.01,-0.07
78665,-0.01,-0.20
78688,-0.01,-0.20
78709,-0.01,-0.20
78732,-0.01,-0.20
78754,-0.00,-0.20
78776,-0.01,-0.20
78798,-0.00,-0.20
78821,-0.01,-0.20
78842,-0.01,-0.20
78865,-0.01,-0.20
78901,-0.01,-0.20
78923,-0.01,-0.20
78945,-0.01,-0.20
78967,-0.01,-0.07
78990,-0.01,-0.07
79011,-0.01,-0.07
79034,-0.01,-0.20
79056,-0.01,-0.07
79078,-0.01,-0.20
79100,-0.01,-0.20
79123,-0.01,-0.07
79144,-0.01,-0.20
79167,-0.01,-0.07
79190,-0.01,-0.20
79211,-0.01,-0.20
79234,-0.00,-0.20
79256,-0.00,-0.20
79278,-0.00,-0.20
79300,-0.01,-0.20
79323,-0.01,-0.20
79344,-0.01,-0.20
79367,-0.01,-0.20
79389,-0.01,-0.20
79411,-0.01,-0.20
79433,-0.01,-0.20
79456,-0.01,-0.20
79477,-0.01,-0.20
79503,-0.01,-0.20
79525,-0.01,-0.20
79548,-0.01,-0.20
79569,-0.01,-0.20
79592,-0.01,-0.20
79614,-0.00,-0.20
79636,-0.01,-0.20
79659,-0.01,-0.20
79681,-0.01,-0.20
79703,-0.01,-0.20
79725,-0.01,-0.20
79748,-0.01,-0.20
79769,-0.00,-0.20
79792,-0.01,-0.20
79814,-0.01,-0.20
79836,-0.01,-0.20
79858,-0.01,-0.20
79881,-0.01,-0.07
79902,-0.00,-0.20
79925,-0.01,-0.20
79947,-0.01,-0.07
79969,-0.01,-0.20
79991,-0.00,-0.20
80013,-0.01,-0.20
80035,-0.00,-0.20
80058,-0.01,-0.20
80079,-0.00,-0.20
80105,-0.01,-0.20
80128,-0.01,-0.20
80150,-0.01,-0.20
80172,-0.01,-0.20
80194,-0.01,-0.20
80217,-0.01,-0.07
80238,-0.00,-0.20
80261,-0.01,-0.07
80283,-0.01,-0.20
80305,-0.01,-0.20
80327,-0.00,-0.07
80350,-0.01,-0.20
80371,-0.01,-0.20
80411,-0.01,-0.33
80434,-0.01,-0.20
80456,-0.01,-0.20
80479,-0.01,-0.20
80500,-0.01,-0.20
80523,-0.01,-0.20
80545,-0.01,-0.20
80568,-0.01,-0.20
80589,-0.01,-0.20
80612,-0.01,-0.20
80634,-0.00,-0.20
80657,-0.01,-0.20
80679,-0.01,-0.07
80701,-0.01,-0.20
80727,-0.01,-0.20
80749,-0.01,-0.20
80772,-0.01,-0.20
80794,-0.00,-0.20
80817,-0.01,-0.20
80838,-0.01,-0.20
80861,-0.01,-0.07
80883,-0.01,-0.07
80906,-0.01,-0.20
80928,-0.01,-0.20
80950,-0.01,-0.33
80972,-0.01,-0.20
80995,-0.01,-0.20
81017,-0.01,-0.20
81040,-0.00,-0.20
81061,-0.01,-0.20
81084,-0.01,-0.20
81106,-0.01,-0.20
81129,-0.01,-0.20
81152,-0.01,-0.20
81173,-0.01,-0.20
81196,-0.00,-0.20
81218,-0.01,-0.20
81241,-0.01,-0.20
81262,-0.00,-0.20
81285,-0.01,-0.20
81307,-0.01,-0.20
81333,-0.00,-0.20
81355,-0.00,-0.20
81378,-0.01,-0.20
81400,-0.01,-0.07
81422,-0.01,-0.20
81444,-0.01,-0.20
81467,-0.01,-0.20
81489,-0.01,-0.20
81512,-0.01,-0.20
81533,-0.01,-0.20
81556,-0.00,-0.20
81579,-0.01,-0.20
81601,-0.01,-0.07
81624,-0.01,-0.20
81645,-0.01,-0.07
81668,-0.01,-0.20
81690,-0.01,-0.20
81713,-0.01,-0.20
81735,-0.01,-0.20
81757,-0.01,-0.20
81779,-0.01,-0.20
81802,-0.01,-0.20
81824,-0.01,-0.20
81847,-0.01,-0.20
81868,-0.00,-0.20
81891,-0.01,-0.20
81913,-0.01,-0.20
81939,-0.01,-0.20
81961,-0.00,-0.20
81984,-0.01,-0.20
82007,-0.00,-0.20
82029,-0.01,-0.20
82051,-0.00,-0.20
82073,-0.01,-0.20
82096,-0.01,-0.20
82118,-0.01,-0.20
82141,-0.00,-0.20
82162,-0.00,-0.20
82185,-0.01,-0.20
82207,-0.01,-0.20
82230,-0.01,-0.20
82251,-0.00,-0.20
82274,-0.01,-0.20
82313,-0.01,-0.33
82335,-0.01,-0.20
82358,-0.01,-0.20
82379,-0.01,-0.20
82402,-0.01,-0.20
82424,-0.00,-0.20
82446,-0.01,-0.20
82468,-0.01,-0.20
82491,-0.01,-0.20
82512,-0.01,-0.20
82535,-0.01,-0.07
82561,-0.01,-0.20
82583,-0.01,-0.20
82605,-0.01,-0.20
82627,-0.01,-0.20
82650,-0.01,-0.20
82671,-0.01,-0.20
82694,-0.01,-0.20
82716,-0.01,-0.20
82739,-0.00,-0.20
82760,-0.00,-0.07
82783,-0.01,-0.20
82805,-0.01,-0.20
82827,-0.01,-0.20
82849,-0.01,-0.20
82872,-0.01,-0.20
82893,-0.01,-0.20
82916,-0.01,-0.20
82938,-0.01,-0.20
82960,-0.01,-0.20
82982,-0.01,-0.20
83005,-0.01,-0.20
83026,-0.00,-0.07
83049,-0.01,-0.20
83072,-0.01,-0.20
83093,-0.01,-0.20
83116,-0.00,-0.20
83138,-0.01,-0.20
83164,-0.01,-0.20
83185,-0.01,-0.20
83208,-0.01,-0.07
83230,-0.01,-0.20
83253,-0.01,-0.20
83274,-0.01,-0.20
83297,-0.01,-0.20
83319,-0.00,-0.20
83341,-0.01,-0.20
83363,-0.01,-0.20
83386,-0.01,-0.20
83407,-0.01,-0.20
83430,-0.01,-0.20
83452,-0.01,-0.20
83474,-0.01,-0.20
83496,-0.01,-0.20
83519,-0.01,-0.20
83542,-0.01,-0.20
83563,-0.00,-0.20
83586,-0.01,-0.07
83608,-0.01,-0.20
83630,-0.01,-0.20
83652,-0.01,-0.07
83675,-0.01,-0.20
83696,-0.01,-0.20
83719,-0.00,-0.07
83741,-0.01,-0.20
83777,-0.01,-0.20
83800,-0.01,-0.20
83821,-0.01,-0.20
83844,-0.01,-0.20
83866,-0.00,-0.07
83889,-0.01,-0.20
83910,-0.01,-0.20
83933,-0.01,-0.20
83955,-0.01,-0.20
83977,-0.00,-0.20
83999,-0.01,-0.07
84022,-0.01,-0.07
84043,-0.01,-0.20
84066,-0.01,-0.20
84088,-0.01,-0.20
84111,-0.01,-0.20
84132,-0.01,-0.07
84155,-0.01,-0.20
84184,-0.01,-0.20
84214,-0.01,-0.20
84237,-0.01,-0.20
84259,-0.01,-0.20
84281,-0.01,-0.20
84303,-0.01,-0.20
84326,-0.01,-0.20
84347,-0.01,-0.20
84370,-0.00,-0.07
84396,-0.01,-0.20
84418,-0.01,-0.20
84441,-0.01,-0.20
84462,-0.01,-0.20
84485,-0.00,-0.20
84507,-0.01,-0.20
84529,-0.01,-0.20
84551,-0.01,-0.20
84574,-0.01,-0.20
84596,-0.00,-0.20
84618,-0.01,-0.20
84640,-0.00,-0.20
84663,-0.01,-0.07
84684,-0.01,-0.20
84707,-0.01,-0.20
84729,-0.01,-0.20
84752,-0.00,-0.20
84773,-0.01,-0.20
84796,-0.00,-0.20
84818,-0.01,-0.20
84840,-0.01,-0.20
84862,-0.01,-0.07
84885,-0.01,-0.20
84908,-0.01,-0.07
84929,-0.01,-0.20
84952,-0.00,-0.07
84974,-0.01,-0.20
85000,-0.01,-0.20
85022,-0.01,-0.20
85044,-0.01,-0.07
85066,-0.01,-0.20
85089,-0.01,-0.20
85110,-0.01,-0.20
85133,-0.01,-0.20
85155,-0.01,-0.20
85178,-0.01,-0.20
85199,-0.01,-0.20
85222,-0.00,-0.07
85244,-0.01,-0.07
85266,-0.01,-0.20
85288,-0.01,-0.20
85311,-0.01,-0.20
85334,-0.00,-0.07
85355,-0.01,-0.20
85378,-0.01,-0.20
85400,-0.01,-0.20
85422,-0.01,-0.20
85444,-0.01,-0.07
85467,-0.01,-0.20
85489,-0.01,-0.07
85511,-0.01,-0.20
85533,-0.00,-0.20
85556,-0.01,-0.07
85577,-0.01,-0.20
85604,-0.00,-0.20
85625,-0.01,-0.20
85648,-0.00,-0.20
85670,-0.01,-0.20
85693,-0.01,-0.20
85714,-0.01,-0.20
85737,-0.01,-0.20
85760,-0.00,-0.20
85781,-0.00,-0.20
85804,-0.00,-0.20
85826,-0.01,-0.20
85849,-0.01,-0.07
85870,-0.01,-0.20
85893,-0.01,-0.20
85915,-0.00,-0.20
85938,-0.01,-0.07
85959,-0.00,-0.20
85982,-0.01,-0.07
86004,-0.01,-0.20
86026,-0.01,-0.20
86048,-0.01,-0.20
86077,-0.01,-0.20
86115,-0.01,-0.33
86136,-0.01,-0.20
86159,-0.01,-0.20
86180,-0.01,-0.20
86203,-0.01,-0.20
86222,-0.01,-0.20
86245,-0.01,-0.20
86266,-0.01,-0.07
86289,-0.01,-0.20
86311,-0.01,-0.20
86333,-0.01,-0.20
86355,-0.01,-0.20
86378,-0.01,-0.20
86400,-0.01,-0.20
86422,-0.01,-0.20
86444,-0.01,-0.20
86466,-0.01,-0.20
86489,-0.01,-0.20
86510,-0.01,-0.20
86533,-0.00,-0.20
86554,-0.01,-0.07
86577,-0.01,-0.20
86599,-0.01,-0.07
86621,-0.01,-0.20
86643,-0.01,-0.07
86666,-0.01,-0.20
86687,-0.01,-0.20
86710,-0.01,-0.20
86731,-0.00,-0.20
86754,-0.00,-0.07
86776,-0.01,-0.20
86802,-0.01,-0.20
86823,-0.01,-0.20
86846,-0.01,-0.20
86868,-0.01,-0.20
86890,-0.01,-0.20
86913,-0.01,-0.20
86934,-0.00,-0.07
86957,-0.01,-0.20
86979,-0.01,-0.07
87001,-0.01,-0.20
87023,-0.01,-0.20
87045,-0.01,-0.20
87067,-0.01,-0.20
87090,-0.01,-0.20
87111,-0.01,-0.20
87134,-0.01,-0.20
87156,-0.01,-0.07
87178,-0.01,-0.20
87200,-0.00,-0.20
87222,-0.01,-0.20
87244,-0.01,-0.20
87267,-0.00,-0.07
87288,-0.01,-0.20
87311,-0.01,-0.20
87333,-0.01,-0.20
87355,-0.01,-0.20
87377,-0.00,-0.07
87403,-0.01,-0.20
87425,-0.01,-0.20
87447,-0.00,-0.07
87470,-0.01,-0.20
87491,-0.00,-0.20
87514,-0.00,-0.20
87535,-0.01,-0.20
87558,-0.00,-0.20
87580,-0.01,-0.20
87602,-0.01,-0.07
87624,-0.01,-0.20
87646,-0.01,-0.20
87668,-0.01,-0.20
87691,-0.01,-0.07
87712,-0.00,-0.07
87735,-0.01,-0.20
87757,-0.01,-0.20
87779,-0.00,-0.20
87801,-0.01,-0.20
87823,-0.00,-0.20
87845,-0.01,-0.20
87868,-0.01,-0.20
87889,-0.01,-0.20
87912,-0.01,-0.20
87934,-0.00,-0.07
87956,-0.01,-0.20
87998,-0.01,-0.33
88031,-0.01,-0.33
88053,-0.01,-0.20
88075,-0.01,-0.20
88097,-0.01,-0.20
88120,-0.01,-0.20
88141,-0.01,-0.20
88164,-0.01,-0.20
88186,-0.01,-0.20
88208,-0.01,-0.20
88230,-0.00,-0.20
88253,-0.00,-0.20
88274,-0.01,-0.20
88297,-0.01,-0.20
88320,-0.01,-0.20
88341,-0.01,-0.20
88364,-0.01,-0.20
88386,-0.01,-0.20
88408,-0.01,-0.20
88430,-0.00,-0.20
88453,-0.01,-0.20
88474,-0.01,-0.20
88497,-0.01,-0.07
88519,-0.01,-0.20
88541,-0.01,-0.20
88563,-0.01,-0.20
88586,-0.01,-0.20
88607,-0.01,-0.20
88643,-0.01,-0.20
88666,-0.01,-0.20
88688,-0.01,-0.20
88710,-0.01,-0.20
88732,-0.01,-0.20
88755,-0.01,-0.20
88776,-0.01,-0.20
88799,-0.00,-0.07
88820,-0.01,-0.20
88843,-0.01,-0.20
88865,-0.01,-0.20
88887,-0.01,-0.20
88909,-0.01,-0.20
88932,-0.01,-0.20
88953,-0.01,-0.20
88976,-0.01,-0.20
88998,-0.01,-0.20
89020,-0.01,-0.20
89042,-0.01,-0.20
89065,-0.00,-0.20
89086,-0.01,-0.20
89109,-0.01,-0.20
89131,-0.01,-0.20
89153,-0.01,-0.20
89176,-0.00,-0.07
89197,-0.01,-0.20
89220,-0.01,-0.20
89245,-0.01,-0.07
89268,-0.01,-0.20
89289,-0.01,-0.20
89312,-0.01,-0.20
89333,-0.01,-0.20
89356,-0.01,-0.20
89378,-0.01,-0.20
89400,-0.01,-0.07
89422,-0.01,-0.20
89445,-0.00,-0.20
89466,-0.01,-0.20
89489,-0.01,-0.20
89511,-0.00,-0.07
89533,-0.00,-0.20
89555,-0.01,-0.20
89577,-0.01,-0.20
89600,-0.01,-0.20
89622,-0.00,-0.20
89644,-0.01,-0.20
89666,-0.01,-0.20
89689,-0.01,-0.20
89710,-0.01,-0.20
89733,-0.00,-0.20
89754,-0.01,-0.20
89777,-0.01,-0.20
89799,-0.01,-0.20
89821,-0.00,-0.20
89846,-0.00,-0.07
89878,-0.01,-0.20
89911,-0.01,-0.33
89933,-0.01,-0.20
89956,-0.00,-0.20
89977,-0.00,-0.20
90000,-0.01,-0.20
90022,-0.01,-0.20
90044,-0.00,-0.20
90066,-0.01,-0.20
90089,-0.01,-0.20
90110,-0.01,-0.20
90133,-0.01,-0.20
90155,-0.01,-0.20
90177,-0.01,-0.20
90200,-0.01,-0.20
90221,-0.01,-0.20
90244,-0.01,-0.20
90266,-0.01,-0.20
90288,-0.01,-0.20
90310,-0.00,-0.07
90332,-0.01,-0.20
90354,-0.01,-0.20
90377,-0.01,-0.20
90398,-0.01,-0.20
90421,-0.01,-0.20
90443,-0.01,-0.20
90469,-0.01,-0.20
90490,-0.01,-0.07
90513,-0.01,-0.20
90535,-0.01,-0.07
90557,-0.01,-0.20
90579,-0.01,-0.20
90601,-0.01,-0.20
90624,-0.01,-0.20
90646,-0.00,-0.07
90668,-0.01,-0.20
90690,-0.01,-0.20
90713,-0.01,-0.20
90734,-0.01,-0.20
90757,-0.00,-0.07
90779,-0.01,-0.20
90801,-0.01,-0.20
90823,-0.01,-0.20
90846,-0.01,-0.20
90867,-0.01,-0.07
90890,-0.01,-0.20
90911,-0.01,-0.20
90934,-0.01,-0.20
90956,-0.01,-0.20
90978,-0.01,-0.20
91000,-0.01,-0.20
91023,-0.01,-0.07
91044,-0.01,-0.20
91070,-0.01,-0.20
91092,-0.00,-0.07
91115,-0.01,-0.20
91137,-0.01,-0.20
91159,-0.01,-0.20
91181,-0.01,-0.20
91203,-0.00,-0.20
91226,-0.01,-0.20
91247,-0.01,-0.07
91270,-0.01,-0.20
91292,-0.01,-0.07
91314,-0.01,-0.20
91336,-0.01,-0.20
91358,-0.01,-0.20
91380,-0.01,-0.20
91403,-0.01,-0.20
91424,-0.01,-0.20
91447,-0.01,-0.20
91469,-0.00,-0.20
91491,-0.01,-0.20
91513,-0.01,-0.20
91536,-0.01,-0.20
91557,-0.01,-0.20
91580,-0.00,-0.07
91602,-0.01,-0.20
91624,-0.01,-0.20
91646,-0.00,-0.20
91672,-0.01,-0.20
91694,-0.01,-0.20
91716,-0.01,-0.20
91739,-0.01,-0.20
91766,-0.01,-0.20
91800,-0.01,-0.20
91822,-0.01,-0.20
91844,-0.01,-0.20
91867,-0.01,-0.20
91889,-0.01,-0.20
91911,-0.01,-0.33
91933,-0.01,-0.20
91956,-0.01,-0.20
91978,-0.01,-0.20
92000,-0.01,-0.07
92022,-0.00,-0.07
92045,-0.01,-0.20
92067,-0.01,-0.20
92089,-0.01,-0.20
92111,-0.01,-0.20
92134,-0.00,-0.20
92156,-0.01,-0.20
92178,-0.01,-0.07
92200,-0.00,-0.20
92223,-0.01,-0.20
92246,-0.01,-0.20
92268,-0.01,-0.20
92294,-0.01,-0.07
92315,-0.01,-0.20
92338,-0.00,-0.20
92360,-0.01,-0.20
92383,-0.00,-0.20
92404,-0.01,-0.20
92427,-0.01,-0.20
92449,-0.01,-0.20
92472,-0.01,-0.20
92494,-0.00,-0.20
92516,-0.00,-0.20
92538,-0.00,-0.20
92561,-0.01,-0.20
92583,-0.01,-0.20
92605,-0.01,-0.20
92627,-0.01,-0.20
92650,-0.01,-0.20
92673,-0.01,-0.20
92694,-0.01,-0.20
92717,-0.01,-0.20
92739,-0.01,-0.20
92762,-0.01,-0.20
92784,-0.01,-0.07
92806,-0.01,-0.20
92828,-0.01,-0.20
92851,-0.01,-0.20
92873,-0.01,-0.20
92899,-0.01,-0.20
92921,-0.01,-0.20
92943,-0.01,-0.20
92965,-0.00,-0.20
92988,-0.01,-0.20
93010,-0.01,-0.20
93032,-0.01,-0.20
93054,-0.00,-0.20
93077,-0.01,-0.20
93100,-0.01,-0.20
93121,-0.01,-0.20
93144,-0.01,-0.20
93166,-0.01,-0.20
93189,-0.01,-0.20
93210,-0.01,-0.07
93233,-0.01,-0.20
93255,-0.01,-0.20
93278,-0.01,-0.20
93299,-0.01,-0.20
93322,-0.01,-0.20
93344,-0.01,-0.20
93367,-0.01,-0.20
93388,-0.01,-0.20
93411,-0.00,-0.20
93433,-0.01,-0.20
93456,-0.01,-0.20
93477,-0.00,-0.20
93514,-0.01,-0.20
93537,-0.01,-0.20
93558,-0.01,-0.20
93581,-0.01,-0.20
93603,-0.01,-0.20
93626,-0.01,-0.20
93647,-0.00,-0.20
93686,-0.01,-0.20
93709,-0.01,-0.20
93731,-0.01,-0.20
93753,-0.01,-0.20
93775,-0.01,-0.20
93798,-0.01,-0.07
93819,-0.01,-0.20
93842,-0.01,-0.20
93864,-0.01,-0.20
93886,-0.00,-0.07
93908,-0.01,-0.20
93931,-0.01,-0.20
93953,-0.01,-0.20
93975,-0.01,-0.20
93998,-0.01,-0.20
94019,-0.01,-0.20
94042,-0.01,-0.07
94063,-0.01,-0.20
94086,-0.00,-0.20
94108,-0.00,-0.07
94134,-0.01,-0.20
94155,-0.01,-0.20
94178,-0.01,-0.07
94200,-0.01,-0.20
94222,-0.01,-0.20
94244,-0.01,-0.20
94267,-0.01,-0.20
94288,-0.01,-0.20
94311,-0.01,-0.20
94333,-0.00,-0.07
94355,-0.01,-0.20
94377,-0.01,-0.07
94399,-0.00,-0.20
94422,-0.01,-0.20
94444,-0.01,-0.20
94466,-0.01,-0.20
94488,-0.00,-0.07
94511,-0.01,-0.20
94532,-0.01,-0.20
94555,-0.01,-0.20
94577,-0.01,-0.20
94599,-0.00,-0.20
94621,-0.01,-0.20
94644,-0.01,-0.20
94665,-0.01,-0.20
94688,-0.00,-0.20
94710,-0.00,-0.20
94736,-0.01,-0.20
94757,-0.01,-0.07
94780,-0.01,-0.20
94801,-0.01,-0.20
94824,-0.01,-0.20
94846,-0.01,-0.20
94868,-0.01,-0.20
94891,-0.01,-0.20
94913,-0.01,-0.20
94935,-0.00,-0.20
94957,-0.01,-0.20
94980,-0.01,-0.20
95001,-0.01,-0.07
95024,-0.01,-0.07
95046,-0.00,-0.20
95068,-0.01,-0.20
95090,-0.01,-0.07
95113,-0.01,-0.20
95134,-0.01,-0.20
95157,-0.00,-0.07
95179,-0.00,-0.20
95201,-0.00,-0.07
95223,-0.01,-0.20
95245,-0.01,-0.20
95267,-0.01,-0.20
95290,-0.01,-0.20
95311,-0.01,-0.07
95337,-0.01,-0.20
95360,-0.01,-0.20
95382,-0.01,-0.07
95404,-0.01,-0.20
95426,-0.01,-0.07
95449,-0.01,-0.20
95470,-0.01,-0.20
95493,-0.00,-0.20
95515,-0.01,-0.20
95537,-0.01,-0.20
95575,-0.01,-0.20
95597,-0.01,-0.20
95620,-0.01,-0.20
95641,-0.01,-0.20
95664,-0.01,-0.20
95686,-0.01,-0.20
95708,-0.01,-0.20
95730,-0.00,-0.07
95753,-0.01,-0.20
95774,-0.01,-0.07
95797,-0.01,-0.20
95818,-0.01,-0.20
95841,-0.01,-0.07
95863,-0.01,-0.20
95885,-0.01,-0.20
95907,-0.01,-0.20
95930,-0.01,-0.20
95955,-0.01,-0.07
95977,-0.01,-0.20
96000,-0.01,-0.07
96022,-0.01,-0.20
96044,-0.01,-0.20
96066,-0.01,-0.20
96089,-0.01,-0.20
96110,-0.00,-0.20
96133,-0.00,-0.20
96155,-0.01,-0.20
96177,-0.01,-0.20
96199,-0.01,-0.20
96221,-0.01,-0.20
96243,-0.01,-0.20
96266,-0.01,-0.20
96287,-0.01,-0.20
96310,-0.01,-0.20
96332,-0.00,-0.07
96354,-0.01,-0.20
96376,-0.01,-0.07
96399,-0.01,-0.20
96420,-0.01,-0.20
96443,-0.01,-0.20
96464,-0.01,-0.20
96487,-0.01,-0.07
96509,-0.01,-0.20
96531,-0.01,-0.20
96557,-0.01,-0.20
96579,-0.01,-0.20
96602,-0.01,-0.20
96623,-0.01,-0.20
96646,-0.01,-0.07
96668,-0.01,-0.20
96690,-0.01,-0.20
96712,-0.01,-0.20
96735,-0.01,-0.20
96756,-0.01,-0.20
96779,-0.01,-0.07
96801,-0.01,-0.20
96823,-0.00,-0.20
96845,-0.01,-0.20
96868,-0.01,-0.20
96889,-0.01,-0.07
96912,-0.01,-0.20
96933,-0.00,-0.07
96956,-0.01,-0.20
96978,-0.01,-0.20
97000,-0.01,-0.20
97022,-0.01,-0.20
97045,-0.00,-0.07
97067,-0.01,-0.20
97089,-0.01,-0.20
97112,-0.00,-0.20
97133,-0.00,-0.20
97159,-0.01,-0.20
97181,-0.01,-0.20
97204,-0.01,-0.20
97225,-0.01,-0.20
97248,-0.01,-0.20
97270,-0.01,-0.20
97292,-0.01,-0.20
97314,-0.01,-0.20
97336,-0.00,-0.20
97358,-0.00,-0.20
97381,-0.01,-0.07
97402,-0.01,-0.20
97425,-0.01,-0.20
97468,-0.01,-0.33
97490,-0.01,-0.33
97513,-0.01,-0.33
97534,-0.01,-0.20
97557,-0.01,-0.20
97580,-0.01,-0.20
97601,-0.01,-0.20
97624,-0.01,-0.20
97646,-0.01,-0.20
97668,-0.01,-0.20
97690,-0.01,-0.20
97712,-0.00,-0.20
97734,-0.01,-0.20
97757,-0.01,-0.20
97782,-0.01,-0.07
97805,-0.01,-0.20
97827,-0.01,-0.20
97849,-0.01,-0.20
97871,-0.01,-0.20
97894,-0.01,-0.20
97915,-0.01,-0.20
97938,-0.01,-0.07
97960,-0.01,-0.20
97982,-0.01,-0.20
98004,-0.01,-0.20
98027,-0.01,-0.20
98049,-0.01,-0.20
98071,-0.01,-0.20
98094,-0.01,-0.20
98115,-0.01,-0.20
98138,-0.01,-0.20
98160,-0.01,-0.07
98183,-0.01,-0.20
98204,-0.01,-0.20
98227,-0.00,-0.20
98249,-0.01,-0.20
98271,-0.01,-0.20
98293,-0.00,-0.20
98316,-0.01,-0.20
98337,-0.01,-0.07
98373,-0.01,-0.20
98396,-0.01,-0.20
98418,-0.01,-0.20
98440,-0.01,-0.20
98462,-0.01,-0.20
98485,-0.01,-0.20
98506,-0.01,-0.20
98529,-0.01,-0.07
98551,-0.01,-0.20
98573,-0.01,-0.20
98595,-0.01,-0.20
98618,-0.01,-0.20
98639,-0.00,-0.20
98662,-0.01,-0.20
98684,-0.01,-0.20
98706,-0.01,-0.20
98728,-0.00,-0.20
98751,-0.01,-0.20
98772,-0.01,-0.07
98795,-0.01,-0.20
98818,-0.01,-0.20
98839,-0.01,-0.07
98862,-0.01,-0.20
98884,-0.01,-0.07
98906,-0.01,-0.20
98928,-0.00,-0.20
98951,-0.01,-0.20
98976,-0.01,-0.20
98998,-0.01,-0.20
99020,-0.01,-0.20
99043,-0.01,-0.20
99064,-0.00,-0.07
99087,-0.01,-0.20
99109,-0.01,-0.20
99131,-0.01,-0.07
99153,-0.01,-0.20
99176,-0.01,-0.20
99197,-0.01,-0.20
99220,-0.00,-0.07
99243,-0.01,-0.20
99264,-0.01,-0.20
99287,-0.01,-0.20
99309,-0.01,-0.20
99331,-0.00,-0.07
99362,-0.01,-0.20
99396,-0.01,-0.20
99418,-0.01,-0.20
99440,-0.01,-0.20
99463,-0.01,-0.20
99484,-0.01,-0.20
99507,-0.01,-0.20
99529,-0.01,-0.20
99551,-0.01,-0.20
99573,-0.01,-0.20
99599,-0.01,-0.20
99621,-0.00,-0.20
99643,-0.01,-0.20
99665,-0.01,-0.20
99688,-0.01,-0.20
99709,-0.01,-0.20
99732,-0.00,-0.07
99755,-0.01,-0.20
99776,-0.01,-0.20
99799,-0.01,-0.20
99821,-0.01,-0.20
99843,-0.01,-0.07
99865,-0.01,-0.20
99888,-0.00,-0.20
99909,-0.00,-0.20
99932,-0.01,-0.20
99954,-0.01,-0.07
99976,-0.01,-0.20
99998,-0.01,-0.20
100021,-0.01,-0.20
100042,-0.01,-0.07
100065,-0.01,-0.20
100087,-0.01,-0.20
100109,-0.01,-0.20
100131,-0.01,-0.20
100154,-0.00,-0.20
100175,-0.01,-0.20
100201,-0.01,-0.20
100224,-0.01,-0.20
100246,-0.01,-0.20
100269,-0.01,-0.20
100290,-0.01,-0.20
100313,-0.01,-0.20
100335,-0.00,-0.20
100357,-0.01,-0.20
100379,-0.01,-0.20
100402,-0.01,-0.20
100423,-0.01,-0.20
100446,-0.01,-0.20
100468,-0.01,-0.20
100491,-0.01,-0.07
100512,-0.01,-0.20
100535,-0.01,-0.07
100557,-0.01,-0.20
100579,-0.01,-0.20
100601,-0.01,-0.20
100624,-0.01,-0.20
100645,-0.01,-0.20
100668,-0.01,-0.20
100690,-0.00,-0.07
100712,-0.01,-0.20
100734,-0.01,-0.20
100757,-0.01,-0.20
100776,-0.00,-0.20
100799,-0.01,-0.20
100822,-0.00,-0.07
100843,-0.01,-0.20
100866,-0.01,-0.20
100888,-0.00,-0.20
100910,-0.01,-0.20
100932,-0.00,-0.20
100955,-0.00,-0.20
100977,-0.01,-0.07
100999,-0.01,-0.20
101021,-0.01,-0.20
101044,-0.01,-0.20
101065,-0.01,-0.20
101088,-0.01,-0.20
101110,-0.01,-0.20
101132,-0.01,-0.20
101154,-0.01,-0.20
101177,-0.01,-0.20
101199,-0.01,-0.20
101221,-0.01,-0.20
101243,-0.00,-0.20
101282,-0.01,-0.33
101305,-0.01,-0.20
101327,-0.01,-0.20
101353,-0.01,-0.20
101376,-0.01,-0.20
101397,-0.01,-0.20
101420,-0.00,-0.20
101442,-0.01,-0.20
101465,-0.01,-0.20
101487,-0.01,-0.20
101510,-0.01,-0.20
101531,-0.01,-0.20
101554,-0.01,-0.20
101576,-0.01,-0.20
101599,-0.01,-0.20
101621,-0.00,-0.20
101643,-0.00,-0.20
101665,-0.01,-0.20
101688,-0.01,-0.20
101710,-0.01,-0.07
101733,-0.01,-0.20
101755,-0.01,-0.20
101777,-0.01,-0.20
101799,-0.01,-0.20
101822,-0.01,-0.20
101844,-0.01,-0.20
101867,-0.01,-0.20
101889,-0.01,-0.20
101911,-0.00,-0.20
101938,-0.00,-0.20
101959,-0.00,-0.20
101982,-0.00,-0.20
102004,-0.01,-0.20
102027,-0.00,-0.07
102049,-0.01,-0.20
102071,-0.01,-0.20
102093,-0.01,-0.20
102116,-0.00,-0.20
102138,-0.01,-0.20
102161,-0.01,-0.20
102183,-0.01,-0.20
102205,-0.01,-0.20
102227,-0.01,-0.20
102250,-0.01,-0.20
102273,-0.01,-0.20
102295,-0.01,-0.20
102318,-0.01,-0.20
102339,-0.01,-0.20
102362,-0.01,-0.20
102384,-0.01,-0.20
102407,-0.00,-0.20
102429,-0.01,-0.20
102452,-0.01,-0.20
102473,-0.01,-0.20
102500,-0.01,-0.20
102521,-0.01,-0.07
102544,-0.01,-0.20
102566,-0.01,-0.20
102589,-0.01,-0.20
102611,-0.01,-0.20
102634,-0.01,-0.20
102656,-0.01,-0.20
102678,-0.01,-0.20
102701,-0.01,-0.20
102723,-0.01,-0.07
102746,-0.01,-0.20
102767,-0.01,-0.20
102790,-0.01,-0.20
102812,-0.01,-0.20
102835,-0.01,-0.20
102857,-0.01,-0.20
102880,-0.01,-0.20
102901,-0.01,-0.20
102924,-0.01,-0.20
102946,-0.01,-0.20
102969,-0.01,-0.20
102991,-0.01,-0.20
103013,-0.01,-0.20
103035,-0.01,-0.07
103058,-0.01,-0.20
103094,-0.01,-0.20
103116,-0.01,-0.20
103139,-0.01,-0.20
103178,-0.01,-0.20
103200,-0.01,-0.20
103223,-0.01,-0.20
103244,-0.01,-0.20
103267,-0.01,-0.20
103289,-0.01,-0.20
103312,-0.01,-0.20
103333,-0.01,-0.20
103356,-0.01,-0.20
103378,-0.01,-0.07
103400,-0.01,-0.07
103422,-0.01,-0.20
103445,-0.01,-0.20
103467,-0.01,-0.07
103489,-0.01,-0.20
103512,-0.01,-0.20
103534,-0.01,-0.20
103556,-0.01,-0.20
103578,-0.01,-0.20
103601,-0.01,-0.20
103622,-0.01,-0.20
103645,-0.01,-0.20
103667,-0.01,-0.20
103687,-0.01,-0.20
103709,-0.01,-0.07
103732,-0.00,-0.20
103754,-0.01,-0.20
103776,-0.01,-0.20
103798,-0.00,-0.20
103821,-0.00,-0.07
103842,-0.01,-0.20
103865,-0.01,-0.07
103887,-0.01,-0.20
103909,-0.01,-0.20
103931,-0.01,-0.20
103954,-0.01,-0.20
103976,-0.01,-0.20
103998,-0.01,-0.20
104020,-0.01,-0.07
104043,-0.01,-0.20
104066,-0.01,-0.20
104087,-0.01,-0.20
104110,-0.01,-0.20
104132,-0.00,-0.20
104154,-0.01,-0.20
104176,-0.01,-0.07
104199,-0.01,-0.20
104220,-0.01,-0.20
104247,-0.01,-0.20
104268,-0.01,-0.20
104291,-0.01,-0.20
104313,-0.01,-0.20
104335,-0.00,-0.20
104357,-0.00,-0.07
104380,-0.01,-0.20
104401,-0.01,-0.20
104424,-0.01,-0.07
104446,-0.01,-0.20
104469,-0.01,-0.20
104491,-0.01,-0.20
104513,-0.01,-0.07
104536,-0.01,-0.20
104557,-0.01,-0.20
104580,-0.01,-0.20
104602,-0.01,-0.20
104625,-0.01,-0.20
104646,-0.01,-0.20
104669,-0.00,-0.20
104691,-0.01,-0.20
104713,-0.01,-0.20
104735,-0.01,-0.20
104758,-0.01,-0.20
104780,-0.01,-0.20
104802,-0.01,-0.07
104827,-0.01,-0.20
104850,-0.01,-0.20
104872,-0.01,-0.20
104894,-0.00,-0.20
104916,-0.01,-0.20
104939,-0.01,-0.20
104962,-0.01,-0.20
104983,-0.00,-0.07
105006,-0.01,-0.20
105028,-0.01,-0.20
105056,-0.01,-0.20
105090,-0.01,-0.33
105111,-0.01,-0.20
105134,-0.01,-0.20
105156,-0.01,-0.20
105179,-0.01,-0.07
105200,-0.01,-0.20
105223,-0.01,-0.20
105245,-0.01,-0.20
105267,-0.01,-0.20
105289,-0.01,-0.20
105312,-0.00,-0.07
105333,-0.01,-0.20
105356,-0.01,-0.07
105378,-0.01,-0.20
105404,-0.00,-0.20
105426,-0.01,-0.20
105448,-0.01,-0.20
105470,-0.01,-0.20
105493,-0.01,-0.20
105515,-0.00,-0.20
105537,-0.01,-0.07
105560,-0.01,-0.20
105582,-0.00,-0.07
105604,-0.01,-0.20
105626,-0.01,-0.20
105649,-0.01,-0.20
105670,-0.00,-0.20
105693,-0.01,-0.20
105715,-0.01,-0.20
105738,-0.00,-0.20
105759,-0.01,-0.20
105782,-0.00,-0.20
105804,-0.01,-0.07
105826,-0.01,-0.20
105848,-0.01,-0.07
105871,-0.01,-0.20
105893,-0.01,-0.20
105915,-0.01,-0.20
105937,-0.00,-0.20
105960,-0.01,-0.20
105986,-0.01,-0.20
106007,-0.00,-0.20
106030,-0.01,-0.20
106052,-0.01,-0.20
106075,-0.01,-0.20
106096,-0.01,-0.20
106119,-0.01,-0.20
106141,-0.01,-0.20
106163,-0.01,-0.20
106185,-0.01,-0.20
106208,-0.01,-0.20
106230,-0.01,-0.20
106252,-0.01,-0.20
106274,-0.01,-0.07
106297,-0.01,-0.20
106318,-0.00,-0.20
106341,-0.01,-0.20
106363,-0.00,-0.20
106386,-0.01,-0.07
106407,-0.01,-0.20
106430,-0.00,-0.20
106452,-0.01,-0.20
106474,-0.00,-0.07
106497,-0.01,-0.20
106519,-0.01,-0.20
106542,-0.01,-0.20
106561,-0.00,-0.20
106584,-0.01,-0.20
106605,-0.01,-0.07
106628,-0.01,-0.20
106650,-0.01,-0.07
106673,-0.01,-0.20
106694,-0.01,-0.20
106717,-0.01,-0.20
106739,-0.01,-0.20
106761,-0.01,-0.07
106783,-0.01,-0.20
106806,-0.01,-0.20
106828,-0.01,-0.20
106850,-0.00,-0.20
106872,-0.00,-0.07
106895,-0.01,-0.20
106916,-0.01,-0.07
106939,-0.01,-0.20
106980,-0.01,-0.33
107002,-0.01,-0.20
107025,-0.01,-0.20
107047,-0.01,-0.20
107069,-0.01,-0.20
107091,-0.01,-0.20
107114,-0.01,-0.20
107146,-0.01,-0.20
107168,-0.01,-0.20
107191,-0.01,-0.20
107213,-0.01,-0.20
107235,-0.01,-0.20
107257,-0.00,-0.07
107280,-0.01,-0.20
107301,-0.01,-0.20
107324,-0.01,-0.20
107346,-0.01,-0.20
107369,-0.01,-0.07
107390,-0.01,-0.20
107413,-0.01,-0.07
107436,-0.00,-0.20
107458,-0.01,-0.20
107480,-0.01,-0.20
107502,-0.01,-0.20
107525,-0.01,-0.20
107547,-0.01,-0.20
107569,-0.00,-0.20
107591,-0.01,-0.20
107614,-0.01,-0.07
107636,-0.01,-0.20
107658,-0.01,-0.20
107680,-0.01,-0.07
107703,-0.01,-0.20
107739,-0.01,-0.20
107761,-0.01,-0.20
107783,-0.01,-0.07
107805,-0.01,-0.20
107828,-0.01,-0.07
107850,-0.01,-0.20
107872,-0.01,-0.07
107894,-0.01,-0.20
107917,-0.01,-0.07
107939,-0.01,-0.20
107961,-0.01,-0.20
107983,-0.01,-0.20
108006,-0.01,-0.20
108028,-0.01,-0.20
108050,-0.01,-0.20
108072,-0.01,-0.07
108095,-0.01,-0.20
108118,-0.00,-0.20
108139,-0.01,-0.20
108162,-0.01,-0.20
108184,-0.01,-0.20
108206,-0.01,-0.20
108228,-0.00,-0.20
108251,-0.01,-0.20
108273,-0.01,-0.07
108299,-0.01,-0.20
108320,-0.01,-0.20
108343,-0.00,-0.20
108365,-0.01,-0.20
108388,-0.01,-0.07
108409,-0.01,-0.20
108432,-0.01,-0.20
108454,-0.01,-0.07
108476,-0.01,-0.20
108498,-0.01,-0.20
108521,-0.01,-0.20
108544,-0.01,-0.20
108565,-0.01,-0.20
108588,-0.01,-0.20
108610,-0.01,-0.20
108633,-0.01,-0.20
108654,-0.01,-0.07
108677,-0.01,-0.20
108699,-0.00,-0.20
108721,-0.01,-0.20
108743,-0.01,-0.20
108766,-0.01,-0.20
108788,-0.01,-0.20
108810,-0.01,-0.07
108832,-0.01,-0.20
108855,-0.01,-0.07
108901,-0.01,-0.33
108923,-0.01,-0.20
108945,-0.01,-0.20
108967,-0.01,-0.20
108990,-0.01,-0.20
109011,-0.01,-0.20
109034,-0.01,-0.20
109057,-0.01,-0.20
109079,-0.01,-0.20
109101,-0.00,-0.20
109123,-0.01,-0.20
109146,-0.01,-0.20
109167,-0.01,-0.20
109190,-0.01,-0.20
109212,-0.00,-0.20
109235,-0.01,-0.20
109256,-0.00,-0.07
109279,-0.01,-0.20
109301,-0.01,-0.20
109324,-0.01,-0.20
109345,-0.01,-0.20
109368,-0.01,-0.07
109390,-0.01,-0.20
109412,-0.01,-0.07
109434,-0.01,-0.20
109457,-0.01,-0.07
109476,-0.01,-0.20
109499,-0.01,-0.20
109521,-0.01,-0.20
109543,-0.01,-0.07
109565,-0.01,-0.20
109588,-0.00,-0.20
109611,-0.01,-0.20
109632,-0.01,-0.20
109655,-0.01,-0.20
109677,-0.01,-0.20
109700,-0.00,-0.20
109721,-0.00,-0.20
109744,-0.00,-0.20
109766,-0.01,-0.20
109788,-0.01,-0.20
109810,-0.01,-0.20
109833,-0.01,-0.07
109855,-0.01,-0.07
109877,-0.01,-0.20
109899,-0.00,-0.20
109922,-0.01,-0.20
109943,-0.01,-0.20
109966,-0.00,-0.20
109988,-0.01,-0.20
110011,-0.01,-0.20
110036,-0.01,-0.20
110058,-0.00,-0.20
110081,-0.01,-0.20
110103,-0.01,-0.20
110126,-0.01,-0.07
110147,-0.00,-0.20
110170,-0.01,-0.20
110192,-0.01,-0.20
110215,-0.01,-0.20
110236,-0.01,-0.20
110259,-0.01,-0.20
110281,-0.01,-0.20
110303,-0.01,-0.20
110325,-0.00,-0.20
110348,-0.01,-0.20
110370,-0.01,-0.20
110392,-0.01,-0.20
110414,-0.01,-0.20
110437,-0.00,-0.20
110459,-0.01,-0.20
110481,-0.00,-0.07
110503,-0.01,-0.20
110526,-0.01,-0.20
110548,-0.01,-0.20
110570,-0.01,-0.07
110593,-0.00,-0.20
110618,-0.01,-0.20
110641,-0.01,-0.20
110662,-0.01,-0.20
110685,-0.01,-0.20
110707,-0.01,-0.07
110730,-0.01,-0.20
110751,-0.01,-0.07
110790,-0.01,-0.33
110813,-0.01,-0.20
110835,-0.01,-0.20
110858,-0.01,-0.20
110880,-0.01,-0.20
110902,-0.00,-0.20
110924,-0.00,-0.20
110947,-0.01,-0.20
110969,-0.01,-0.20
110992,-0.01,-0.20
111014,-0.01,-0.20
111036,-0.01,-0.20
111058,-0.00,-0.07
111081,-0.01,-0.20
111104,-0.01,-0.20
111126,-0.01,-0.20
111149,-0.01,-0.20
111171,-0.01,-0.20
111197,-0.01,-0.07
111219,-0.00,-0.07
111242,-0.01,-0.20
111263,-0.01,-0.20
111286,-0.01,-0.20
111308,-0.00,-0.07
111331,-0.01,-0.20
111353,-0.01,-0.20
111376,-0.01,-0.20
111397,-0.01,-0.20
111420,-0.01,-0.20
111442,-0.01,-0.20
111465,-0.00,-0.20
111488,-0.01,-0.20
111510,-0.01,-0.20
111533,-0.00,-0.20
111554,-0.01,-0.20
111577,-0.01,-0.07
111599,-0.01,-0.20
111622,-0.01,-0.20
111644,-0.01,-0.20
111667,-0.01,-0.20
111689,-0.01,-0.20
111711,-0.01,-0.20
111733,-0.01,-0.20
111756,-0.01,-0.07
111781,-0.01,-0.20
111804,-0.01,-0.20
111826,-0.01,-0.20
111849,-0.01,-0.20
111872,-0.01,-0.20
111894,-0.01,-0.20
111916,-0.01,-0.20
111938,-0.01,-0.20
111961,-0.01,-0.20
111983,-0.00,-0.20
112006,-0.00,-0.20
112028,-0.01,-0.20
112051,-0.01,-0.07
112072,-0.01,-0.20
112095,-0.01,-0.20
112117,-0.01,-0.20
112140,-0.00,-0.20
112162,-0.01,-0.20
112185,-0.01,-0.20
112207,-0.01,-0.20
112229,-0.01,-0.20
112251,-0.01,-0.20
112274,-0.01,-0.20
112296,-0.00,-0.07
112319,-0.01,-0.20
112342,-0.01,-0.07
112369,-0.01,-0.20
112392,-0.01,-0.20
112414,-0.01,-0.20
112437,-0.01,-0.20
112459,-0.01,-0.20
112481,-0.01,-0.20
112503,-0.01,-0.20
112526,-0.01,-0.20
112548,-0.01,-0.20
112571,-0.01,-0.20
112593,-0.01,-0.20
112616,-0.00,-0.07
112637,-0.01,-0.20
112660,-0.01,-0.20
112697,-0.01,-0.33
112719,-0.01,-0.20
112742,-0.01,-0.20
112764,-0.01,-0.20
112786,-0.01,-0.07
112808,-0.01,-0.07
112831,-0.01,-0.20
112854,-0.01,-0.07
112875,-0.01,-0.20
112898,-0.01,-0.20
112920,-0.01,-0.20
112946,-0.01,-0.20
112968,-0.01,-0.20
112990,-0.01,-0.20
113012,-0.01,-0.07
113035,-0.01,-0.20
113056,-0.01,-0.20
113079,-0.01,-0.07
113101,-0.01,-0.20
113124,-0.00,-0.07
113145,-0.01,-0.20
113168,-0.00,-0.20
113190,-0.01,-0.07
113213,-0.01,-0.20
113234,-0.01,-0.20
113257,-0.01,-0.20
113280,-0.01,-0.07
113302,-0.01,-0.20
113324,-0.01,-0.20
113346,-0.01,-0.20
113369,-0.01,-0.20
113390,-0.01,-0.20
113413,-0.01,-0.20
113435,-0.00,-0.20
113458,-0.01,-0.20
113479,-0.00,-0.07
113502,-0.01,-0.07
113527,-0.01,-0.20
113550,-0.01,-0.07
113572,-0.00,-0.20
113594,-0.01,-0.20
113616,-0.01,-0.20
113639,-0.01,-0.20
113661,-0.01,-0.20
113683,-0.00,-0.20
113705,-0.00,-0.07
113728,-0.01,-0.20
113751,-0.01,-0.20
113772,-0.01,-0.20
113795,-0.01,-0.20
113817,-0.01,-0.20
113839,-0.01,-0.20
113861,-0.00,-0.20
113884,-0.01,-0.20
113906,-0.01,-0.07
113928,-0.01,-0.20
113950,-0.01,-0.20
113973,-0.00,-0.20
113995,-0.01,-0.20
114017,-0.01,-0.20
114039,-0.01,-0.20
114062,-0.01,-0.07
114087,-0.01,-0.20
114110,-0.01,-0.20
114131,-0.00,-0.20
114154,-0.01,-0.20
114177,-0.01,-0.20
114199,-0.01,-0.20
114221,-0.01,-0.20
114243,-0.01,-0.20
114266,-0.01,-0.20
114287,-0.01,-0.20
114310,-0.01,-0.20
114332,-0.00,-0.20
114355,-0.01,-0.20
114376,-0.01,-0.07
114399,-0.01,-0.20
114421,-0.01,-0.20
114444,-0.01,-0.20
114465,-0.01,-0.20
114488,-0.01,-0.07
114510,-0.01,-0.20
114533,-0.01,-0.07
114554,-0.01,-0.20
114595,-0.01,-0.20
114618,-0.01,-0.33
114640,-0.01,-0.20
114662,-0.01,-0.20
114688,-0.01,-0.20
114710,-0.01,-0.20
114733,-0.01,-0.20
114755,-0.01,-0.20
114777,-0.01,-0.20
114799,-0.00,-0.20
114822,-0.01,-0.20
114843,-0.01,-0.20
114866,-0.01,-0.20
114888,-0.01,-0.20
114911,-0.01,-0.20
114932,-0.01,-0.20
114955,-0.01,-0.07
114977,-0.01,-0.20
115000,-0.00,-0.20
115021,-0.01,-0.20
115044,-0.01,-0.20
115066,-0.01,-0.20
115089,-0.01,-0.20
115110,-0.00,-0.07
115133,-0.01,-0.20
115155,-0.01,-0.20
115178,-0.01,-0.20
115200,-0.01,-0.20
115222,-0.01,-0.20
115245,-0.00,-0.20
115264,-0.01,-0.20
115287,-0.00,-0.20
115309,-0.01,-0.20
115331,-0.01,-0.07
115353,-0.01,-0.20
115376,-0.01,-0.20
115398,-0.00,-0.20
115420,-0.01,-0.20
115442,-0.01,-0.07
115465,-0.01,-0.20
115486,-0.01,-0.07
115509,-0.01,-0.07
115531,-0.00,-0.20
115554,-0.01,-0.20
115575,-0.00,-0.20
115598,-0.00,-0.20
115620,-0.01,-0.20
115643,-0.01,-0.20
115664,-0.01,-0.20
115687,-0.01,-0.20
115709,-0.01,-0.20
115732,-0.01,-0.20
115753,-0.00,-0.07
115776,-0.01,-0.20
115799,-0.00,-0.20
115824,-0.01,-0.20
115847,-0.01,-0.20
115868,-0.00,-0.20
115891,-0.01,-0.20
115913,-0.00,-0.07
115936,-0.01,-0.20
115957,-0.00,-0.20
115980,-0.01,-0.07
116002,-0.01,-0.20
116024,-0.01,-0.20
116046,-0.01,-0.20
116069,-0.00,-0.20
116091,-0.01,-0.20
116113,-0.01,-0.20
116135,-0.00,-0.20
116158,-0.01,-0.20
116180,-0.00,-0.07
116202,-0.01,-0.20
116225,-0.01,-0.20
116247,-0.01,-0.20
116270,-0.01,-0.20
116291,-0.01,-0.20
116314,-0.01,-0.20
116336,-0.01,-0.20
116359,-0.01,-0.20
116380,-0.00,-0.07
116413,-0.01,-0.20
116434,-0.01,-0.20
116457,-0.01,-0.20
116486,-0.01,-0.20
116517,-0.01,-0.33
116540,-0.01,-0.20
116562,-0.01,-0.20
116584,-0.01,-0.20
116606,-0.01,-0.20
116629,-0.01,-0.20
116652,-0.01,-0.20
116673,-0.01,-0.20
116696,-0.01,-0.20
116718,-0.01,-0.07
116741,-0.01,-0.20
116762,-0.01,-0.20
116785,-0.01,-0.20
116807,-0.00,-0.20
116830,-0.01,-0.20
116851,-0.00,-0.20
116874,-0.01,-0.20
116896,-0.00,-0.20
116919,-0.01,-0.20
116941,-0.01,-0.20
116963,-0.01,-0.20
117000,-0.01,-0.20
117021,-0.01,-0.20
117044,-0.01,-0.20
117066,-0.01,-0.20
117089,-0.01,-0.20
117110,-0.01,-0.20
117133,-0.01,-0.20
117155,-0.01,-0.20
117178,-0.01,-0.20
117199,-0.00,-0.20
117222,-0.01,-0.20
117244,-0.00,-0.20
117267,-0.01,-0.20
117288,-0.01,-0.20
117311,-0.01,-0.20
117334,-0.01,-0.20
117356,-0.01,-0.20
117378,-0.01,-0.20
117400,-0.01,-0.20
117423,-0.01,-0.20
117445,-0.01,-0.20
117468,-0.01,-0.20
117489,-0.01,-0.20
117512,-0.01,-0.20
117534,-0.01,-0.20
117557,-0.01,-0.07
117582,-0.01,-0.20
117604,-0.01,-0.20
117626,-0.01,-0.20
117649,-0.01,-0.20
117671,-0.01,-0.20
117693,-0.01,-0.20
117715,-0.00,-0.20
117738,-0.01,-0.20
117761,-0.01,-0.07
117782,-0.01,-0.20
117805,-0.01,-0.20
117827,-0.01,-0.20
117850,-0.01,-0.20
117872,-0.00,-0.07
117894,-0.01,-0.20
117916,-0.01,-0.20
117939,-0.01,-0.20
117961,-0.01,-0.20
117983,-0.01,-0.20
118005,-0.01,-0.07
118028,-0.00,-0.07
118050,-0.01,-0.20
118072,-0.01,-0.20
118094,-0.01,-0.20
118117,-0.01,-0.07
118139,-0.00,-0.20
118159,-0.01,-0.20
118181,-0.01,-0.20
118204,-0.01,-0.20
118225,-0.01,-0.20
118248,-0.00,-0.07
118270,-0.01,-0.20
118293,-0.01,-0.20
118315,-0.01,-0.20
118337,-0.01,-0.20
118360,-0.01,-0.07
118387,-0.01,-0.20
118421,-0.01,-0.33
118444,-0.01,-0.20
118466,-0.00,-0.20
118488,-0.01,-0.20
118510,-0.01,-0.20
118533,-0.01,-0.20
118555,-0.01,-0.20
118577,-0.01,-0.20
118599,-0.01,-0.07
118622,-0.00,-0.07
118644,-0.01,-0.20
118666,-0.01,-0.20
118688,-0.01,-0.20
118711,-0.00,-0.20
118736,-0.01,-0.20
118759,-0.01,-0.20
118780,-0.00,-0.07
118803,-0.01,-0.20
118825,-0.01,-0.07
118848,-0.01,-0.20
118870,-0.01,-0.20
118892,-0.01,-0.20
118915,-0.01,-0.20
118937,-0.01,-0.20
118959,-0.01,-0.20
118981,-0.01,-0.07
119004,-0.01,-0.20
119026,-0.01,-0.20
119048,-0.01,-0.20
119070,-0.01,-0.20
119093,-0.01,-0.20
119115,-0.01,-0.20
119137,-0.01,-0.07
119159,-0.01,-0.20
119182,-0.01,-0.07
119204,-0.01,-0.20
119226,-0.01,-0.20
119248,-0.01,-0.20
119271,-0.01,-0.20
119293,-0.00,-0.20
119319,-0.01,-0.20
119342,-0.01,-0.20
119363,-0.01,-0.20
119386,-0.01,-0.20
119408,-0.00,-0.07
119431,-0.01,-0.20
119452,-0.00,-0.07
119475,-0.01,-0.20
119497,-0.01,-0.20
119520,-0.01,-0.20
119541,-0.01,-0.20
119564,-0.00,-0.07
119586,-0.01,-0.20
119609,-0.00,-0.20
119630,-0.01,-0.20
119653,-0.01,-0.20
119675,-0.01,-0.20
119698,-0.01,-0.20
119719,-0.01,-0.07
119742,-0.01,-0.20
119764,-0.01,-0.20
119787,-0.01,-0.07
119809,-0.01,-0.20
119831,-0.01,-0.20
119854,-0.01,-0.20
119879,-0.01,-0.20
119902,-0.01,-0.20
119923,-0.00,-0.07
119946,-0.01,-0.20
119968,-0.01,-0.20
119991,-0.01,-0.20
120012,-0.01,-0.20
120035,-0.01,-0.20
120057,-0.01,-0.20
120080,-0.01,-0.20
120101,-0.00,-0.20
120124,-0.00,-0.20
120146,-0.00,-0.20
120169,-0.01,-0.20
120190,-0.01,-0.20
120213,-0.01,-0.20
120236,-0.00,-0.07
120258,-0.01,-0.20
120286,-0.01,-0.20
120320,-0.01,-0.33
120341,-0.01,-0.20
120364,-0.01,-0.20
120386,-0.01,-0.20
120409,-0.01,-0.20
120431,-0.01,-0.20
120454,-0.01,-0.20
120479,-0.01,-0.20
120502,-0.01,-0.20
120524,-0.01,-0.20
120546,-0.00,-0.20
120568,-0.01,-0.20
120591,-0.01,-0.20
120613,-0.01,-0.20
120636,-0.01,-0.20
120658,-0.00,-0.20
120681,-0.01,-0.20
120704,-0.01,-0.20
120725,-0.00,-0.20
120748,-0.01,-0.07
120770,-0.01,-0.07
120793,-0.00,-0.20
120815,-0.01,-0.20
120838,-0.01,-0.20
120860,-0.01,-0.20
120883,-0.01,-0.20
120905,-0.01,-0.20
120927,-0.01,-0.07
120949,-0.01,-0.20
120972,-0.01,-0.20
120994,-0.01,-0.20
121017,-0.01,-0.07
121039,-0.01,-0.20
121059,-0.01,-0.20
121081,-0.01,-0.20
121104,-0.01,-0.20
121126,-0.01,-0.20
121149,-0.01,-0.20
121171,-0.01,-0.20
121194,-0.01,-0.20
121217,-0.01,-0.20
121238,-0.01,-0.20
121261,-0.01,-0.07
121283,-0.01,-0.20
121306,-0.01,-0.20
121328,-0.01,-0.20
121351,-0.01,-0.20
121373,-0.01,-0.20
121396,-0.01,-0.20
121417,-0.01,-0.20
121440,-0.01,-0.07
121462,-0.01,-0.20
121485,-0.01,-0.07
121507,-0.01,-0.20
121530,-0.00,-0.20
121552,-0.01,-0.20
121575,-0.01,-0.20
121596,-0.01,-0.20
121633,-0.01,-0.20
121656,-0.01,-0.20
121678,-0.01,-0.20
121701,-0.01,-0.20
121723,-0.01,-0.20
121745,-0.00,-0.20
121767,-0.01,-0.20
121790,-0.01,-0.20
121812,-0.01,-0.20
121835,-0.01,-0.20
121858,-0.01,-0.07
121880,-0.01,-0.20
121903,-0.00,-0.07
121925,-0.01,-0.20
121948,-0.01,-0.20
121969,-0.01,-0.20
121992,-0.01,-0.20
122014,-0.01,-0.20
122037,-0.01,-0.20
122059,-0.01,-0.20
122082,-0.01,-0.20
122104,-0.01,-0.20
122127,-0.01,-0.20
122149,-0.01,-0.20
122171,-0.01,-0.20
122200,-0.01,-0.20
122234,-0.01,-0.20
122257,-0.01,-0.20
122278,-0.01,-0.20
122301,-0.01,-0.20
122323,-0.01,-0.20
122346,-0.01,-0.20
122368,-0.01,-0.20
122390,-0.01,-0.20
122413,-0.01,-0.20
122435,-0.01,-0.20
122458,-0.01,-0.20
122479,-0.01,-0.20
122502,-0.01,-0.20
122524,-0.01,-0.20
122547,-0.01,-0.20
122568,-0.01,-0.20
122591,-0.01,-0.20
122613,-0.00,-0.20
122636,-0.01,-0.20
122657,-0.01,-0.20
122680,-0.01,-0.20
122702,-0.01,-0.20
122725,-0.01,-0.20
122746,-0.01,-0.20
122769,-0.01,-0.20
122795,-0.01,-0.20
122817,-0.01,-0.20
122840,-0.01,-0.20
122862,-0.01,-0.20
122884,-0.01,-0.20
122906,-0.00,-0.20
122929,-0.00,-0.20
122951,-0.01,-0.20
122973,-0.00,-0.20
122995,-0.01,-0.20
123018,-0.01,-0.07
123040,-0.01,-0.20
123063,-0.01,-0.20
123084,-0.01,-0.20
123107,-0.00,-0.20
123129,-0.01,-0.20
123152,-0.01,-0.20
123173,-0.01,-0.20
123196,-0.01,-0.20
123218,-0.01,-0.20
123241,-0.01,-0.20
123262,-0.01,-0.20
123285,-0.01,-0.20
123308,-0.01,-0.20
123330,-0.01,-0.20
123353,-0.01,-0.20
123378,-0.01,-0.20
123400,-0.01,-0.20
123422,-0.01,-0.20
123445,-0.01,-0.20
123467,-0.01,-0.07
123489,-0.01,-0.20
123511,-0.01,-0.20
123534,-0.01,-0.20
123556,-0.01,-0.20
123579,-0.00,-0.20
123600,-0.01,-0.20
123623,-0.01,-0.20
123645,-0.01,-0.20
123668,-0.00,-0.20
123689,-0.01,-0.20
123712,-0.01,-0.20
123735,-0.01,-0.20
123757,-0.01,-0.20
123779,-0.01,-0.07
123801,-0.01,-0.20
123824,-0.01,-0.20
123846,-0.01,-0.20
123869,-0.01,-0.20
123890,-0.01,-0.20
123913,-0.01,-0.20
123935,-0.01,-0.20
123955,-0.01,-0.20
123977,-0.01,-0.20
124000,-0.00,-0.07
124022,-0.01,-0.20
124044,-0.01,-0.20
124066,-0.01,-0.20
124095,-0.01,-0.20
124133,-0.01,-0.33
124155,-0.01,-0.20
124177,-0.01,-0.20
124199,-0.01,-0.20
124222,-0.01,-0.20
124244,-0.01,-0.20
124266,-0.00,-0.20
124289,-0.01,-0.20
124311,-0.00,-0.07
124334,-0.00,-0.20
124356,-0.01,-0.20
124378,-0.01,-0.20
124400,-0.01,-0.20
124423,-0.01,-0.20
124445,-0.01,-0.20
124467,-0.01,-0.20
124489,-0.01,-0.20
124512,-0.01,-0.07
124537,-0.01,-0.20
124560,-0.01,-0.20
124582,-0.01,-0.20
124604,-0.01,-0.20
124626,-0.01,-0.20
124649,-0.01,-0.20
124672,-0.01,-0.20
124693,-0.01,-0.20
124716,-0.01,-0.20
124738,-0.01,-0.20
124761,-0.01,-0.20
124782,-0.01,-0.20
124805,-0.01,-0.20
124827,-0.00,-0.07
124850,-0.00,-0.20
124872,-0.01,-0.20
124894,-0.01,-0.20
124916,-0.01,-0.20
124939,-0.01,-0.20
124961,-0.01,-0.20
124983,-0.01,-0.20
125005,-0.01,-0.20
125028,-0.00,-0.20
125050,-0.01,-0.20
125072,-0.00,-0.20
125094,-0.01,-0.20
125120,-0.01,-0.20
125143,-0.01,-0.20
125165,-0.01,-0.20
125188,-0.01,-0.20
125209,-0.01,-0.20
125232,-0.01,-0.20
125254,-0.01,-0.20
125277,-0.01,-0.20
125299,-0.01,-0.20
125321,-0.00,-0.20
125343,-0.00,-0.20
125366,-0.01,-0.20
125388,-0.01,-0.20
125410,-0.01,-0.20
125432,-0.01,-0.20
125455,-0.01,-0.20
125477,-0.01,-0.20
125499,-0.00,-0.07
125521,-0.01,-0.20
125544,-0.00,-0.20
125566,-0.01,-0.07
125589,-0.01,-0.20
125611,-0.01,-0.20
125633,-0.01,-0.20
125656,-0.00,-0.20
125687,-0.01,-0.20
125710,-0.01,-0.20
125732,-0.01,-0.20
125755,-0.01,-0.20
125776,-0.01,-0.07
125799,-0.01,-0.20
125821,-0.00,-0.20
125844,-0.00,-0.20
125867,-0.01,-0.20
125888,-0.00,-0.20
125911,-0.01,-0.20
125933,-0.01,-0.20
125956,-0.01,-0.20
125978,-0.00,-0.20
126000,-0.01,-0.20
126038,-0.01,-0.33
126060,-0.01,-0.20
126083,-0.01,-0.20
126105,-0.01,-0.20
126127,-0.01,-0.20
126149,-0.01,-0.20
126172,-0.01,-0.20
126194,-0.01,-0.20
126217,-0.01,-0.07
126238,-0.01,-0.20
126261,-0.01,-0.20
126297,-0.01,-0.20
126319,-0.01,-0.20
126342,-0.01,-0.20
126364,-0.01,-0.07
126386,-0.01,-0.20
126408,-0.01,-0.20
126431,-0.01,-0.20
126453,-0.01,-0.20
126476,-0.01,-0.07
126497,-0.01,-0.20
126520,-0.00,-0.20
126542,-0.01,-0.20
126565,-0.01,-0.07
126587,-0.01,-0.20
126609,-0.00,-0.07
126631,-0.01,-0.20
126654,-0.01,-0.07
126676,-0.01,-0.20
126698,-0.01,-0.20
126721,-0.01,-0.20
126743,-0.01,-0.20
126766,-0.01,-0.07
126788,-0.01,-0.20
126810,-0.01,-0.20
126832,-0.01,-0.20
126855,-0.01,-0.07
126874,-0.01,-0.07
126897,-0.01,-0.20
126919,-0.01,-0.20
126942,-0.00,-0.20
126964,-0.01,-0.20
126986,-0.01,-0.20
127008,-0.01,-0.20
127031,-0.01,-0.20
127053,-0.01,-0.20
127075,-0.01,-0.20
127097,-0.01,-0.20
127120,-0.01,-0.20
127142,-0.01,-0.07
127165,-0.01,-0.20
127186,-0.01,-0.07
127209,-0.01,-0.20
127232,-0.01,-0.20
127254,-0.01,-0.20
127276,-0.00,-0.20
127298,-0.01,-0.20
127321,-0.01,-0.20
127343,-0.00,-0.20
127366,-0.01,-0.20
127387,-0.01,-0.20
127410,-0.01,-0.20
127435,-0.01,-0.20
127458,-0.00,-0.20
127480,-0.01,-0.20
127503,-0.01,-0.07
127524,-0.01,-0.20
127547,-0.00,-0.20
127569,-0.01,-0.20
127592,-0.01,-0.20
127613,-0.01,-0.20
127636,-0.01,-0.20
127659,-0.01,-0.20
127681,-0.01,-0.20
127704,-0.01,-0.20
127725,-0.01,-0.20
127748,-0.01,-0.07
127770,-0.01,-0.20
127793,-0.01,-0.20
127814,-0.01,-0.20
127837,-0.01,-0.20
127859,-0.00,-0.20
127882,-0.01,-0.20
127903,-0.01,-0.20
127943,-0.01,-0.33
127966,-0.01,-0.20
127988,-0.01,-0.20
128011,-0.01,-0.20
128036,-0.01,-0.20
128058,-0.01,-0.20
128080,-0.01,-0.20
128103,-0.01,-0.20
128125,-0.01,-0.20
128147,-0.01,-0.20
128169,-0.01,-0.20
128192,-0.01,-0.20
128215,-0.01,-0.20
128237,-0.01,-0.20
128259,-0.01,-0.20
128281,-0.00,-0.20
128304,-0.01,-0.20
128326,-0.00,-0.07
128348,-0.01,-0.20
128370,-0.01,-0.20
128393,-0.01,-0.20
128415,-0.01,-0.20
128438,-0.01,-0.20
128459,-0.01,-0.20
128482,-0.01,-0.20
128504,-0.01,-0.20
128527,-0.01,-0.07
128548,-0.01,-0.20
128571,-0.01,-0.20
128596,-0.00,-0.20
128619,-0.01,-0.20
128642,-0.00,-0.20
128664,-0.01,-0.20
128686,-0.00,-0.07
128708,-0.01,-0.20
128731,-0.01,-0.20
128753,-0.01,-0.20
128776,-0.01,-0.20
128797,-0.01,-0.20
128820,-0.01,-0.20
128842,-0.01,-0.20
128865,-0.01,-0.20
128886,-0.01,-0.20
128909,-0.01,-0.20
128931,-0.01,-0.20
128954,-0.01,-0.20
128976,-0.01,-0.20
128998,-0.01,-0.20
129020,-0.01,-0.20
129043,-0.00,-0.20
129065,-0.01,-0.20
129087,-0.01,-0.20
129110,-0.01,-0.20
129132,-0.01,-0.20
129155,-0.01,-0.20
129180,-0.01,-0.20
129203,-0.01,-0.07
129224,-0.01,-0.07
129247,-0.00,-0.20
129269,-0.01,-0.20
129292,-0.01,-0.20
129314,-0.01,-0.20
129336,-0.00,-0.20
129358,-0.00,-0.20
129381,-0.01,-0.20
129403,-0.01,-0.20
129425,-0.01,-0.20
129447,-0.01,-0.20
129470,-0.01,-0.20
129492,-0.01,-0.20
129514,-0.01,-0.20
129537,-0.01,-0.20
129559,-0.00,-0.07
129582,-0.01,-0.20
129604,-0.01,-0.20
129626,-0.01,-0.20
129648,-0.01,-0.20
129671,-0.01,-0.20
129693,-0.01,-0.20
129715,-0.01,-0.20
129737,-0.01,-0.20
129758,-0.01,-0.20
129779,-0.01,-0.20
129802,-0.01,-0.20
129841,-0.01,-0.33
129863,-0.01,-0.20
129886,-0.01,-0.20
129908,-0.01,-0.20
129931,-0.00,-0.20
129953,-0.01,-0.20
129976,-0.01,-0.20
129998,-0.01,-0.20
130020,-0.01,-0.20
130042,-0.01,-0.20
130065,-0.01,-0.20
130087,-0.01,-0.20
130110,-0.01,-0.20
130132,-0.01,-0.20
130155,-0.01,-0.20
130178,-0.01,-0.20
130200,-0.01,-0.20
130223,-0.01,-0.07
130244,-0.01,-0.20
130267,-0.00,-0.20
130289,-0.01,-0.20
130312,-0.01,-0.20
130337,-0.01,-0.20
130360,-0.01,-0.20
130382,-0.00,-0.20
130405,-0.01,-0.20
130427,-0.01,-0.20
130450,-0.01,-0.20
130472,-0.01,-0.07
130495,-0.01,-0.20
130518,-0.01,-0.20
130540,-0.01,-0.20
130563,-0.01,-0.20
130584,-0.01,-0.20
130607,-0.01,-0.20
130629,-0.01,-0.20
130652,-0.01,-0.20
130674,-0.01,-0.20
130697,-0.01,-0.20
130719,-0.01,-0.20
130742,-0.01,-0.20
130764,-0.01,-0.20
130787,-0.01,-0.20
130808,-0.01,-0.20
130831,-0.01,-0.20
130853,-0.00,-0.07
130876,-0.01,-0.20
130898,-0.00,-0.07
130935,-0.01,-0.20
130958,-0.01,-0.20
130979,-0.01,-0.07
131002,-0.01,-0.20
131024,-0.01,-0.20
131047,-0.01,-0.20
131069,-0.01,-0.20
131092,-0.01,-0.20
131115,-0.01,-0.20
131137,-0.01,-0.20
131160,-0.01,-0.20
131182,-0.01,-0.20
131205,-0.01,-0.20
131227,-0.01,-0.20
131249,-0.01,-0.20
131271,-0.01,-0.20
131294,-0.01,-0.20
131316,-0.01,-0.07
131339,-0.01,-0.20
131361,-0.01,-0.20
131384,-0.01,-0.20
131406,-0.01,-0.20
131429,-0.01,-0.20
131451,-0.01,-0.20
131474,-0.01,-0.20
131500,-0.01,-0.20
131522,-0.01,-0.20
131545,-0.01,-0.20
131567,-0.01,-0.20
131590,-0.01,-0.20
131612,-0.01,-0.20
131635,-0.01,-0.20
131657,-0.01,-0.20
131679,-0.01,-0.20
131701,-0.00,-0.20
131730,-0.01,-0.20
131761,-0.01,-0.33
131783,-0.01,-0.20
131806,-0.01,-0.20
131827,-0.01,-0.20
131850,-0.01,-0.20
131872,-0.01,-0.20
131895,-0.01,-0.20
131917,-0.01,-0.20
131939,-0.00,-0.07
131961,-0.01,-0.20
131984,-0.01,-0.20
132006,-0.01,-0.20
132029,-0.01,-0.20
132050,-0.01,-0.20
132073,-0.01,-0.20
132099,-0.01,-0.20
132121,-0.01,-0.20
132144,-0.01,-0.07
132166,-0.01,-0.20
132188,-0.01,-0.20
132210,-0.01,-0.20
132233,-0.01,-0.20
132255,-0.01,-0.20
132278,-0.01,-0.20
132299,-0.01,-0.20
132322,-0.01,-0.20
132344,-0.01,-0.07
132367,-0.01,-0.20
132389,-0.01,-0.20
132411,-0.01,-0.20
132433,-0.01,-0.20
132456,-0.01,-0.20
132478,-0.01,-0.20
132501,-0.00,-0.20
132523,-0.01,-0.20
132545,-0.01,-0.07
132568,-0.01,-0.20
132590,-0.01,-0.07
132613,-0.01,-0.20
132634,-0.01,-0.20
132657,-0.01,-0.20
132677,-0.01,-0.20
132700,-0.01,-0.20
132721,-0.00,-0.20
132744,-0.01,-0.20
132766,-0.01,-0.20
132789,-0.01,-0.20
132811,-0.01,-0.20
132833,-0.01,-0.20
132855,-0.01,-0.20
132878,-0.01,-0.20
132900,-0.01,-0.20
132923,-0.01,-0.07
132944,-0.01,-0.20
132967,-0.00,-0.20
132989,-0.01,-0.20
133012,-0.01,-0.07
133033,-0.01,-0.20
133056,-0.01,-0.20
133079,-0.01,-0.20
133101,-0.01,-0.20
133124,-0.01,-0.07
133145,-0.01,-0.20
133168,-0.01,-0.07
133190,-0.01,-0.20
133213,-0.00,-0.20
133238,-0.01,-0.20
133261,-0.01,-0.20
133283,-0.01,-0.07
133305,-0.01,-0.20
133327,-0.00,-0.07
133350,-0.01,-0.20
133372,-0.01,-0.20
133395,-0.01,-0.20
133416,-0.01,-0.20
133439,-0.01,-0.20
133462,-0.01,-0.20
133484,-0.00,-0.20
133506,-0.01,-0.20
133528,-0.01,-0.07
133551,-0.01,-0.20
133573,-0.01,-0.20
133596,-0.01,-0.20
133617,-0.01,-0.07
133661,-0.01,-0.33
133684,-0.01,-0.20
133706,-0.01,-0.20
133729,-0.01,-0.20
133751,-0.01,-0.20
133773,-0.01,-0.20
133795,-0.01,-0.20
133818,-0.01,-0.20
133843,-0.00,-0.20
133866,-0.01,-0.33
133889,-0.01,-0.20
133911,-0.01,-0.20
133933,-0.00,-0.20
133955,-0.01,-0.20
133978,-0.01,-0.20
134000,-0.00,-0.20
134022,-0.01,-0.20
134044,-0.00,-0.20
134067,-0.01,-0.20
134089,-0.01,-0.20
134112,-0.01,-0.20
134133,-0.01,-0.20
134156,-0.01,-0.20
134178,-0.01,-0.20
134201,-0.01,-0.20
134223,-0.01,-0.20
134245,-0.00,-0.20
134267,-0.01,-0.20
134290,-0.01,-0.20
134312,-0.01,-0.20
134335,-0.01,-0.20
134356,-0.01,-0.20
134379,-0.01,-0.20
134405,-0.01,-0.20
134427,-0.01,-0.20
134450,-0.01,-0.20
134472,-0.01,-0.20
134494,-0.01,-0.20
134516,-0.01,-0.07
134539,-0.01,-0.20
134561,-0.01,-0.07
134584,-0.01,-0.20
134605,-0.00,-0.20
134628,-0.01,-0.20
134650,-0.00,-0.07
134673,-0.01,-0.20
134695,-0.01,-0.20
134717,-0.01,-0.20
134739,-0.01,-0.20
134762,-0.01,-0.20
134785,-0.01,-0.20
134807,-0.00,-0.20
134829,-0.01,-0.20
134851,-0.01,-0.20
134874,-0.01,-0.20
134896,-0.01,-0.20
134919,-0.01,-0.20
134940,-0.01,-0.20
134963,-0.01,-0.20
134995,-0.01,-0.20
135017,-0.01,-0.20
135040,-0.01,-0.20
135062,-0.01,-0.20
135085,-0.01,-0.20
135107,-0.01,-0.20
135130,-0.01,-0.20
135151,-0.01,-0.20
135174,-0.01,-0.20
135196,-0.01,-0.20
135219,-0.01,-0.20
135241,-0.00,-0.07
135264,-0.01,-0.20
135285,-0.01,-0.20
135308,-0.01,-0.20
135330,-0.01,-0.20
135353,-0.01,-0.20
135375,-0.01,-0.20
135398,-0.01,-0.20
135419,-0.01,-0.07
135442,-0.01,-0.07
135464,-0.01,-0.20
135487,-0.00,-0.07
135510,-0.01,-0.20
135532,-0.01,-0.20
135560,-0.01,-0.20
135598,-0.01,-0.33
135620,-0.01,-0.20
135643,-0.01,-0.20
135664,-0.01,-0.20
135687,-0.01,-0.20
135709,-0.01,-0.20
135732,-0.01,-0.20
135754,-0.01,-0.20
135776,-0.01,-0.20
135798,-0.01,-0.20
135821,-0.01,-0.20
135843,-0.00,-0.07
135866,-0.01,-0.20
135887,-0.00,-0.07
135910,-0.01,-0.20
135932,-0.01,-0.07
135955,-0.00,-0.20
135977,-0.00,-0.20
135999,-0.01,-0.20
136022,-0.01,-0.20
136044,-0.00,-0.07
136067,-0.01,-0.20
136089,-0.01,-0.20
136111,-0.01,-0.20
136133,-0.00,-0.20
136159,-0.01,-0.20
136181,-0.01,-0.20
136204,-0.01,-0.20
136226,-0.01,-0.20
136249,-0.01,-0.20
136270,-0.01,-0.07
136293,-0.01,-0.20
136315,-0.01,-0.20
136338,-0.01,-0.20
136360,-0.01,-0.20
136382,-0.01,-0.20
136404,-0.01,-0.20
136427,-0.01,-0.20
136450,-0.01,-0.07
136472,-0.01,-0.07
136494,-0.00,-0.20
136516,-0.01,-0.20
136539,-0.00,-0.20
136561,-0.01,-0.20
136584,-0.01,-0.20
136605,-0.01,-0.20
136628,-0.01,-0.20
136650,-0.01,-0.07
136673,-0.01,-0.20
136695,-0.01,-0.20
136717,-0.01,-0.20
136743,-0.01,-0.20
136765,-0.01,-0.20
136787,-0.01,-0.20
136810,-0.00,-0.07
136833,-0.01,-0.20
136855,-0.01,-0.20
136878,-0.01,-0.20
136899,-0.00,-0.20
136922,-0.01,-0.07
136944,-0.01,-0.20
136967,-0.01,-0.20
136989,-0.01,-0.20
137011,-0.01,-0.20
137033,-0.01,-0.20
137056,-0.01,-0.07
137078,-0.01,-0.20
137101,-0.01,-0.20
137122,-0.01,-0.20
137145,-0.01,-0.20
137167,-0.01,-0.20
137190,-0.01,-0.07
137212,-0.01,-0.20
137235,-0.00,-0.20
137256,-0.01,-0.20
137279,-0.01,-0.20
137305,-0.01,-0.20
137327,-0.01,-0.20
137350,-0.01,-0.20
137372,-0.01,-0.20
137394,-0.01,-0.20
137416,-0.01,-0.20
137439,-0.01,-0.20
137478,-0.01,-0.20
137501,-0.01,-0.20
137523,-0.01,-0.20
137545,-0.01,-0.20
137568,-0.01,-0.20
137590,-0.01,-0.20
137613,-0.01,-0.20
137634,-0.01,-0.20
137657,-0.01,-0.20
137679,-0.01,-0.20
137702,-0.01,-0.20
137724,-0.01,-0.20
137746,-0.01,-0.20
137768,-0.01,-0.20
137791,-0.01,-0.20
137814,-0.00,-0.07
137836,-0.01,-0.20
137858,-0.00,-0.20
137880,-0.01,-0.20
137906,-0.01,-0.20
137928,-0.00,-0.20
137951,-0.01,-0.20
137973,-0.00,-0.07
137996,-0.01,-0.20
138017,-0.01,-0.20
138040,-0.00,-0.20
138062,-0.00,-0.20
138085,-0.01,-0.20
138107,-0.01,-0.20
138129,-0.01,-0.20
138151,-0.01,-0.20
138174,-0.01,-0.20
138196,-0.01,-0.20
138219,-0.00,-0.20
138241,-0.00,-0.20
138263,-0.01,-0.20
138286,-0.01,-0.20
138308,-0.01,-0.20
138331,-0.01,-0.20
138352,-0.01,-0.20
138375,-0.01,-0.20
138397,-0.01,-0.20
138420,-0.00,-0.20
138442,-0.01,-0.20
138464,-0.01,-0.07
138484,-0.01,-0.20
138507,-0.01,-0.20
138529,-0.01,-0.20
138551,-0.01,-0.20
138573,-0.01,-0.20
138596,-0.01,-0.20
138618,-0.01,-0.20
138641,-0.00,-0.20
138662,-0.01,-0.20
138685,-0.01,-0.20
138707,-0.01,-0.20
138730,-0.01,-0.20
138753,-0.01,-0.07
138774,-0.01,-0.20
138797,-0.00,-0.20
138819,-0.01,-0.20
138842,-0.01,-0.07
138864,-0.01,-0.20
138887,-0.01,-0.07
138908,-0.01,-0.07
138931,-0.01,-0.07
138953,-0.01,-0.20
138976,-0.01,-0.20
138998,-0.01,-0.20
139020,-0.01,-0.20
139045,-0.01,-0.20
139068,-0.01,-0.20
139090,-0.01,-0.20
139113,-0.01,-0.07
139136,-0.01,-0.07
139158,-0.01,-0.20
139180,-0.01,-0.20
139202,-0.01,-0.20
139225,-0.00,-0.20
139247,-0.01,-0.07
139270,-0.01,-0.07
139291,-0.01,-0.20
139314,-0.01,-0.20
139336,-0.01,-0.20
139364,-0.01,-0.20
139398,-0.01,-0.33
139420,-0.01,-0.20
139443,-0.01,-0.20
139465,-0.01,-0.20
139488,-0.01,-0.20
139509,-0.01,-0.20
139532,-0.01,-0.20
139554,-0.01,-0.20
139577,-0.01,-0.20
139599,-0.00,-0.20
139622,-0.01,-0.20
139648,-0.01,-0.20
139670,-0.01,-0.20
139693,-0.01,-0.20
139715,-0.01,-0.20
139738,-0.01,-0.20
139760,-0.01,-0.20
139783,-0.01,-0.20
139805,-0.01,-0.20
139828,-0.01,-0.20
139850,-0.00,-0.20
139873,-0.01,-0.20
139895,-0.01,-0.20
139918,-0.01,-0.20
139940,-0.01,-0.20
139963,-0.01,-0.20
139984,-0.01,-0.20
140007,-0.01,-0.20
140029,-0.01,-0.07
140052,-0.00,-0.20
140075,-0.01,-0.20
140097,-0.00,-0.20
140120,-0.01,-0.20
140142,-0.01,-0.20
140165,-0.01,-0.20
140187,-0.00,-0.20
140223,-0.01,-0.20
140246,-0.01,-0.20
140268,-0.01,-0.20
140291,-0.01,-0.20
140313,-0.01,-0.20
140336,-0.01,-0.20
140358,-0.01,-0.20
140381,-0.01,-0.20
140403,-0.01,-0.20
140426,-0.01,-0.20
140448,-0.01,-0.20
140471,-0.01,-0.20
140493,-0.01,-0.20
140516,-0.01,-0.20
140538,-0.01,-0.20
140561,-0.01,-0.20
140583,-0.01,-0.20
140606,-0.01,-0.20
140628,-0.01,-0.20
140651,-0.01,-0.20
140674,-0.01,-0.20
140696,-0.01,-0.20
140718,-0.00,-0.20
140740,-0.01,-0.20
140763,-0.01,-0.07
140785,-0.00,-0.20
140812,-0.01,-0.20
140834,-0.01,-0.33
140857,-0.01,-0.20
140879,-0.01,-0.20
140902,-0.01,-0.20
140924,-0.01,-0.20
140946,-0.01,-0.20
140968,-0.01,-0.20
140991,-0.01,-0.20
141014,-0.01,-0.20
141036,-0.01,-0.20
141059,-0.01,-0.20
141081,-0.01,-0.20
141104,-0.01,-0.20
141126,-0.01,-0.20
141149,-0.01,-0.07
141171,-0.01,-0.20
141194,-0.01,-0.20
141216,-0.01,-0.20
141239,-0.01,-0.20
141261,-0.01,-0.20
141303,-0.01,-0.33
141326,-0.01,-0.33
141348,-0.01,-0.20
141371,-0.01,-0.20
141393,-0.01,-0.20
141413,-0.00,-0.20
141435,-0.01,-0.20
141458,-0.01,-0.20
141480,-0.01,-0.20
141503,-0.01,-0.20
141524,-0.00,-0.20
141547,-0.01,-0.20
141570,-0.01,-0.07
141592,-0.01,-0.20
141615,-0.01,-0.20
141637,-0.01,-0.20
141659,-0.01,-0.20
141681,-0.01,-0.20
141704,-0.01,-0.20
141726,-0.01,-0.20
141749,-0.01,-0.20
141771,-0.01,-0.07
141793,-0.01,-0.07
141815,-0.01,-0.20
141838,-0.01,-0.20
141860,-0.01,-0.07
141883,-0.01,-0.20
141905,-0.01,-0.07
141927,-0.01,-0.20
141949,-0.01,-0.20
141975,-0.01,-0.20
141998,-0.01,-0.20
142020,-0.00,-0.20
142043,-0.01,-0.20
142065,-0.01,-0.20
142087,-0.01,-0.20
142109,-0.01,-0.20
142132,-0.01,-0.20
142154,-0.01,-0.20
142177,-0.00,-0.20
142199,-0.01,-0.20
142221,-0.01,-0.07
142243,-0.01,-0.20
142266,-0.01,-0.20
142288,-0.01,-0.20
142311,-0.01,-0.20
142333,-0.01,-0.20
142355,-0.00,-0.20
142377,-0.01,-0.20
142400,-0.01,-0.20
142423,-0.01,-0.20
142445,-0.01,-0.20
142467,-0.00,-0.07
142489,-0.01,-0.20
142512,-0.00,-0.20
142534,-0.01,-0.20
142560,-0.01,-0.20
142582,-0.00,-0.20
142605,-0.01,-0.20
142627,-0.01,-0.20
142649,-0.01,-0.20
142671,-0.01,-0.20
142694,-0.01,-0.20
142716,-0.01,-0.20
142739,-0.01,-0.20
142761,-0.01,-0.20
142783,-0.01,-0.20
142806,-0.01,-0.20
142828,-0.01,-0.20
142851,-0.01,-0.20
142873,-0.00,-0.20
142896,-0.01,-0.20
142917,-0.01,-0.07
142940,-0.01,-0.20
142962,-0.01,-0.07
142985,-0.01,-0.07
143007,-0.01,-0.20
143029,-0.01,-0.20
143051,-0.01,-0.20
143074,-0.01,-0.20
143096,-0.01,-0.20
143122,-0.00,-0.20
143144,-0.01,-0.20
143167,-0.01,-0.20
143210,-0.01,-0.33
143233,-0.01,-0.33
143255,-0.01,-0.20
143278,-0.01,-0.20
143299,-0.01,-0.20
143322,-0.01,-0.20
143344,-0.01,-0.20
143367,-0.01,-0.20
143389,-0.01,-0.07
143411,-0.01,-0.20
143433,-0.00,-0.20
143456,-0.01,-0.20
143478,-0.01,-0.20
143501,-0.01,-0.20
143523,-0.01,-0.20
143545,-0.01,-0.20
143567,-0.01,-0.20
143590,-0.01,-0.20
143612,-0.01,-0.20
143635,-0.01,-0.20
143657,-0.01,-0.20
143679,-0.00,-0.20
143702,-0.01,-0.20
143727,-0.01,-0.20
143750,-0.01,-0.20
143772,-0.01,-0.20
143795,-0.01,-0.20
143817,-0.01,-0.20
143839,-0.01,-0.20
143861,-0.01,-0.20
143884,-0.01,-0.07
143906,-0.01,-0.20
143929,-0.01,-0.07
143951,-0.01,-0.20
143973,-0.01,-0.07
143995,-0.01,-0.20
144018,-0.01,-0.20
144040,-0.00,-0.07
144063,-0.01,-0.20
144086,-0.01,-0.20
144107,-0.01,-0.07
144130,-0.00,-0.20
144152,-0.01,-0.20
144175,-0.00,-0.20
144197,-0.01,-0.20
144219,-0.01,-0.20
144241,-0.01,-0.20
144264,-0.01,-0.20
144286,-0.00,-0.20
144313,-0.01,-0.20
144335,-0.01,-0.20
144357,-0.01,-0.20
144379,-0.01,-0.20
144402,-0.00,-0.20
144424,-0.01,-0.20
144447,-0.01,-0.20
144470,-0.01,-0.20
144492,-0.01,-0.20
144515,-0.01,-0.20
144536,-0.01,-0.20
144559,-0.01,-0.20
144581,-0.01,-0.20
144604,-0.01,-0.20
144626,-0.01,-0.07
144649,-0.01,-0.20
144671,-0.01,-0.20
144693,-0.00,-0.20
144715,-0.01,-0.07
144738,-0.01,-0.20
144760,-0.01,-0.20
144783,-0.01,-0.20
144805,-0.01,-0.20
144828,-0.01,-0.20
144849,-0.01,-0.20
144886,-0.01,-0.20
144909,-0.01,-0.20
144930,-0.01,-0.20
144953,-0.01,-0.20
144975,-0.01,-0.20
144998,-0.01,-0.20
145020,-0.01,-0.20
145043,-0.01,-0.20
145065,-0.01,-0.20
145087,-0.01,-0.20
145119,-0.01,-0.33
145152,-0.01,-0.33
145174,-0.01,-0.20
145197,-0.01,-0.20
145219,-0.01,-0.20
145242,-0.01,-0.20
145263,-0.01,-0.20
145286,-0.01,-0.20
145308,-0.01,-0.20
145331,-0.01,-0.20
145353,-0.01,-0.20
145376,-0.01,-0.07
145398,-0.01,-0.20
145420,-0.00,-0.20
145442,-0.01,-0.20
145465,-0.01,-0.20
145490,-0.01,-0.20
145513,-0.01,-0.20
145536,-0.01,-0.20
145558,-0.01,-0.20
145580,-0.01,-0.20
145602,-0.01,-0.20
145625,-0.01,-0.20
145647,-0.01,-0.20
145670,-0.01,-0.20
145692,-0.01,-0.20
145715,-0.01,-0.20
145736,-0.01,-0.20
145759,-0.01,-0.20
145781,-0.00,-0.20
145804,-0.01,-0.20
145826,-0.01,-0.20
145849,-0.01,-0.20
145870,-0.00,-0.20
145893,-0.00,-0.20
145915,-0.00,-0.20
145938,-0.01,-0.20
145960,-0.01,-0.20
145983,-0.01,-0.20
146004,-0.01,-0.20
146027,-0.01,-0.07
146053,-0.01,-0.20
146075,-0.01,-0.20
146098,-0.01,-0.20
146120,-0.01,-0.20
146143,-0.01,-0.20
146165,-0.01,-0.20
146187,-0.01,-0.20
146209,-0.01,-0.20
146232,-0.01,-0.20
146254,-0.01,-0.20
146277,-0.01,-0.07
146299,-0.01,-0.20
146322,-0.00,-0.20
146343,-0.01,-0.20
146366,-0.01,-0.07
146388,-0.01,-0.20
146411,-0.01,-0.20
146434,-0.01,-0.20
146456,-0.01,-0.20
146478,-0.01,-0.20
146500,-0.01,-0.20
146523,-1.04,-26.65
146545,1.14,30.89
146568,-0.38,-12.37
146590,-0.77,-19.11
146613,1.13,30.75
146638,-1.45,-38.43
146661,1.12,30.89
146683,0.08,0.73
146706,-1.32,-34.72
146728,1.14,30.89
146751,-0.12,-4.96
146772,-1.08,-27.45
146795,1.14,30.89
146818,-0.41,-13.16
146840,-0.74,-18.06
146863,1.14,30.75
146885,-0.80,-23.48
146908,-0.43,-9.99
146930,1.14,30.89
146953,-1.07,-30.62
146975,-0.16,-2.98
146998,1.14,30.89
147026,0.33,10.78
147060,0.56,17.26
147083,0.67,16.34
147105,-1.57,-42.00
147128,0.92,26.65
147150,0.25,4.96
147172,-1.43,-37.50
147195,1.14,30.75
147217,-0.07,-3.24
147244,0.49,15.01
147266,0.68,16.47
147289,-1.56,-41.73
147311,0.97,27.84
147334,0.20,3.77
147356,-1.39,-36.44
147379,1.14,30.75
147401,-0.15,-5.62
147424,-1.03,-26.39
147446,1.14,30.89
147469,-0.60,-18.19
147491,-0.54,-12.90
147514,1.14,30.89
147536,-1.09,-31.15
147559,-0.06,-0.33
147581,1.14,30.89
147604,-1.44,-39.75
147627,0.33,10.91
147649,0.79,19.51
147672,-1.55,-42.00
147694,0.83,24.14
147717,0.32,6.81
147739,-1.42,-37.63
147762,1.14,30.89
147784,-0.05,-2.84
147807,-1.08,-27.45
147833,0.58,13.95
147856,-1.49,-39.75
147878,1.02,29.03
147901,0.11,1.39
147923,-1.25,-32.74
147946,1.14,30.89
147969,-0.24,-8.13
147991,-0.80,-19.77
148014,1.14,30.89
148036,-0.66,-19.64
148059,-0.34,-7.74
148081,1.14,30.75
148104,-0.99,-28.11
148126,0.06,2.84
148149,0.84,21.76
148171,-0.95,-25.86
148194,0.22,7.21
148216,0.28,6.81
148239,-0.39,-10.52
148261,0.25,7.08
148284,-0.11,-3.37
148306,-0.31,-7.87
148329,0.29,8.00
148352,-0.16,-4.30
148374,-0.17,-4.03
148397,0.38,10.52
148422,-0.34,-9.06
148445,0.25,7.08
148467,-0.10,-3.11
148490,-0.31,-7.74
148512,0.31,8.53
148535,-0.16,-4.56
148557,-0.19,-4.70
148580,0.36,9.99
148602,-0.18,-5.09
148625,-0.11,-2.31
148647,0.35,9.46
148670,-0.27,-7.87
148692,0.05,1.92
148715,0.33,8.53
148738,-0.33,-9.06
148760,0.11,3.51
148782,0.25,6.28
148804,-0.35,-9.72
148827,0.15,4.17
148849,0.18,4.56
148872,-0.40,-10.78
148894,0.17,4.96
148917,0.11,2.45
148944,0.23,6.94
148978,0.22,6.55
149001,0.05,0.86
149022,-0.38,-10.12
149049,0.31,7.87
149071,-0.35,-9.59
149093,0.09,2.84
149115,0.29,7.34
149138,-0.34,-9.46
149160,0.13,3.77
149183,0.26,6.42
149204,-0.37,-10.12
149227,0.13,3.77
149250,0.21,5.22
149272,-0.38,-10.38
149295,0.18,4.96
149317,0.17,4.17
149339,-0.40,-11.04
149361,0.16,4.56
149384,0.12,2.71
149406,-0.40,-10.78
149429,0.23,6.68
149451,0.08,1.52
149473,-0.39,-10.38
149495,0.27,7.61
149518,0.02,0.07
149540,-0.38,-10.25
149563,0.30,8.40
149585,-0.03,-1.39
149607,-0.35,-9.19
149629,0.33,9.19
149666,0.33,8.53
149688,-0.33,-9.06
149710,0.11,3.11
149733,0.30,7.47
149755,-0.35,-9.99
149778,0.11,3.24
149800,0.24,6.02
149822,-0.37,-10.25
149844,0.16,4.56
149867,0.20,4.83
149890,-0.38,-10.52
149912,0.19,5.36
149935,0.14,3.37
149957,-0.42,-11.31
149980,0.18,5.49
150001,0.08,1.65
150024,-0.39,-10.52
150046,0.27,7.74
150069,0.04,0.46
150091,-0.38,-9.99
150114,0.30,8.40
150135,-0.02,-0.99
150158,-0.36,-9.59
150180,0.33,9.06
150203,-0.08,-2.71
150225,-0.33,-8.40
150248,0.33,9.19
150274,-0.39,-10.78
150296,0.18,5.09
150319,0.15,3.64
150340,-0.40,-10.91
150363,0.20,5.89
150385,0.10,1.92
150408,-0.41,-10.91
150430,0.25,7.34
150453,0.03,0.33
150474,-0.38,-10.25
150497,0.31,8.66
150519,-0.02,-1.26
150542,-0.36,-9.46
150564,0.33,9.19
150587,-0.08,-2.84
150609,-0.33,-8.27
150631,0.35,9.72
150653,-0.15,-4.43
150676,-0.27,-6.68
150699,0.38,10.38
150721,-0.17,-4.70
150744,-0.20,-4.83
150766,0.40,10.91
150789,-0.19,-5.36
150810,-0.14,-3.11
150833,0.38,10.25
150874,-0.40,-10.78
150896,0.15,4.17
150919,0.19,4.83
150941,-0.40,-10.91
150964,0.16,4.70
150985,0.15,3.64
151008,-0.40,-10.91
151030,0.18,5.49
151053,0.11,2.18
151075,-0.40,-10.78
151098,0.24,6.94
151119,0.04,0.46
151142,-0.39,-10.52
151164,0.30,8.40
151187,0.00,-0.46
151209,-0.37,-9.85
151232,0.32,8.80
151254,-0.06,-2.31
151276,-0.35,-9.06
151299,0.33,9.19
151321,-0.12,-3.90
151344,-0.31,-7.74
151366,0.35,9.72
151388,-0.15,-4.43
151410,-0.23,-5.89
151433,0.38,10.65
151455,-0.18,-5.09
151481,0.22,6.55
151503,0.06,0.99
151526,-0.40,-10.65
151548,0.28,8.13
151571,0.01,-0.46
151592,-0.38,-9.99
151615,0.32,8.80
151638,-0.06,-2.18
151660,-0.35,-8.93
151683,0.33,9.19
151705,-0.12,-3.77
151728,-0.29,-7.34
151750,0.36,10.12
151772,-0.17,-4.83
151794,-0.21,-5.09
151817,0.38,10.52
151839,-0.19,-5.36
151862,-0.15,-3.64
151884,0.40,10.65
151907,-0.23,-6.55
151929,-0.07,-1.12
151952,0.37,9.85
151973,-0.30,-8.53
151996,-0.01,0.46
152018,0.35,9.33
152041,-0.33,-9.33
152067,0.37,10.12
152089,-0.16,-4.70
152112,-0.23,-5.62
152134,0.39,10.78
152157,-0.19,-5.09
152178,-0.16,-3.64
152201,0.40,10.78
152223,-0.21,-6.15
152246,-0.10,-1.92
152268,0.38,10.25
152291,-0.29,-8.27
152313,0.03,1.39
152336,0.37,9.72
152357,-0.32,-9.06
152380,0.06,1.92
152402,0.34,8.93
152425,-0.35,-9.59
152448,0.09,2.84
152469,0.32,8.13
152492,-0.36,-9.72
152514,0.11,3.51
152537,0.28,7.08
152559,-0.37,-10.12
152582,0.15,4.17
152603,0.21,5.36
152626,-0.38,-10.65
152648,0.18,4.96
152674,-0.24,-6.94
152696,-0.08,-1.52
152719,0.37,9.99
152748,0.13,3.90
152785,0.38,10.12
152808,-0.24,-7.08
152830,-0.07,-0.99
152853,0.37,9.99
152875,-0.29,-8.40
152897,0.04,1.65
152920,0.36,9.59
152942,-0.33,-9.06
152965,0.02,1.26
152986,0.33,8.80
153009,-0.35,-9.59
153031,0.07,2.45
153054,0.31,7.87
153076,-0.35,-9.72
153098,0.11,3.64
153120,0.27,6.68
153143,-0.37,-10.12
153165,0.15,4.30
153188,0.22,5.36
153210,-0.39,-10.65
153233,0.16,4.43
153254,0.17,4.03
153277,-0.41,-11.18
153303,0.37,9.85
153325,-0.30,-8.40
153348,-0.00,0.60
153370,0.36,9.46
153393,-0.32,-8.93
153415,0.09,2.58
153437,0.34,8.80
153459,-0.34,-9.46
153482,0.10,2.98
153504,0.30,7.61
153527,-0.36,-9.85
153549,0.13,3.90
153571,0.26,6.42
153593,-0.37,-10.25
153616,0.14,3.90
153638,0.21,5.22
153661,-0.39,-10.65
153683,0.18,5.22
153705,0.14,3.37
153728,-0.41,-11.04
153750,0.18,5.62
153773,0.09,1.79
153795,-0.41,-10.91
153818,0.26,7.47
153840,0.04,0.60
153862,-0.37,-9.99
153884,0.30,8.53
153917,0.16,4.56
153938,0.16,4.03
153961,-0.40,-11.04
153984,0.19,5.49
154006,0.11,2.31
154029,-0.40,-10.78
154051,0.26,7.47
154074,0.03,0.20
154096,-0.38,-10.25
154119,0.32,8.80
154140,-0.04,-1.65
154163,-0.34,-8.93
154185,0.33,9.19
154208,-0.12,-3.77
154230,-0.28,-7.08
154253,0.36,9.85
154275,-0.17,-4.96
154298,-0.20,-4.96
154320,0.39,10.78
154342,-0.20,-5.49
154364,-0.13,-3.11
154387,0.39,10.38
154409,-0.25,-7.34
154432,-0.03,-0.20
154455,0.37,9.72
154477,-0.31,-8.80
154500,0.04,1.65
154535,0.33,8.93
154558,-0.04,-1.79
154580,-0.34,-8.80
154603,0.33,9.19
154625,-0.13,-4.03
154647,-0.27,-6.81
154679,-0.37,-10.12
154713,-0.41,-11.18
154735,0.21,6.15
154758,0.06,1.12
154779,-0.40,-10.65
154802,0.29,8.13
154824,-0.01,-0.73
154847,-0.36,-9.72
154869,0.33,9.19
154892,-0.08,-2.58
154914,-0.33,-8.27
154937,0.35,9.85
154958,-0.15,-4.56
154981,-0.26,-6.55
155003,0.35,9.85
155026,-0.18,-4.96
155048,-0.19,-4.70
155071,0.40,10.91
155094,-0.19,-5.36
155116,-0.09,-1.65
155142,-0.03,-1.26
155164,-0.36,-9.46
155187,0.33,9.19
155209,-0.11,-3.51
155232,-0.31,-7.74
155253,0.35,9.72
155276,-0.16,-4.56
155298,-0.24,-6.02
155321,0.39,10.65
155343,-0.17,-4.83
155366,-0.15,-3.64
155388,0.40,10.91
155411,-0.22,-6.55
155433,-0.09,-1.79
155455,0.37,9.72
155478,-0.29,-8.13
155500,-0.01,0.33
155523,0.36,9.46
155545,-0.33,-9.06
155568,0.08,2.45
155590,0.34,8.66
155612,-0.35,-9.59
155634,0.10,3.11
155657,0.30,7.47
155679,-0.37,-10.12
155702,0.14,4.03
155724,0.23,5.62
155750,-0.13,-3.11
155772,0.39,10.52
155795,-0.24,-7.08
155816,-0.02,0.33
155839,0.38,10.12
155862,-0.30,-8.66
155884,0.01,0.73
155907,0.35,9.19
155929,-0.34,-9.46
155952,0.08,2.58
155973,0.33,8.53
155996,-0.35,-9.59
156018,0.11,3.51
156041,0.29,7.21
156063,-0.37,-10.12
156086,0.13,3.64
156107,0.22,5.36
156130,-0.40,-11.04
156152,0.17,4.83
156175,0.17,4.17
156197,-0.40,-10.78
156220,0.20,5.75
156242,0.11,2.18
156264,-0.41,-11.04
156286,0.24,6.94
156309,0.04,0.60
156332,-0.39,-10.38
156357,0.31,7.87
156380,-0.35,-9.85
156402,0.12,3.51
156425,0.26,6.42
156447,-0.38,-10.38
156470,0.16,4.30
156491,0.19,4.70
156514,-0.41,-11.04
156536,0.16,4.70
156559,0.14,3.24
156588,0.22,6.42
156619,0.12,3.51
156642,0.24,6.02
156664,-0.37,-10.25
156687,0.17,4.70
156709,0.15,3.51
156731,-0.41,-11.18
156754,0.21,6.15
156776,0.07,1.12
156798,-0.39,-10.38
156821,0.31,8.80
156844,-0.06,-2.31
156866,-0.32,-8.00
156889,0.36,9.85
156911,-0.17,-4.83
156934,-0.20,-4.96
156956,0.39,10.52
156983,-0.38,-10.25
157005,0.33,9.19
157028,-0.11,-3.51
157050,-0.27,-6.81
157073,0.38,10.52
157095,-0.18,-4.96
157118,-0.15,-3.51
157140,0.38,10.12
157163,-0.28,-8.13
157186,0.05,1.65
157208,0.34,9.06
157231,-0.34,-9.46
157253,0.11,3.37
157276,0.26,6.42
157298,-0.38,-10.65
157321,0.15,4.17
157343,0.13,3.11
157366,-0.41,-11.18
157388,0.25,7.47
157411,0.01,-0.20
157433,-0.37,-9.85
157456,0.34,9.19
157478,-0.12,-4.03
157501,-0.27,-6.68
157523,0.38,10.38
157546,-0.18,-4.96
157572,0.29,8.27
157594,-0.02,-1.12
157617,-0.35,-9.19
157639,0.34,9.46
157662,-0.16,-4.70
157684,-0.24,-5.89
157707,0.40,10.78
157729,-0.18,-5.36
157752,-0.10,-2.05
157774,0.37,9.99
157797,-0.31,-8.66
157819,0.05,1.79
157842,0.33,8.53
157864,-0.35,-9.59
157887,0.13,3.90
157910,0.23,5.89
157932,-0.39,-10.78
157955,0.16,4.56
157977,0.12,2.84
158000,-0.41,-11.04
158022,0.26,7.74
158045,-0.00,-0.73
158067,-0.37,-9.72
158090,0.33,9.33
158112,-0.13,-4.03
158135,-0.27,-6.55
158157,0.38,10.38
158183,-0.40,-10.78
158206,0.29,8.13
158228,-0.04,-1.65
158251,-0.34,-8.93
158274,0.35,9.59
158296,-0.16,-4.56
158318,-0.22,-5.62
158342,0.39,10.78
158363,-0.19,-5.36
158386,-0.09,-1.52
158408,0.38,10.12
158431,-0.31,-8.93
158454,0.03,1.52
158476,0.33,8.80
158505,0.15,4.43
158539,0.19,5.49
158561,0.12,2.71
158583,-0.40,-10.91
158606,0.23,6.81
158628,0.05,0.73
158651,-0.39,-10.52
158673,0.29,8.13
158696,-0.02,-1.26
158717,-0.36,-9.59
158740,0.34,9.33
158763,-0.09,-2.84
158785,-0.32,-8.13
158811,0.19,4.83
158833,-0.39,-10.91
158856,0.16,4.43
158878,0.14,3.37
158901,-0.42,-11.18
158923,0.21,6.15
158945,0.07,1.39
158967,-0.39,-10.52
158990,0.27,7.87
159012,0.01,-0.46
159035,-0.38,-10.12
159057,0.33,9.06
159080,-0.08,-2.58
159101,-0.33,-8.53
159124,0.35,9.85
159147,-0.15,-4.43
159169,-0.26,-6.42
159192,0.37,10.25
159214,-0.18,-5.09
159237,-0.18,-4.56
159259,0.39,10.65
159282,-0.20,-6.02
159304,-0.11,-2.31
159326,0.38,10.25
159348,-0.27,-7.87
159371,0.04,1.52
159408,0.29,8.27
159429,-0.01,-0.99
159452,-0.36,-9.59
159474,0.33,9.19
159497,-0.10,-3.37
159519,-0.32,-7.87
159542,0.35,9.85
159564,-0.17,-4.70
159587,-0.23,-5.75
159608,0.39,10.65
159631,-0.18,-4.96
159653,-0.15,-3.51
159676,0.40,10.52
159698,-0.23,-7.08
159721,-0.04,-0.20
159744,0.36,9.72
159766,-0.32,-8.93
159789,0.05,2.05
159811,0.34,9.06
159833,-0.34,-9.46
159855,0.11,3.11
159878,0.30,7.47
159900,-0.37,-10.12
159923,0.13,3.90
159945,0.22,5.22
159968,-0.39,-10.91
159990,0.15,4.43
160016,-0.26,-7.47
160038,-0.02,0.20
160061,0.36,9.59
160082,-0.32,-9.06
160105,0.04,1.65
160128,0.34,8.93
160150,-0.35,-9.59
160173,0.10,3.11
160195,0.29,7.47
160217,-0.36,-9.99
160239,0.14,4.17
160262,0.24,5.89
160284,-0.37,-10.25
160307,0.15,4.30
160329,0.17,4.17
160352,-0.41,-11.04
160374,0.18,5.36
160396,0.11,2.31
160435,-0.41,-11.18
160458,0.28,8.00
160481,-0.01,-0.99
160502,-0.36,-9.59
160525,0.33,8.93
160547,-0.08,-2.84
160570,-0.32,-8.13
160592,0.34,9.59
160615,-0.15,-4.43
160641,0.16,4.56
160663,0.14,3.24
160686,-0.40,-10.78
160708,0.21,6.42
160730,0.07,1.12
160752,-0.39,-10.52
160775,0.28,8.13
160797,-0.01,-0.86
160820,-0.37,-9.85
160842,0.33,9.19
160865,-0.09,-2.98
160887,-0.32,-8.00
160909,0.35,9.72
160931,-0.16,-4.70
160954,-0.24,-6.02
160976,0.38,10.52
160999,-0.18,-4.83
161021,-0.15,-3.51
161044,0.40,10.65
161067,-0.23,-6.81
161089,-0.07,-1.12
161112,0.37,9.72
161133,-0.30,-8.53
161156,0.06,2.05
161178,0.34,9.06
161201,-0.33,-9.19
161223,0.08,2.71
161243,0.35,9.72
161265,-0.18,-4.96
161288,-0.22,-5.49
161310,0.38,10.52
161333,-0.18,-5.36
161355,-0.13,-2.98
161378,0.40,10.65
161400,-0.24,-6.94
161423,-0.02,0.07
161444,0.37,9.85
161467,-0.32,-8.80
161489,0.03,1.39
161512,0.34,8.93
161534,-0.34,-9.33
161557,0.10,3.11
161579,0.31,7.74
161601,-0.35,-9.72
161624,0.13,4.03
161646,0.25,6.28
161669,-0.37,-10.25
161691,0.14,4.03
161714,0.18,4.43
161735,-0.41,-11.18
161758,0.18,5.09
161780,0.11,2.58
161803,-0.40,-10.91
161828,0.35,9.33
161851,-0.33,-9.19
161873,0.09,2.98
161896,0.30,7.61
161918,-0.36,-9.85
161941,0.13,4.03
161963,0.24,6.15
161985,-0.37,-10.12
162008,0.15,4.17
162030,0.18,4.43
162053,-0.40,-11.04
162075,0.17,4.96
162098,0.10,2.31
162120,-0.40,-10.78
162143,0.26,7.61
162164,0.03,0.07
162187,-0.38,-10.25
162209,0.31,8.66
162232,-0.05,-1.92
162254,-0.34,-8.80
162277,0.35,9.72
162299,-0.13,-4.03
162327,0.36,9.99
162364,0.17,4.30
162385,-0.41,-11.31
162409,0.16,4.70
162430,0.13,3.11
162456,-0.00,0.60
162479,0.36,9.72
162501,-0.32,-8.93
162524,0.04,1.79
162546,0.33,8.66
162569,-0.35,-9.46
162590,0.10,3.11
162613,0.30,7.61
162635,-0.35,-9.72
162658,0.13,3.90
162680,0.24,6.02
162703,-0.37,-10.25
162725,0.16,4.43
162747,0.17,4.30
162769,-0.41,-11.04
162792,0.18,5.22
162814,0.11,2.58
162837,-0.40,-10.78
162860,0.25,7.47
162882,0.04,0.33
162904,-0.39,-10.38
162926,0.30,8.40
162949,-0.04,-1.52
162971,-0.35,-9.19
162994,0.33,9.19
163016,-0.11,-3.51
163039,-0.29,-7.34
163064,0.17,4.03
163087,-0.40,-10.78
163109,0.20,5.89
163132,0.08,1.65
163153,-0.40,-10.65
163176,0.27,7.74
163198,0.01,-0.46
163221,-0.37,-9.99
163244,0.31,8.53
163266,-0.06,-2.05
163289,-0.34,-8.66
163311,0.35,9.59
163333,-0.13,-4.03
163355,-0.26,-6.55
163378,0.37,10.25
163400,-0.18,-4.96
163423,-0.19,-4.70
163445,0.39,10.65
163468,-0.20,-5.89
163490,-0.10,-2.05
163513,0.38,10.12
163535,-0.28,-8.13
163558,-0.00,0.46
163579,0.35,9.33
163602,-0.33,-9.19
163624,0.08,2.45
163647,0.32,8.13
163679,0.38,10.12
163701,-0.27,-7.87
163724,0.03,1.26
163746,0.35,9.46
163769,-0.32,-8.80
163791,0.08,2.58
163814,0.33,8.27
163836,-0.35,-9.72
163859,0.12,3.64
163880,0.23,5.75
163903,-0.38,-10.65
163926,0.14,3.90
163948,0.16,4.03
163971,-0.41,-11.18
163993,0.21,6.15
164016,0.10,2.05
164038,-0.40,-10.65
164061,0.27,7.74
164083,-0.01,-0.86
164105,-0.37,-9.72
164127,0.33,8.93
164150,-0.09,-3.11
164172,-0.30,-7.61
164195,0.36,9.99
164217,-0.16,-4.56
164240,-0.22,-5.36
164283,-0.04,-1.79
164320,-0.35,-9.72
164342,0.11,3.37
164365,0.25,6.28
164386,-0.38,-10.38
164410,0.16,4.70
164431,0.18,4.56
164454,-0.40,-10.91
164476,0.19,5.36
164499,0.12,2.71
164521,-0.40,-10.65
164544,0.25,7.21
164567,0.03,0.33
164588,-0.39,-10.38
164611,0.31,8.66
164633,-0.05,-1.79
164656,-0.33,-8.66
164678,0.35,9.72
164701,-0.13,-4.03
164723,-0.26,-6.42
164746,0.36,10.12
164768,-0.19,-5.22
164791,-0.17,-4.17
164813,0.39,10.52
164836,-0.23,-6.68
164858,-0.07,-1.12
164880,0.36,9.72
164907,-0.33,-8.27
164929,0.35,9.59
164951,-0.15,-4.56
164973,-0.24,-6.02
164996,0.38,10.52
165018,-0.18,-5.09
165041,-0.16,-3.77
165063,0.39,10.52
165086,-0.23,-6.68
165108,-0.03,-0.20
165131,0.37,9.85
165153,-0.30,-8.53
165175,0.02,1.26
165197,0.35,9.06
165220,-0.33,-9.19
165242,0.08,2.71
165265,0.30,7.61
165287,-0.36,-9.99
165310,0.13,4.03
165331,0.24,5.89
165354,-0.38,-10.65
165377,0.16,4.56
165399,0.17,4.30
165422,-0.40,-10.91
165444,0.21,6.15
165467,0.09,1.92
165489,-0.40,-10.65
165515,0.32,8.27
165537,-0.35,-9.72
165560,0.12,3.90
165582,0.27,6.68
165604,-0.35,-9.72
165626,0.15,4.30
165649,0.20,4.96
165671,-0.39,-10.78
165694,0.16,4.56
165716,0.12,2.84
165739,-0.40,-10.91
165762,0.23,6.94
165783,0.05,0.60
165806,-0.39,-10.38
165828,0.30,8.40
165851,-0.03,-1.52
165873,-0.35,-9.06
165896,0.34,9.33
165918,-0.13,-4.03
165941,-0.28,-6.94
165963,0.35,9.85
165985,-0.18,-4.96
166007,-0.19,-4.70
166030,0.40,10.91
166052,-0.19,-5.49
166075,-0.11,-2.31
166097,0.38,10.12
166123,-0.36,-9.19
166146,0.32,8.93
166195,0.20,5.89
166217,0.06,0.86
166240,-0.39,-10.38
166262,0.30,8.27
166285,-0.05,-1.92
166306,-0.35,-9.06
166329,0.34,9.46
166351,-0.14,-4.30
166374,-0.25,-6.15
166396,0.38,10.52
166419,-0.18,-5.22
166441,-0.09,-1.65
166464,0.37,9.99
166487,-0.31,-8.53
166509,0.03,1.52
166532,0.33,8.27
166554,-0.35,-9.85
166577,0.13,3.77
166599,0.21,5.22
166622,-0.40,-11.04
166644,0.18,5.49
166667,0.08,1.52
166689,-0.39,-10.38
166712,0.31,8.66
166734,-0.06,-2.18
166761,0.15,4.17
166784,0.15,3.64
166806,-0.41,-11.04
166829,0.24,7.21
166851,0.01,-0.20
166874,-0.36,-9.72
166896,0.34,9.46
166919,-0.13,-3.90
166941,-0.25,-6.28
166964,0.38,10.38
166986,-0.20,-5.62
167009,-0.11,-2.45
167031,0.37,9.99
167054,-0.29,-8.27
167076,0.04,1.79
167099,0.33,8.40
167121,-0.35,-9.72
167144,0.14,4.17
167166,0.21,5.22
167189,-0.40,-11.04
167212,0.17,5.22
167234,0.09,1.92
167257,-0.39,-10.38
167279,0.31,8.66
167302,-0.06,-2.05
167324,-0.33,-8.27
167347,0.35,9.85
167367,0.16,3.90
167390,-0.41,-11.04
167412,0.23,6.68
167435,0.02,0.07
167457,-0.37,-9.85
167480,0.33,9.06
167502,-0.11,-3.51
167525,-0.28,-6.94
167547,0.36,10.12
167570,-0.19,-5.22
167592,-0.13,-2.98
167615,0.38,10.25
167638,-0.31,-8.53
167660,0.04,1.65
167683,0.32,8.27
167705,-0.35,-9.72
167728,0.14,3.90
167750,0.20,5.22
167773,-0.41,-11.18
167795,0.17,5.09
167818,0.08,1.52
167840,-0.39,-10.38
167863,0.31,8.80
167885,-0.06,-2.18
167908,-0.32,-8.00
167930,0.36,9.85
167956,-0.41,-11.18
167979,0.22,6.42
168001,0.04,0.46
168024,-0.38,-10.25
168046,0.33,9.19
168069,-0.09,-2.84
168097,0.35,9.72
168131,0.36,9.99
168153,-0.18,-5.09
168175,-0.20,-4.96
168198,0.38,10.38
168220,-0.21,-6.02
168243,-0.11,-2.05
168265,0.38,10.12
168288,-0.27,-7.87
168310,-0.02,0.07
168333,0.36,9.46
168354,-0.32,-8.80
168377,0.05,1.92
168399,0.32,8.13
168422,-0.35,-9.72
168444,0.11,3.37
168467,0.25,6.28
168489,-0.37,-10.25
168512,0.17,4.70
168534,0.18,4.56
168556,-0.40,-10.91
168583,0.37,9.85
168604,-0.30,-8.53
168627,0.00,0.60
168649,0.34,9.19
168672,-0.33,-9.06
168694,0.08,2.71
168717,0.30,7.61
168739,-0.36,-9.99
168761,0.12,3.51
168783,0.23,5.75
168806,-0.38,-10.38
168828,0.17,4.56
168851,0.16,3.90
168873,-0.41,-11.18
168896,0.21,6.02
168919,0.09,1.92
168940,-0.39,-10.52
168964,0.28,8.00
168985,0.00,-0.46
169008,-0.37,-9.85
169030,0.32,8.66
169053,-0.08,-2.58
169075,-0.33,-8.27
169098,0.34,9.59
169120,-0.15,-4.30
169143,-0.23,-5.75
169164,0.38,10.52
169201,0.18,4.43
169224,-0.39,-10.78
169246,0.19,5.49
169269,0.09,1.92
169290,-0.40,-10.65
169313,0.26,7.47
169335,0.00,-0.46
169358,-0.37,-9.85
169380,0.33,9.06
169403,-0.08,-2.58
169425,-0.31,-7.87
169448,0.35,9.72
169470,-0.16,-4.70
169493,-0.22,-5.36
169516,0.38,10.38
169538,-0.19,-5.49
169561,-0.11,-2.45
169582,0.38,10.25
169605,-0.28,-8.00
169627,0.00,0.73
169650,0.35,9.33
169672,-0.33,-9.19
169695,0.06,2.18
169717,0.30,7.61
169740,-0.35,-9.72
169762,0.13,3.77
169784,0.23,5.75
169810,-0.14,-3.37
169833,0.38,10.25
169856,-0.27,-7.74
169877,-0.05,-0.60
169900,0.35,9.46
169922,-0.32,-8.93
169945,0.07,2.45
169967,0.33,8.40
169990,-0.34,-9.59
170027,-0.24,-6.02
170049,0.40,10.65
170072,-0.24,-7.08
170094,-0.05,-0.86
170117,0.35,9.33
170139,-0.32,-9.06
170162,0.07,2.45
170184,0.33,8.40
170206,-0.34,-9.33
170228,0.12,3.77
170251,0.27,6.68
170273,-0.37,-10.12
170296,0.14,3.90
170318,0.18,4.43
170341,-0.41,-11.04
170363,0.20,5.49
170386,0.11,2.58
170407,-0.40,-10.52
170434,0.33,8.66
170457,-0.35,-9.59
170479,0.11,3.37
170502,0.25,6.28
170523,-0.37,-10.25
170546,0.16,4.43
170568,0.18,4.56
170591,-0.40,-10.91
170613,0.17,5.09
170636,0.11,2.31
170658,-0.40,-10.78
170681,0.26,7.47
170703,0.00,-0.46
170726,-0.37,-9.99
170748,0.33,8.93
170770,-0.07,-2.45
170792,-0.32,-8.00
170815,0.35,9.72
170838,-0.16,-4.70
170860,-0.23,-5.62
170883,0.38,10.52
170905,-0.19,-5.36
170928,-0.14,-3.24
170950,0.39,10.52
170973,-0.25,-7.21
170995,-0.01,0.20
171021,-0.11,-3.51
171043,-0.28,-7.08
171066,0.36,9.99
171088,-0.18,-4.96
171111,-0.19,-4.70
171133,0.39,10.78
171156,-0.20,-5.89
171177,-0.10,-2.18
171200,0.38,10.12
171223,-0.30,-8.53
171245,0.00,0.60
171268,0.34,8.93
171290,-0.33,-9.06
171313,0.10,3.11
171335,0.31,7.74
171358,-0.35,-9.72
171380,0.14,4.30
171402,0.22,5.49
171424,-0.39,-10.78
171447,0.15,4.30
171469,0.15,3.51
171492,-0.41,-10.91
171514,0.23,6.68
171537,0.07,1.12
171559,-0.39,-10.38
171582,0.31,8.40
171604,-0.03,-1.26
171630,0.14,4.17
171653,0.22,5.36
171675,-0.40,-10.91
171698,0.17,4.83
171719,0.14,3.51
171742,-0.41,-11.04
171764,0.22,6.55
171787,0.07,1.26
171809,-0.38,-10.25
171832,0.30,8.40
171854,-0.03,-1.52
171877,-0.36,-9.33
171899,0.32,8.93
171939,-0.19,-5.09
171979,-0.07,-1.26
172001,0.36,9.59
172023,-0.30,-8.40
172046,0.03,1.52
172068,0.35,9.06
172091,-0.33,-9.19
172113,0.08,2.71
172136,0.28,7.08
172157,-0.37,-10.25
172181,0.14,4.17
172203,0.20,5.22
172225,-0.38,-10.65
172248,0.18,5.09
172273,-0.26,-7.47
172296,-0.03,-0.20
172318,0.35,9.33
172341,-0.34,-9.33
172363,0.08,2.58
172386,0.32,8.13
172408,-0.34,-9.33
172431,0.13,3.77
172452,0.25,6.15
172475,-0.37,-10.38
172497,0.15,4.03
172520,0.16,4.03
172542,-0.42,-11.31
172565,0.17,5.22
172588,0.09,1.92
172610,-0.39,-10.52
172633,0.28,8.00
172655,0.01,-0.33
172677,-0.36,-9.72
172699,0.32,8.80
172722,-0.08,-2.71
172744,-0.33,-8.40
172767,0.34,9.46
172789,-0.15,-4.43
172812,-0.24,-5.89
172834,0.38,10.52
172857,-0.19,-5.22
172882,0.26,7.47
172905,0.02,-0.20
172928,-0.37,-9.99
172950,0.32,8.80
172973,-0.07,-2.31
172995,-0.32,-8.13
173018,0.35,9.72
173039,-0.15,-4.56
173062,-0.24,-5.89
173084,0.38,10.52
173107,-0.19,-5.36
173129,-0.14,-3.37
173152,0.38,10.25
173174,-0.24,-6.94
173197,-0.04,-0.46
173219,0.36,9.59
173242,-0.32,-8.93
173264,0.03,1.39
173287,0.33,8.27
173308,-0.35,-9.72
173331,0.11,3.37
173353,0.25,6.28
173376,-0.37,-10.25
173399,0.17,4.70
173421,0.18,4.43
173444,-0.40,-11.04
173477,-0.39,-10.38
173500,0.29,8.27
173522,-0.03,-1.39
173545,-0.35,-9.06
173568,0.34,9.33
173590,-0.13,-4.03
173613,-0.26,-6.42
173635,0.37,10.25
173658,-0.19,-5.22
173680,-0.13,-2.98
173703,0.38,10.25
173725,-0.26,-7.47
173748,-0.02,-0.07
173770,0.34,9.19
173793,-0.33,-9.19
173815,0.10,2.98
173838,0.29,7.21
173868,0.34,9.46
173901,0.33,8.93
173924,-0.14,-4.17
173946,-0.25,-6.02
173969,0.38,10.65
173991,-0.18,-5.09
174014,-0.14,-3.37
174036,0.39,10.52
174059,-0.26,-7.47
174082,-0.02,0.07
174117,0.29,8.00
174140,-0.00,-0.73
174162,-0.37,-9.72
174185,0.33,9.06
174208,-0.10,-3.11
174230,-0.30,-7.34
174252,0.36,9.99
174274,-0.17,-4.96
174297,-0.20,-5.09
174319,0.39,10.52
174342,-0.19,-5.49
174364,-0.11,-2.71
174387,0.37,9.99
174409,-0.27,-7.61
174432,-0.02,0.07
174454,0.35,9.33
174477,-0.33,-9.06
174499,0.05,2.05
174521,0.31,7.87
174543,-0.35,-9.59
174566,0.12,3.64
174588,0.24,6.02
174611,-0.38,-10.52
174633,0.17,4.83
174656,0.16,3.90
174679,-0.40,-10.91
174701,0.20,5.89
174727,-0.31,-8.66
174749,0.04,1.65
174772,0.32,8.40
174794,-0.34,-9.46
174817,0.12,3.51
174838,0.26,6.42
174861,-0.38,-10.38
174883,0.17,4.70
174906,0.17,4.30
174928,-0.41,-10.91
174951,0.19,5.49
174973,0.10,2.05
174996,-0.40,-10.52
175019,0.28,7.87
175041,-0.00,-0.60
175064,-0.36,-9.59
175086,0.33,8.93
175108,-0.10,-3.24
175130,-0.30,-7.47
175153,0.36,9.99
175175,-0.17,-4.70
175198,-0.21,-5.09
175220,0.39,10.65
175243,-0.20,-5.62
175265,-0.12,-2.71
175288,0.37,9.99
175313,-0.35,-9.19
175336,0.34,9.33
175358,-0.11,-3.37
175381,-0.29,-7.34
175404,0.35,9.72
175426,-0.18,-5.09
175449,-0.20,-5.09
175471,0.38,10.52
175494,-0.20,-5.75
175516,-0.09,-1.65
175538,0.39,10.25
175560,-0.27,-7.74
175583,0.01,0.86
175605,0.35,9.33
175628,-0.34,-9.33
175650,0.06,2.05
175673,0.30,7.61
175695,-0.35,-9.72
175718,0.14,4.17
175740,0.23,5.89
175762,-0.36,-10.12
175799,-0.26,-6.42
175821,0.39,10.52
175844,-0.24,-6.94
175866,-0.05,-0.73
175889,0.35,9.33
175911,-0.34,-9.46
175937,0.35,9.85
175960,-0.18,-5.09
175982,-0.17,-4.17
176005,0.39,10.38
176028,-0.25,-7.34
176051,-0.01,0.33
176073,0.34,8.80
176096,-0.35,-9.85
176118,0.11,3.11
176141,0.23,5.75
176163,-0.38,-10.65
176186,0.19,5.49
176208,0.10,2.05
176231,-0.38,-10.12
176253,0.29,8.13
176276,-0.08,-2.58
176299,-0.33,-8.27
176321,0.34,9.59
176344,-0.18,-4.83
176366,-0.17,-4.17
176389,0.40,10.65
176411,-0.25,-7.21
176434,-0.02,-0.07
176456,0.33,8.80
176479,-0.35,-9.72
176501,0.12,3.77
176524,0.22,5.49
176550,-0.11,-2.18
176573,0.36,9.72
176595,-0.31,-8.66
176618,0.08,2.58
176641,0.31,7.74
176663,-0.35,-9.85
176686,0.15,4.17
176708,0.18,4.30
176731,-0.40,-11.04
176753,0.22,6.28
176776,0.04,0.46
176798,-0.38,-10.12
176821,0.32,8.93
176843,-0.11,-3.51
176866,-0.26,-6.68
176888,0.37,10.25
176911,-0.19,-5.22
176933,-0.12,-2.71
176957,0.36,9.85
176979,-0.30,-8.27
177002,0.04,1.52
177025,0.30,7.74
177047,-0.36,-9.99
177070,0.15,4.43
177092,0.17,4.30
177115,-0.41,-11.04
177137,0.21,6.02
177163,-0.33,-9.19
177185,0.11,3.37
177208,0.24,5.89
177230,-0.39,-10.78
177253,0.15,4.30
177275,0.11,2.45
177298,-0.39,-10.52
177321,0.30,8.53
177344,-0.04,-1.65
177367,-0.32,-8.27
177389,0.35,9.72
177412,-0.18,-4.96
177434,-0.19,-4.70
177457,0.39,10.52
177479,-0.24,-6.94
177502,-0.03,-0.20
177524,0.34,9.06
177547,-0.33,-9.19
177569,0.11,3.51
177592,0.26,6.68
177614,-0.37,-10.25
177637,0.16,4.43
177659,0.14,3.37
177682,-0.40,-10.91
177722,0.22,6.42
177744,-0.08,-2.71
177770,0.14,4.03
177793,0.19,4.83
177815,-0.39,-10.65
177838,0.16,4.56
177860,0.12,2.58
177882,-0.40,-10.78
177904,0.24,7.08
177927,0.04,0.33
177949,-0.37,-9.99
177972,0.30,8.53
177994,-0.04,-1.52
178017,-0.34,-8.93
178039,0.33,9.06
178062,-0.12,-3.90
178084,-0.26,-6.55
178107,0.37,10.25
178129,-0.18,-5.09
178151,-0.17,-4.17
178173,0.39,10.65
178196,-0.22,-6.28
178219,-0.07,-1.39
178241,0.36,9.72
178264,-0.30,-8.53
178286,0.02,1.12
178309,0.33,8.66
178331,-0.33,-9.19
178354,0.10,3.24
178379,-0.18,-4.96
178402,-0.18,-4.17
178424,0.38,10.38
178447,-0.22,-6.42
178469,-0.03,-0.07
178492,0.36,9.72
178514,-0.29,-8.27
178537,0.04,1.65
178558,0.34,8.93
178581,-0.34,-9.33
178604,0.11,3.24
178626,0.27,6.68
178649,-0.38,-10.52
178671,0.15,4.30
178694,0.19,4.70
178716,-0.38,-10.65
178739,0.18,5.09
178761,0.12,2.71
178783,-0.40,-10.65
178805,0.23,6.94
178828,0.01,-0.33
178850,-0.38,-9.99
178873,0.32,8.93
178895,-0.06,-2.18
178918,-0.32,-8.13
178940,0.34,9.46
178963,-0.15,-4.56
178999,-0.37,-10.25
179021,0.15,4.03
179044,0.17,4.03
179066,-0.41,-11.18
179089,0.20,5.89
179111,0.08,1.52
179134,-0.39,-10.38
179156,0.30,8.40
179179,-0.03,-1.39
179202,-0.35,-8.93
179224,0.33,9.33
179247,-0.14,-4.30
179269,-0.25,-6.15
179292,0.38,10.52
179314,-0.19,-5.22
179337,-0.12,-2.71
179359,0.38,10.25
179382,-0.26,-7.61
179404,-0.00,0.60
179426,0.35,9.46
179448,-0.33,-9.33
179471,0.08,2.58
179493,0.30,7.47
179516,-0.35,-9.72
179538,0.15,4.17
179561,0.20,5.09
179584,-0.40,-11.04
179625,0.37,10.12
179649,-0.31,-8.80
179672,0.07,2.45
179693,0.33,8.53
179716,-0.34,-9.46
179738,0.11,3.37
179761,0.25,6.42
179783,-0.37,-10.25
179806,0.16,4.30
179828,0.17,4.03
179851,-0.41,-11.04
179873,0.20,5.75
179896,0.09,1.92
179918,-0.39,-10.38
179941,0.28,8.00
179962,-0.00,-0.73
179985,-0.35,-9.33
180007,0.33,9.19
180030,-0.12,-3.64
180052,-0.29,-7.21
180075,0.35,9.72
180098,-0.17,-4.70
180120,-0.18,-4.56
180143,0.40,10.78
180165,-0.21,-6.28
180188,-0.09,-1.65
180213,-0.07,-2.58
180236,-0.32,-8.13
180258,0.36,10.12
180281,-0.16,-4.56
180303,-0.21,-5.22
180326,0.38,10.52
180348,-0.21,-5.89
180371,-0.11,-2.45
180393,0.37,9.99
180416,-0.27,-7.87
180439,0.01,0.86
180461,0.36,9.33
180484,-0.32,-8.80
180505,0.07,2.45
180528,0.29,7.34
180550,-0.37,-10.12
180573,0.14,4.03
180595,0.20,5.09
180618,-0.39,-10.65
180640,0.18,4.96
180663,0.13,3.11
180685,-0.40,-10.78
180708,0.24,6.94
180730,0.04,0.33
180753,-0.38,-10.12
180775,0.31,8.66
180797,-0.07,-2.45
180824,0.15,4.30
180846,0.19,4.83
180869,-0.39,-10.78
180891,0.17,4.96
180913,0.11,2.31
180935,-0.40,-10.78
180958,0.27,7.47
180980,-0.00,-0.60
181003,-0.37,-9.72
181025,0.33,9.33
181048,-0.09,-2.98
181070,-0.30,-7.61
181093,0.35,9.85
181115,-0.18,-5.22
181138,-0.20,-4.83
181160,0.39,10.52
181183,-0.20,-5.89
181206,-0.10,-2.18
181228,0.37,9.85
181251,-0.29,-8.27
181273,0.06,1.92
181296,0.34,9.06
181317,-0.34,-9.46
181340,0.09,2.98
181362,0.27,6.81
181385,-0.37,-10.25
181407,0.15,4.17
181433,-0.21,-6.28
181455,-0.07,-1.26
181478,0.37,9.85
181500,-0.31,-8.66
181542,0.24,6.81
181565,-0.08,-2.84
181587,-0.32,-8.13
181610,0.36,9.85
181633,-0.16,-4.56
181655,-0.22,-5.49
181678,0.38,10.38
181700,-0.19,-5.36
181723,-0.13,-2.98
181745,0.37,9.85
181768,-0.26,-7.61
181790,-0.04,-0.46
181812,0.35,9.19
181834,-0.33,-8.93
181857,0.10,2.84
181879,0.31,7.87
181902,-0.34,-9.59
181924,0.13,4.03
181947,0.22,5.62
181969,-0.39,-10.78
181992,0.16,4.43
182014,0.14,3.51
182040,-0.02,0.20
182063,0.36,9.72
182085,-0.32,-8.80
182108,0.07,2.31
182129,0.32,8.13
182152,-0.36,-9.85
182174,0.12,3.64
182197,0.23,5.75
182219,-0.37,-10.38
182242,0.16,4.43
182264,0.16,3.90
182287,-0.40,-10.91
182309,0.20,6.02
182332,0.07,1.26
182354,-0.39,-10.25
182377,0.30,8.40
182400,-0.04,-1.65
182422,-0.34,-8.93
182445,0.34,9.46
182466,-0.13,-4.03
182489,-0.25,-6.28
182511,0.37,10.12
182534,-0.19,-5.36
182556,-0.15,-3.77
182579,0.38,10.25
182601,-0.24,-7.08
182624,-0.03,-0.07
182649,-0.11,-3.51
182672,-0.29,-6.94
182694,0.36,9.85
182717,-0.18,-4.96
182739,-0.19,-4.70
182762,0.39,10.65
182785,-0.21,-6.02
182807,-0.10,-1.92
182830,0.37,9.72
182852,-0.30,-8.40
182875,0.01,0.86
182897,0.34,9.06
182920,-0.33,-9.06
182942,0.10,3.11
182964,0.29,7.34
182986,-0.35,-9.85
183009,0.15,4.43
183031,0.20,4.96
183054,-0.39,-11.04
183076,0.16,4.56
183099,0.12,2.71
183121,-0.40,-10.78
183144,0.25,7.21
183166,0.02,0.07
183189,-0.37,-9.85
183212,0.33,9.06
183233,-0.07,-2.31
183266,0.09,1.79
183288,-0.39,-10.38
183311,0.30,8.40
183333,-0.02,-1.12
183356,-0.34,-8.93
183378,0.34,9.46
183401,-0.15,-4.43
183424,-0.24,-5.89
183455,-0.39,-10.65
183490,-0.32,-8.00
183513,0.35,9.72
183535,-0.17,-4.83
183558,-0.20,-4.83
183580,0.40,10.91
183603,-0.21,-6.15
183625,-0.05,-0.46
183647,0.36,9.59
183669,-0.31,-8.53
183692,0.03,1.39
183714,0.33,8.53
183737,-0.34,-9.46
183759,0.12,3.77
183782,0.25,6.28
183804,-0.37,-10.38
183827,0.16,4.56
183849,0.14,3.37
183872,-0.41,-11.04
183900,0.07,1.26
183922,-0.38,-10.12
183945,0.31,8.66
183967,-0.06,-2.31
183990,-0.33,-8.27
184012,0.34,9.59
184035,-0.16,-4.70
184057,-0.22,-5.49
184080,0.37,10.38
184102,-0.19,-5.49
184125,-0.12,-2.71
184147,0.38,10.12
184170,-0.29,-8.27
184193,-0.00,0.60
184215,0.33,8.66
184238,-0.33,-9.19
184260,0.12,3.64
184283,0.27,6.55
184305,-0.37,-10.12
184328,0.16,4.43
184350,0.16,3.90
184373,-0.41,-11.04
184395,0.20,6.02
184417,0.06,1.12
184439,-0.38,-10.25
184462,0.31,8.66
184488,-0.36,-9.85
184511,0.14,3.90
184534,0.20,4.96
184555,-0.40,-10.91
184578,0.17,4.96
184600,0.11,2.58
184623,-0.41,-10.78
184645,0.26,7.47
184668,0.02,-0.07
184690,-0.36,-9.72
184713,0.33,9.06
184735,-0.08,-2.58
184758,-0.31,-7.87
184780,0.35,9.85
184803,-0.17,-4.83
184825,-0.20,-4.96
184848,0.39,10.65
184870,-0.22,-6.15
184893,-0.09,-1.92
184915,0.37,9.85
184938,-0.29,-8.13
184961,0.07,2.31
184982,0.34,8.80
185005,-0.34,-9.33
185027,0.11,3.37
185050,0.25,6.28
185072,-0.38,-10.52
185098,0.39,10.52
185120,-0.24,-7.08
185143,0.01,0.99
185165,0.36,9.46
185188,-0.32,-8.93
185210,0.06,2.31
185233,0.30,7.61
185255,-0.35,-9.85
185278,0.14,4.30
185300,0.22,5.49
185323,-0.38,-10.52
185346,0.17,4.96
185373,-0.40,-10.65
185405,-0.27,-7.74
185427,-0.00,0.46
185449,0.34,9.06
185472,-0.33,-9.33
185494,0.11,3.24
185517,0.29,7.21
185539,-0.35,-9.72
185562,0.16,4.43
185584,0.18,4.43
185607,-0.41,-11.18
185629,0.20,6.15
185652,0.04,0.46
185674,-0.37,-9.85
185697,0.33,8.93
185723,-0.38,-10.52
185746,0.16,4.70
185768,0.09,1.79
185791,-0.38,-10.25
185814,0.32,8.80
185836,-0.09,-2.98
185859,-0.28,-7.08
185881,0.37,10.25
185904,-0.19,-5.22
185927,-0.11,-2.58
185950,0.36,9.72
185972,-0.32,-8.80
185995,0.09,2.71
186017,0.29,7.21
186040,-0.36,-9.99
186062,0.16,4.43
186085,0.14,3.37
186107,-0.40,-10.78
186130,0.26,7.47
186152,-0.02,-1.26
186175,-0.33,-8.53
186198,0.35,9.72
186220,-0.18,-4.96
186244,-0.18,-4.43
186266,0.38,10.25
186289,-0.26,-7.74
186314,0.35,9.59
186337,-0.16,-4.56
186359,-0.20,-4.83
186383,0.39,10.52
186405,-0.24,-7.08
186428,-0.02,0.20
186450,0.34,8.93
186473,-0.34,-9.46
186496,0.14,4.03
186518,0.22,5.49
186541,-0.39,-10.78
186563,0.17,5.22
186586,0.07,1.12
186608,-0.37,-9.99
186631,0.31,8.66
186653,-0.10,-3.24
186676,-0.28,-6.94
186699,0.38,10.38
186722,-0.17,-4.96
186744,-0.07,-0.99
186767,0.37,9.85
186789,-0.32,-9.06
186812,0.08,2.58
186834,0.29,7.34
186857,-0.36,-9.99
186880,0.16,4.43
186902,0.16,3.90
186929,-0.00,0.60
186951,0.34,8.93
186974,-0.35,-9.72
186996,0.14,4.03
187019,0.22,5.36
187041,-0.38,-10.65
187064,0.19,5.62
187086,0.07,1.12
187109,-0.38,-10.12
187131,0.32,8.66
187154,-0.10,-3.37
187176,-0.29,-7.21
187199,0.36,10.12
187222,-0.17,-4.83
187244,-0.12,-2.71
187267,0.37,10.12
187296,0.13,3.77
187330,0.14,3.90
187353,0.16,4.03
187375,-0.41,-11.18
187398,0.19,5.89
187420,0.06,0.99
187443,-0.39,-10.38
187465,0.30,8.27
187488,-0.04,-1.79
187510,-0.33,-8.80
187533,0.34,9.46
187558,-0.40,-10.91
187581,0.19,5.36
187603,0.10,2.18
187626,-0.39,-10.52
187649,0.26,7.47
187671,-0.01,-0.99
187694,-0.35,-9.33
187716,0.33,9.19
187738,-0.14,-4.17
187760,-0.26,-6.55
187783,0.37,10.25
187805,-0.18,-4.83
187828,-0.14,-3.11
187850,0.38,10.12
187873,-0.26,-7.47
187895,0.01,0.86
187918,0.35,9.19
187940,-0.33,-9.33
187963,0.10,3.11
187985,0.29,7.21
188008,-0.36,-9.99
188030,0.15,4.17
188053,0.19,4.83
188076,-0.39,-10.65
188098,0.19,5.36
188121,0.10,1.92
188143,-0.38,-10.25
188169,0.32,8.13
188191,-0.35,-9.72
188214,0.13,4.03
188236,0.22,5.36
188259,-0.38,-10.65
188281,0.17,4.70
188304,0.13,3.24
188326,-0.40,-10.78
188349,0.22,6.68
188370,0.02,0.07
188393,-0.38,-10.12
188416,0.32,8.80
188438,-0.08,-2.71
188461,-0.31,-7.74
188483,0.37,10.12
188506,-0.17,-4.70
188528,-0.19,-4.70
188551,0.39,10.65
188573,-0.22,-6.28
188596,-0.10,-1.92
188618,0.36,9.72
188641,-0.29,-8.27
188663,0.03,1.52
188686,0.34,8.80
188708,-0.33,-9.33
188731,0.11,3.51
188753,0.25,6.28
188789,-0.16,-4.83
188812,-0.22,-5.36
188834,0.38,10.25
188857,-0.21,-5.89
188879,-0.10,-1.92
188902,0.37,9.85
188924,-0.29,-8.13
188947,0.04,1.52
188969,0.33,8.53
188992,-0.34,-9.59
189015,0.12,3.64
189037,0.24,5.89
189060,-0.37,-10.38
189082,0.16,4.56
189105,0.15,3.51
189126,-0.40,-10.65
189150,0.23,6.81
189171,0.03,0.20
189194,-0.37,-9.85
189233,0.24,7.21
189256,-0.12,-3.77
189279,-0.28,-6.94
189301,0.36,9.85
189324,-0.19,-5.09
189346,-0.17,-4.30
189369,0.39,10.52
189394,-0.36,-9.72
189417,0.32,8.66
189440,-0.10,-3.24
189462,-0.29,-7.34
189485,0.35,9.72
189507,-0.17,-4.83
189530,-0.18,-4.56
189552,0.39,10.65
189575,-0.22,-6.42
189597,-0.07,-1.12
189620,0.35,9.46
189642,-0.32,-8.93
189665,0.08,2.71
189686,0.32,8.13
189709,-0.34,-9.59
189731,0.14,4.03
189754,0.21,5.36
189776,-0.38,-10.65
189799,0.15,4.30
189821,0.12,2.84
189844,-0.40,-10.78
189867,0.24,7.08
189889,0.02,-0.07
189912,-0.36,-9.59
189934,0.32,8.80
189957,-0.10,-3.11
189979,-0.30,-7.34
190005,0.15,3.77
190027,-0.41,-11.04
190050,0.21,6.42
190072,0.05,0.73
190095,-0.38,-10.12
190117,0.32,8.80
190140,-0.08,-2.71
190162,-0.31,-7.74
190185,0.35,9.72
190208,-0.18,-5.09
190230,-0.19,-4.83
190253,0.39,10.52
190275,-0.22,-6.42
190298,-0.03,0.07
190320,0.37,9.72
190343,-0.30,-8.53
190365,0.05,1.79
190388,0.31,7.87
190410,-0.35,-9.85
190433,0.13,3.77
190454,0.23,5.62
190477,-0.38,-10.52
190499,0.17,4.70
190522,0.13,3.11
190544,-0.40,-10.65
190567,0.24,7.21
190589,0.01,-0.33
190615,0.10,3.24
190638,0.26,6.55
190660,-0.37,-10.12
190683,0.17,4.70
190705,0.16,3.90
190728,-0.40,-10.78
190750,0.21,6.15
190773,0.06,0.86
190795,-0.38,-10.25
190818,0.30,8.40
190840,-0.05,-1.92
190863,-0.33,-8.27
190885,0.35,9.59
190908,-0.15,-4.56
190930,-0.22,-5.36
190953,0.38,10.52
190976,-0.21,-5.89
190998,-0.10,-1.92
191021,0.36,9.72
191043,-0.30,-8.40
191066,0.03,1.52
191088,0.34,8.80
191111,-0.33,-9.06
191152,0.32,8.93
191175,-0.17,-4.83
191198,-0.21,-5.36
191220,0.38,10.38
191246,-0.38,-10.12
191268,0.31,8.80
191291,-0.06,-2.31
191313,-0.31,-8.00
191336,0.34,9.59
191358,-0.17,-4.70
191381,-0.22,-5.36
191404,0.38,10.52
191426,-0.19,-5.62
191449,-0.09,-1.65
191471,0.38,10.12
191494,-0.30,-8.27
191516,0.05,1.92
191539,0.33,8.40
191560,-0.35,-9.72
191583,0.12,3.51
191605,0.23,5.89
191628,-0.38,-10.52
191650,0.18,4.96
191673,0.14,3.37
191695,-0.40,-10.65
191718,0.23,6.68
191740,0.04,0.33
191763,-0.38,-10.25
191785,0.30,8.53
191808,-0.08,-2.58
191834,0.15,4.30
191856,0.18,4.43
191879,-0.40,-10.91
191901,0.19,5.62
191924,0.07,1.39
191946,-0.39,-10.52
191969,0.29,8.27
191991,-0.04,-1.65
192014,-0.33,-8.40
192036,0.35,9.85
192059,-0.17,-4.83
192081,-0.22,-5.49
192104,0.38,10.52
192126,-0.19,-5.62
192149,-0.10,-1.92
192172,0.37,9.72
192194,-0.29,-8.27
192217,0.03,1.39
192239,0.33,8.53
192262,-0.34,-9.46
192284,0.12,3.77
192307,0.23,5.75
192328,-0.39,-10.78
192352,0.17,4.70
192373,0.12,2.98
192396,-0.40,-10.65
192418,0.25,7.47
192445,-0.34,-9.59
192467,0.11,3.51
192490,0.25,6.15
192513,-0.38,-10.52
192535,0.16,4.56
192558,0.15,3.64
192579,-0.39,-10.65
192603,0.22,6.55
192624,0.04,0.46
192647,-0.38,-10.25
192669,0.31,8.40
192692,-0.08,-2.84
192714,-0.31,-7.74
192737,0.35,9.72
192759,-0.17,-4.70
192782,-0.19,-4.83
192804,0.39,10.78
192827,-0.20,-5.89
192849,-0.07,-1.12
192872,0.36,9.72
192894,-0.29,-8.27
192917,0.07,2.05
192940,0.34,8.80
192962,-0.34,-9.33
192985,0.11,3.64
193007,0.24,6.02
193029,-0.37,-10.25
193082,-0.24,-6.02
193104,0.37,10.12
193127,-0.20,-5.62
193149,-0.11,-2.45
193172,0.37,9.99
193195,-0.28,-8.00
193217,0.01,0.86
193240,0.33,8.66
193262,-0.34,-9.46
193285,0.12,3.77
193307,0.24,5.89
193330,-0.38,-10.52
193352,0.16,4.56
193375,0.13,3.11
193397,-0.39,-10.52
193420,0.25,7.21
193442,-0.01,-0.73
193465,-0.37,-9.59
193487,0.33,9.06
193510,-0.13,-3.90
193532,-0.25,-6.15
193555,0.39,10.78
193577,-0.18,-5.22
193600,-0.11,-2.45
193623,0.37,9.85
193645,-0.29,-8.27
193668,0.03,1.52
193703,0.31,8.53
193726,-0.09,-2.98
193748,-0.30,-7.47
193771,0.36,9.85
193794,-0.17,-4.83
193816,-0.18,-4.30
193839,0.39,10.52
193861,-0.22,-6.42
193884,-0.05,-0.86
193906,0.35,9.33
193929,-0.33,-9.19
193951,0.08,2.71
193974,0.29,7.21
193996,-0.35,-9.72
194019,0.16,4.56
194041,0.19,4.56
194064,-0.39,-10.78
194086,0.20,5.89
194109,0.07,1.39
194131,-0.40,-10.52
194154,0.29,8.27
194177,-0.05,-1.92
194199,-0.32,-8.13
194222,0.36,9.99
194244,-0.16,-4.70
194267,-0.19,-4.70
194292,0.06,0.99
194315,-0.39,-10.38
194337,0.30,8.40
194360,-0.05,-2.05
194382,-0.32,-8.13
194405,0.36,9.85
194427,-0.16,-4.70
194450,-0.21,-5.22
194472,0.38,10.38
194495,-0.20,-5.89
194518,-0.11,-2.05
194540,0.37,9.85
194563,-0.28,-8.00
194585,0.03,1.39
194608,0.34,8.80
194630,-0.34,-9.59
194653,0.12,3.64
194675,0.24,5.75
194698,-0.38,-10.38
194720,0.17,4.70
194743,0.14,3.24
194765,-0.39,-10.65
194788,0.24,7.21
194810,0.01,-0.20
194833,-0.37,-9.85
194855,0.31,8.66
194878,-0.10,-3.24
194904,0.16,4.43
194926,0.15,3.77
194949,-0.40,-10.91
194977,0.03,0.07
195009,0.17,4.17
195032,-0.40,-10.91
195054,0.20,6.02
195077,0.07,1.26
195099,-0.39,-10.38
195122,0.29,8.27
195144,-0.07,-2.31
195167,-0.32,-8.13
195189,0.36,9.99
195212,-0.16,-4.70
195234,-0.19,-4.83
195257,0.39,10.65
195279,-0.21,-6.02
195302,-0.09,-1.65
195324,0.36,9.59
195347,-0.31,-8.53
195369,0.08,2.45
195392,0.32,8.13
195415,-0.35,-9.59
195437,0.14,4.03
195460,0.22,5.36
195482,-0.39,-10.91
195505,0.16,4.70
195530,-0.29,-8.40
195553,0.04,1.65
195575,0.33,8.66
195598,-0.35,-9.59
195620,0.12,3.77
195643,0.23,5.75
195665,-0.38,-10.65
195688,0.16,4.56
195710,0.13,2.98
195733,-0.40,-10.52
195756,0.26,7.34
195778,-0.00,-0.60
195801,-0.37,-9.85
195823,0.32,8.93
195846,-0.12,-3.77
195868,-0.27,-6.55
195891,0.37,10.38
195913,-0.18,-4.96
195936,-0.14,-3.37
195958,0.38,10.25
195981,-0.27,-7.74
196003,0.01,0.86
196026,0.34,8.93
196048,-0.33,-9.33
196071,0.11,3.64
196093,0.25,6.28
196115,-0.38,-10.25
196142,0.38,9.99
196164,-0.26,-7.47
196187,0.01,0.99
196209,0.35,9.19
196232,-0.33,-9.19
196254,0.11,3.37
196277,0.26,6.55
196299,-0.37,-10.25
196322,0.15,4.17
196344,0.15,3.64
196367,-0.40,-10.91
196389,0.22,6.42
196412,0.04,0.33
196433,-0.38,-9.99
196457,0.32,8.66
196478,-0.07,-2.31
196501,-0.31,-7.87
196524,0.35,9.72
196546,-0.18,-4.96
196569,-0.19,-4.70
196591,0.39,10.52
196614,-0.21,-6.28
196637,-0.06,-0.99
196659,0.36,9.72
196681,-0.31,-8.53
196704,0.09,2.84
196726,0.30,7.61
196747,-0.18,-5.09
196769,-0.18,-4.43
196792,0.38,10.25
196814,-0.22,-6.55
196837,-0.06,-1.12
196859,0.35,9.19
196882,-0.31,-8.66
196923,0.17,4.83
196945,0.05,0.86
196968,-0.37,-10.12
196990,0.30,8.40
197013,-0.08,-2.71
197036,-0.31,-7.87
197058,0.34,9.59
197081,-0.18,-5.09
197103,-0.18,-4.43
197126,0.39,10.38
197148,-0.24,-7.08
197171,-0.00,0.60
197193,0.33,8.53
197216,-0.35,-9.72
197238,0.13,3.77
197262,0.19,4.56
197284,-0.40,-10.91
197307,0.22,6.55
197329,0.02,-0.20
197355,0.12,3.77
197378,0.21,5.36
197400,-0.40,-10.78
197424,0.18,5.49
197446,0.06,0.99
197469,-0.37,-9.99
197491,0.32,8.93
197514,-0.11,-3.64
197536,-0.25,-6.15
197559,0.38,10.52
197581,-0.20,-5.75
197604,-0.03,-0.07
197627,0.36,9.46
197650,-0.33,-9.06
197672,0.12,3.51
197695,0.24,5.89
197718,-0.39,-10.78
197740,0.16,4.83
197763,0.07,1.26
197785,-0.38,-10.25
197808,0.31,8.66
197830,-0.10,-3.24
197854,-0.27,-6.68
197876,0.38,10.38
197899,-0.19,-5.49
197921,-0.08,-1.52
197944,0.35,9.33
197970,-0.27,-6.68
197993,0.37,10.38
198016,-0.18,-5.22
198038,-0.09,-1.92
198061,0.36,9.46
198083,-0.33,-9.19
198106,0.10,3.11
198128,0.26,6.42
198151,-0.37,-10.38
198174,0.16,4.56
198197,0.10,2.18
198219,-0.39,-10.38
198242,0.31,8.53
198264,-0.09,-2.98
198287,-0.28,-6.94
198309,0.37,10.38
198332,-0.18,-5.09
198354,-0.10,-1.92
198378,0.36,9.72
198401,-0.32,-8.93
198423,0.10,2.98
198446,0.25,6.28
198468,-0.39,-10.78
198491,0.16,4.83
198513,0.11,2.31
198536,-0.38,-10.12
198558,0.31,8.53
198595,0.31,8.00
198618,-0.36,-9.85
198640,0.15,4.17
198663,0.16,4.03
198685,-0.41,-11.04
198708,0.21,6.42
198731,0.02,-0.20
198754,-0.35,-9.19
198776,0.34,9.46
198799,-0.15,-4.43
198828,0.38,10.38
198860,0.39,10.52
198883,-0.23,-6.68
198905,-0.06,-0.73
198928,0.35,9.33
198950,-0.33,-9.19
198973,0.10,3.11
198995,0.29,7.21
199018,-0.36,-9.85
199041,0.15,4.30
199063,0.19,4.70
199086,-0.40,-11.04
199108,0.17,5.09
199131,0.09,1.79
199153,-0.39,-10.25
199176,0.29,8.27
199198,-0.05,-1.92
199224,0.15,4.17
199246,0.19,4.83
199269,-0.40,-10.91
199291,0.17,5.22
199314,0.09,1.79
199336,-0.39,-10.52
199359,0.29,8.13
199382,-0.05,-1.92
199404,-0.33,-8.66
199427,0.34,9.46
199449,-0.16,-4.70
199472,-0.21,-5.36
199494,0.39,10.65
199517,-0.20,-5.89
199539,-0.05,-0.46
199562,0.37,9.72
199584,-0.31,-8.53
199607,0.07,2.31
199629,0.33,8.40
199652,-0.34,-9.46
199674,0.13,3.90
199697,0.21,5.22
199719,-0.40,-11.04
199742,0.17,4.83
199764,0.11,2.45
199787,-0.40,-10.52
199813,0.33,8.66
199835,-0.34,-9.46
199858,0.13,3.77
199880,0.21,5.22
199903,-0.39,-10.78
199925,0.16,4.70
199948,0.11,2.45
199970,-0.40,-10.65
199993,0.27,7.87
200015,-0.01,-0.73
200038,-0.36,-9.46
200060,0.33,9.19
200083,-0.14,-4.17
200105,-0.25,-6.15
200128,0.37,10.38
200151,-0.18,-5.22
200173,-0.12,-2.84
200196,0.38,10.12
200218,-0.28,-8.00
200241,0.06,1.92
200263,0.33,8.66
200286,-0.34,-9.59
200308,0.11,3.51
200331,0.24,6.15
200353,-0.38,-10.52
200376,0.16,4.56
200398,0.14,3.37
200424,-0.02,0.33
200446,0.35,9.19
200469,-0.33,-9.33
200492,0.10,3.11
200514,0.27,6.94
200537,-0.36,-9.85
200559,0.16,4.43
200582,0.18,4.30
200604,-0.39,-10.52
200627,0.21,6.15
200649,0.05,0.86
200672,-0.38,-10.12
200694,0.30,8.40
200717,-0.09,-2.84
200745,0.35,9.59
200778,0.35,9.72
200801,-0.19,-5.22
200823,-0.19,-4.56
200846,0.38,10.25
200868,-0.22,-6.55
200891,-0.05,-0.60
200913,0.35,9.33
200936,-0.33,-9.06
200958,0.10,2.98
200981,0.29,7.34
201004,-0.36,-10.12
201026,0.16,4.43
201053,-0.22,-6.42
201075,-0.05,-0.60
201098,0.35,9.33
201120,-0.32,-8.93
201143,0.08,2.71
201164,0.28,7.08
201187,-0.36,-10.12
201210,0.16,4.43
201232,0.17,4.03
201254,-0.40,-10.78
201278,0.22,6.28
201299,0.06,0.99
201322,-0.37,-9.99
201345,0.30,8.40
201367,-0.06,-2.18
201390,-0.32,-8.27
201412,0.36,9.85
201435,-0.17,-4.96
201457,-0.20,-4.96
201480,0.39,10.52
201502,-0.21,-6.02
201525,-0.08,-1.52
201547,0.36,9.85
201570,-0.31,-8.53
201592,0.08,2.58
201615,0.31,7.87
201637,-0.35,-9.72
201664,0.38,10.38
201687,-0.22,-6.42
201709,-0.08,-1.52
201732,0.36,9.59
201754,-0.31,-8.66
201777,0.08,2.71
201799,0.30,7.61
201821,-0.35,-9.85
201843,0.13,3.64
201866,0.19,4.70
201888,-0.41,-11.18
201911,0.20,5.75
201933,0.09,1.65
201956,-0.38,-10.25
201978,0.31,8.53
202001,-0.05,-1.79
202023,-0.32,-8.27
202046,0.34,9.33
202068,-0.17,-5.09
202091,-0.20,-4.96
202114,0.39,10.52
202136,-0.22,-6.15
202160,-0.06,-0.86
202182,0.36,9.72
202204,-0.31,-8.66
202227,0.09,2.71
202249,0.29,7.21
202275,-0.19,-4.56
202298,0.39,10.38
202320,-0.23,-6.55
202343,-0.04,-0.46
202365,0.35,9.33
202388,-0.32,-8.93
202411,0.10,3.11
202433,0.27,6.81
202456,-0.36,-9.99
202478,0.15,4.17
202501,0.17,4.17
202523,-0.39,-10.78
202546,0.20,5.89
202568,0.05,0.60
202591,-0.38,-10.12
202613,0.31,8.53
202636,-0.09,-2.98
202663,0.36,9.99
202701,0.07,1.26
202724,-0.38,-10.12
202746,0.29,8.13
202769,-0.06,-2.31
202791,-0.33,-8.40
202814,0.34,9.59
202836,-0.18,-4.96
202859,-0.22,-5.36
202892,-0.34,-8.93
202914,0.34,9.46
202936,-0.17,-4.83
202959,-0.22,-5.49
202982,0.39,10.65
203004,-0.20,-5.89
203027,-0.04,-0.33
203049,0.36,9.72
203072,-0.32,-9.06
203095,0.09,2.58
203117,0.29,7.21
203140,-0.37,-10.38
203162,0.15,4.17
203185,0.16,3.90
203207,-0.40,-10.78
203230,0.23,6.68
203252,0.03,0.07
203275,-0.37,-9.85
203297,0.33,8.80
203320,-0.11,-3.64
203342,-0.28,-6.94
203365,0.37,10.25
203387,-0.18,-4.83
203410,-0.13,-2.84
203432,0.38,10.12
203455,-0.29,-8.27
203478,0.04,1.79
203514,0.32,8.80
203537,-0.10,-3.37
203559,-0.29,-7.21
203582,0.36,9.99
203604,-0.18,-4.83
203627,-0.17,-4.03
203650,0.39,10.38
203672,-0.25,-7.21
203695,0.00,0.60
203717,0.35,9.19
203740,-0.33,-9.06
203762,0.11,3.24
203785,0.26,6.42
203807,-0.38,-10.25
203830,0.16,4.30
203852,0.15,3.64
203875,-0.40,-10.65
203897,0.23,6.68
203920,0.02,-0.20
203942,-0.36,-9.72
203965,0.33,9.06
203987,-0.11,-3.51
204010,-0.28,-6.81
204033,0.37,10.25
204055,-0.18,-4.96
204078,-0.14,-3.51
204100,0.37,9.99
204126,-0.35,-9.19
204148,0.34,9.46
204171,-0.15,-4.30
204193,-0.22,-5.49
204216,0.39,10.65
204238,-0.19,-5.62
204261,-0.10,-2.05
204283,0.35,9.46
204306,-0.30,-8.53
204328,0.08,2.45
204351,0.32,8.40
204374,-0.34,-9.33
204396,0.14,4.03
204419,0.21,5.22
204441,-0.39,-10.78
204464,0.17,4.83
204486,0.09,1.79
204509,-0.39,-10.52
204531,0.29,8.13
204554,-0.05,-1.79
204576,-0.33,-8.40
204608,-0.40,-11.04
204642,-0.40,-10.91
204664,0.21,6.15
204687,0.06,0.99
204709,-0.39,-10.38
204735,0.28,6.94
204758,-0.36,-9.99
204780,0.17,4.70
204803,0.17,4.17
204825,-0.40,-10.78
204848,0.20,5.89
204870,0.05,0.73
204893,-0.38,-10.12
204915,0.30,8.40
204938,-0.07,-2.58
204960,-0.30,-7.61
204983,0.36,9.99
205005,-0.17,-4.83
205028,-0.18,-4.43
205050,0.40,10.78
205073,-0.23,-6.81
205095,-0.05,-0.60
205118,0.34,9.19
205140,-0.32,-9.06
205163,0.11,3.37
205186,0.27,6.81
205208,-0.36,-9.99
205231,0.16,4.30
205253,0.16,3.90
205276,-0.41,-11.04
205298,0.21,6.42
205321,0.04,0.33
205346,0.09,2.98
205369,0.28,7.08
205391,-0.36,-10.12
205414,0.15,4.30
205436,0.17,4.17
205459,-0.41,-10.91
205481,0.20,6.02
205504,0.06,0.86
205527,-0.38,-9.99
205549,0.31,8.66
205572,-0.07,-2.45
205594,-0.31,-7.87
205617,0.34,9.59
205639,-0.18,-4.96
205662,-0.19,-4.56
205684,0.39,10.65
205707,-0.22,-6.42
205729,-0.04,-0.33
205752,0.35,9.33
205774,-0.33,-9.19
205797,0.10,2.98
205819,0.27,6.81
205842,-0.37,-10.12
205864,0.16,4.30
205887,0.16,3.90
205910,-0.39,-10.65
205932,0.22,6.42
205958,-0.34,-9.33
205981,0.11,3.37
206004,0.24,6.15
206025,-0.38,-10.38
206049,0.16,4.56
206071,0.13,3.11
206094,-0.39,-10.38
206116,0.26,7.61
206139,-0.01,-0.86
206161,-0.35,-9.19
206184,0.33,9.06
206206,-0.14,-4.17
206229,-0.23,-5.62
206252,0.39,10.52
206274,-0.19,-5.49
206297,-0.10,-2.05
206319,0.37,9.85
206342,-0.31,-8.80
206364,0.08,2.31
206387,0.31,7.87
206409,-0.34,-9.46
206432,0.14,4.03
206454,0.20,4.96
206477,-0.39,-10.65
206499,0.18,5.22
206528,-0.36,-9.59
206562,-0.31,-7.47
206587,0.14,3.37
206610,-0.41,-11.04
206633,0.25,7.21
206656,0.01,-0.46
206679,-0.36,-9.46
206701,0.33,9.33
206724,-0.14,-4.17
206746,-0.23,-5.62
206769,0.38,10.38
206791,-0.22,-6.42
206814,-0.02,0.20
206836,0.34,8.93
206859,-0.34,-9.33
206882,0.14,4.03
206905,0.19,4.96
206927,-0.39,-10.78
206950,0.20,5.89
206972,0.03,0.33
206995,-0.36,-9.72
207017,0.33,9.06
207040,-0.15,-4.56
207063,-0.21,-5.22
207086,0.40,10.78
207109,-0.23,-6.94
207131,0.00,0.73
207154,0.33,8.66
207176,-0.34,-9.46
207197,-0.18,-4.43
207219,0.39,10.52
207242,-0.27,-7.74
207264,0.03,1.39
207287,0.32,8.13
207310,-0.36,-9.72
207333,0.15,4.03
207355,0.16,3.90
207378,-0.39,-10.65
207400,0.27,7.87
207423,-0.05,-1.65
207446,-0.33,-8.27
207469,0.35,9.59
207492,-0.18,-4.83
207514,-0.13,-3.11
207537,0.36,9.85
207559,-0.30,-8.40
207582,0.08,2.71
207604,0.28,6.94
207627,-0.37,-10.25
207650,0.17,4.70
207673,0.11,2.58
207695,-0.39,-10.25
207718,0.31,8.53
207740,-0.09,-2.98
207763,-0.27,-6.68
207790,0.10,2.18
207812,-0.38,-10.25
207835,0.31,8.66
207857,-0.11,-3.51
207880,-0.26,-6.42
207902,0.38,10.52
207926,-0.19,-5.62
207948,-0.04,-0.33
207971,0.35,9.19
207993,-0.34,-9.46
208016,0.11,3.37
208038,0.21,5.22
208061,-0.40,-10.78
208084,0.20,6.02
208107,0.03,0.33
208130,-0.37,-9.72
208152,0.33,9.06
208175,-0.16,-4.70
208197,-0.23,-5.62
208220,0.38,10.38
208242,-0.22,-6.55
208266,-0.00,0.60
208288,0.33,8.66
208311,-0.35,-9.59
208333,0.13,3.64
208356,0.21,5.22
208378,-0.40,-10.91
208415,-0.12,-2.58
208438,0.36,9.72
208477,-0.24,-7.08
208499,0.09,2.84
208522,0.28,7.08
208544,-0.36,-9.99
208567,0.16,4.30
208589,0.18,4.56
208612,-0.40,-10.91
208634,0.19,5.62
208657,0.05,0.60
208679,-0.38,-10.12
208702,0.32,8.80
208724,-0.09,-2.98
208747,-0.30,-7.34
208770,0.36,9.99
208792,-0.18,-5.09
208815,-0.17,-4.30
208837,0.38,10.12
208860,-0.25,-7.34
208882,0.04,1.52
208905,0.35,9.19
208927,-0.33,-9.33
208950,0.11,3.37
208972,0.24,6.02
208995,-0.38,-10.38
209017,0.15,4.43
209044,-0.28,-7.87
209067,0.06,1.92
209089,0.34,8.80
209112,-0.34,-9.46
209134,0.13,3.77
209157,0.23,5.75
209179,-0.38,-10.52
209202,0.17,4.83
209224,0.11,2.31
209247,-0.39,-10.38
209269,0.29,8.27
209292,-0.04,-1.52
209314,-0.33,-8.40
209337,0.34,9.46
209359,-0.17,-4.70
209382,-0.20,-4.96
209404,0.39,10.52
209427,-0.22,-6.42
209449,-0.04,-0.33
209472,0.35,9.46
209495,-0.33,-9.06
209517,0.10,3.24
209540,0.27,6.81
209562,-0.37,-10.12
209585,0.17,4.70
209607,0.15,3.51
209630,-0.40,-10.65
209655,0.34,8.93
209678,-0.34,-9.46
209701,0.12,3.51
209723,0.23,5.75
209745,-0.38,-10.52
209769,0.17,4.96
209792,0.11,2.18
209814,-0.39,-10.25
209837,0.30,8.40
209859,-0.05,-1.79
209882,-0.32,-8.13
209904,0.35,9.72
209927,-0.17,-4.96
209949,-0.19,-4.70
209972,0.39,10.38
209994,-0.23,-6.94
210017,-0.03,0.07
210039,0.36,9.46
210062,-0.33,-9.06
210084,0.11,3.37
210107,0.26,6.42
210129,-0.37,-10.38
210152,0.14,4.17
210174,0.13,3.11
210197,-0.40,-10.78
210220,0.24,7.21
210245,-0.33,-9.33
210268,0.13,3.77
210290,0.22,5.49
210313,-0.39,-10.78
210336,0.15,4.56
210358,0.11,2.45
210397,-0.37,-10.25
210419,0.18,5.22
210442,0.07,1.26
210464,-0.38,-10.12
210487,0.31,8.53
210509,-0.07,-2.58
210532,-0.31,-7.87
210554,0.35,9.59
210577,-0.18,-4.96
210599,-0.18,-4.56
210622,0.38,10.38
210644,-0.22,-6.42
210667,-0.01,0.46
210690,0.36,9.46
210712,-0.33,-9.06
210735,0.09,2.98
210757,0.27,6.68
210780,-0.37,-10.25
210802,0.15,4.17
210825,0.16,4.03
210847,-0.39,-10.65
210874,0.34,9.06
210896,-0.34,-9.33
210919,0.11,3.37
210941,0.23,5.75
210964,-0.39,-10.78
210987,0.16,4.56
211009,0.13,2.98
211032,-0.39,-10.38
211054,0.28,7.87
211077,-0.02,-1.26
211099,-0.34,-8.66
211122,0.33,9.19
211144,-0.17,-4.70
211167,-0.22,-5.36
211189,0.38,10.38
211212,-0.20,-5.89
211234,-0.07,-1.26
211257,0.36,9.59
211279,-0.31,-8.66
211302,0.09,2.98
211324,0.29,7.47
211347,-0.36,-9.99
211369,0.15,4.17
211392,0.18,4.30
211415,-0.40,-10.78
211437,0.21,6.15
211460,0.06,0.99
211485,0.10,2.98
211508,0.29,7.34
211530,-0.36,-10.12
211553,0.15,4.03
211575,0.16,3.90
211598,-0.41,-11.04
211620,0.21,6.28
211643,0.04,0.60
211665,-0.37,-9.85
211688,0.32,8.93
211710,-0.08,-2.84
211733,-0.29,-7.34
211756,0.36,9.85
211778,-0.19,-5.22
211801,-0.17,-4.03
211823,0.38,10.38
211846,-0.25,-7.21
211869,0.03,1.39
211891,0.34,9.06
211913,-0.33,-9.06
211936,0.12,3.51
211958,0.25,6.15
211981,-0.38,-10.52
212004,0.15,4.43
212027,0.12,2.71
212048,-0.40,-10.65
212072,0.27,8.00
212098,-0.35,-9.59
212120,0.14,4.17
212143,0.20,4.96
212165,-0.40,-10.91
212188,0.17,5.09
212210,0.09,1.92
212233,-0.38,-10.25
212255,0.30,8.53
212278,-0.05,-1.79
212322,0.18,5.36
212344,-0.06,-2.18
212367,-0.33,-8.27
212389,0.35,9.59
212412,-0.16,-4.70
212434,-0.19,-4.70
212457,0.39,10.65
212480,-0.22,-6.28
212502,-0.06,-0.99
212525,0.36,9.59
212547,-0.32,-8.93
212570,0.10,2.84
212592,0.29,7.34
212615,-0.36,-9.99
212637,0.16,4.43
212660,0.17,4.17
212682,-0.40,-10.91
212705,0.21,6.15
212738,0.14,4.03
212760,0.17,4.30
212783,-0.40,-11.04
212805,0.20,6.02
212828,0.05,0.86
212850,-0.37,-9.85
212873,0.32,8.80
212895,-0.10,-3.11
212918,-0.28,-7.08
212940,0.36,9.99
212963,-0.18,-4.96
212985,-0.15,-3.51
213008,0.38,10.25
213030,-0.28,-8.13
213054,0.04,1.79
213076,0.32,8.27
213099,-0.34,-9.46
213122,0.15,4.17
213144,0.19,4.70
213167,-0.39,-10.65
213189,0.19,5.75
213212,0.04,0.46
213234,-0.38,-10.12
213257,0.33,9.06
213279,-0.10,-3.24
213302,-0.25,-6.42
213324,0.39,10.65
213361,0.17,4.03
213384,-0.39,-10.52
213406,0.23,6.81
213429,0.01,-0.20
213451,-0.36,-9.59
213474,0.32,8.80
213496,-0.13,-4.03
213519,-0.24,-5.89
213541,0.38,10.38
213564,-0.18,-5.36
213586,-0.09,-1.79
213609,0.36,9.59
213632,-0.30,-8.53
213654,0.07,2.31
213677,0.30,7.61
213699,-0.36,-9.99
213722,0.15,4.43
213744,0.19,4.83
213767,-0.39,-10.65
213789,0.19,5.49
213812,0.07,1.12
213834,-0.38,-10.12
213858,0.31,8.66
213879,-0.09,-2.98
213903,-0.28,-7.08
213925,0.36,9.99
213951,-0.39,-10.38
213974,0.25,7.34
213996,-0.02,-1.12
214019,-0.35,-9.06
214041,0.33,9.19
214064,-0.15,-4.56
214086,-0.21,-5.09
214109,0.38,10.38
214131,-0.20,-5.75
214154,-0.08,-1.26
214176,0.36,9.59
214199,-0.31,-8.53
214221,0.07,2.45
214264,-0.18,-5.09
214288,-0.05,-0.60
214310,0.34,9.06
214333,-0.33,-9.06
214355,0.11,3.24
214378,0.26,6.55
214401,-0.37,-10.25
214423,0.16,4.43
214446,0.13,3.11
214468,-0.41,-10.91
214491,0.25,7.47
214513,0.00,-0.46
214536,-0.34,-9.06
214558,0.34,9.46
214584,-0.40,-11.04
214607,0.15,4.43
214630,0.09,1.79
214652,-0.40,-10.65
214675,0.30,8.40
214697,-0.05,-1.92
214720,-0.31,-7.74
214743,0.35,9.72
214765,-0.19,-5.22
214788,-0.18,-4.43
214810,0.37,10.12
214833,-0.24,-7.21
214855,-0.02,0.20
214878,0.34,9.06
214900,-0.33,-9.06
214923,0.12,3.64
214945,0.24,5.75
214968,-0.38,-10.52
214990,0.16,4.56
215013,0.11,2.58
215035,-0.39,-10.52
215058,0.28,7.87
215080,-0.03,-1.39
215103,-0.34,-8.80
215126,0.34,9.59
215148,-0.15,-4.56
215171,-0.20,-4.96
215197,0.05,0.86
215220,-0.38,-10.25
215242,0.32,8.80
215265,-0.10,-3.11
215287,-0.27,-6.68
215310,0.37,10.25
215332,-0.19,-5.36
215355,-0.11,-2.31
215377,0.37,9.99
215400,-0.28,-8.00
215422,0.01,0.86
215445,0.33,8.53
215468,-0.34,-9.46
215490,0.13,3.90
215513,0.22,5.62
215535,-0.39,-10.78
215558,0.17,4.96
215580,0.11,2.31
215603,-0.39,-10.38
215625,0.30,8.40
215648,-0.04,-1.65
215670,-0.32,-8.00
215694,0.35,9.46
215716,-0.18,-5.09
215739,-0.18,-4.56
215761,0.38,10.25
215787,-0.36,-9.59
215810,0.33,9.06
215832,-0.12,-3.64
215855,-0.25,-6.15
215877,0.37,10.25
215900,-0.20,-5.62
215922,-0.11,-2.18
215945,0.36,9.72
215967,-0.30,-8.40
215990,0.07,2.31
216012,0.31,7.87
216035,-0.35,-9.59
216058,0.14,3.90
216081,0.19,4.56
216102,-0.40,-10.78
216126,0.20,5.89
216148,0.06,1.12
216187,-0.39,-10.52
216210,0.33,9.19
216232,-0.15,-4.43
216255,-0.23,-5.75
216278,0.38,10.52
216301,-0.19,-5.62
216324,-0.05,-0.46
216346,0.36,9.59
216369,-0.31,-8.80
216391,0.08,2.71
216417,-0.18,-5.09
216439,-0.11,-2.18
216463,0.37,9.85
216485,-0.32,-8.93
216508,0.11,3.24
216530,0.23,5.89
216553,-0.38,-10.65
216576,0.17,4.83
216598,0.07,1.39
216621,-0.37,-9.85
216644,0.33,9.06
216667,-0.13,-4.03
216689,-0.23,-5.62
216712,0.39,10.52
216734,-0.23,-6.68
216758,-0.01,0.33
216780,0.33,8.27
216803,-0.35,-9.59
216825,0.15,4.17
216848,0.16,4.03
216870,-0.40,-10.65
216894,0.25,7.21
216916,-0.04,-1.65
216939,-0.31,-7.87
216962,0.36,10.12
216984,-0.18,-4.96
217007,-0.10,-1.92
217033,-0.11,-3.51
217056,-0.26,-6.42
217078,0.37,10.25
217102,-0.20,-5.89
217124,-0.04,-0.33
217147,0.34,8.93
217169,-0.34,-9.33
217192,0.15,4.17
217214,0.17,4.30
217238,-0.40,-10.91
217261,0.25,7.21
217283,-0.02,-0.99
217306,-0.33,-8.27
217328,0.36,9.99
217351,-0.19,-5.09
217374,-0.14,-3.37
217397,0.36,9.72
217419,-0.30,-8.40
217442,0.10,3.11
217464,0.27,6.68
217487,-0.36,-10.12
217510,0.16,4.70
217533,0.07,1.26
217555,-0.38,-10.12
217578,0.32,8.66
217601,-0.14,-4.17
217627,0.19,5.49
217650,0.06,0.86
217672,-0.37,-9.72
217695,0.32,8.66
217717,-0.16,-4.70
217740,-0.21,-5.22
217763,0.38,10.38
217786,-0.23,-6.94
217808,0.04,1.52
217831,0.33,8.53
217853,-0.35,-9.72
217876,0.16,4.30
217900,0.15,3.64
217922,-0.41,-10.91
217945,0.27,7.74
217967,-0.03,-1.52
217990,-0.33,-8.27
218012,0.36,9.85
218035,-0.18,-4.83
218057,-0.14,-3.37
218081,0.37,9.99
218120,-0.27,-7.87
218143,0.11,3.37
218165,0.24,5.89
218187,-0.37,-10.25
218211,0.16,4.56
218233,0.12,2.71
218269,-0.22,-6.42
218292,-0.05,-0.73
218314,0.35,9.33
218337,-0.33,-9.06
218359,0.11,3.24
218382,0.24,5.89
218404,-0.39,-10.65
218427,0.17,4.83
218449,0.12,2.71
218472,-0.39,-10.38
218496,0.29,8.40
218518,-0.04,-1.52
218541,-0.32,-8.13
218563,0.35,9.59
218586,-0.18,-5.09
218608,-0.18,-4.43
218631,0.38,10.12
218653,-0.25,-7.08
218676,0.05,1.92
218698,0.35,9.06
218721,-0.34,-9.33
218743,0.13,3.77
218766,0.20,4.96
218788,-0.40,-10.91
218811,0.18,5.22
218833,0.09,1.92
218856,-0.37,-9.85
218883,0.29,7.34
218905,-0.36,-9.99
218928,0.16,4.43
218950,0.16,3.90
218973,-0.41,-10.91
218995,0.23,6.68
219018,0.02,-0.20
219040,-0.36,-9.59
219063,0.33,9.19
219085,-0.13,-4.03
219108,-0.24,-5.89
219130,0.37,10.25
219153,-0.21,-5.89
219175,-0.09,-1.92
219198,0.35,9.46
219220,-0.31,-8.66
219243,0.10,3.11
219266,0.29,7.21
219288,-0.36,-9.85
219311,0.16,4.43
219333,0.16,3.90
219356,-0.41,-11.04
219378,0.22,6.55
219402,0.02,-0.20
219424,-0.35,-9.46
219447,0.33,9.19
219469,-0.14,-4.30
219495,0.16,4.56
219517,0.10,2.18
219540,-0.39,-10.38
219563,0.30,8.27
219585,-0.07,-2.31
219608,-0.30,-7.61
219630,0.36,9.85
219653,-0.18,-5.09
219675,-0.17,-4.17
219698,0.38,10.25
219721,-0.26,-7.61
219744,0.03,1.52
219766,0.33,8.53
219789,-0.35,-9.59
219811,0.14,4.03
219834,0.21,5.22
219856,-0.39,-10.65
219879,0.18,5.22
219901,0.06,1.12
219924,-0.37,-9.99
219947,0.32,8.80
219969,-0.10,-3.11
219992,-0.28,-6.94
220020,-0.19,-5.36
220054,-0.20,-5.75
220077,-0.10,-2.18
220102,-0.09,-2.98
220125,-0.29,-7.21
220147,0.36,9.99
220170,-0.18,-4.83
220192,-0.14,-3.24
220216,0.39,10.38
220238,-0.28,-8.00
220261,0.01,0.99
220283,0.32,8.40
220306,-0.35,-9.59
220328,0.14,4.17
220351,0.21,5.36
220374,-0.38,-10.52
220396,0.18,5.36
220419,0.08,1.52
220441,-0.38,-10.12
220464,0.31,8.53
220486,-0.09,-2.98
220509,-0.29,-7.21
220531,0.37,10.25
220554,-0.19,-5.22
220576,-0.13,-3.11
220599,0.37,9.85
220621,-0.29,-8.13
220644,0.02,1.26
220666,0.32,8.27
220689,-0.35,-9.46
220716,0.39,10.52
220738,-0.22,-6.15
220761,-0.06,-0.86
220783,0.35,9.33
220806,-0.33,-9.06
220828,0.11,3.37
220851,0.25,6.28
220873,-0.37,-10.12
220896,0.16,4.43
220918,0.12,2.84
220941,-0.39,-10.38
220963,0.27,7.87
220986,-0.03,-1.39
221008,-0.34,-8.80
221031,0.34,9.33
221053,-0.16,-4.70
221076,-0.19,-4.83
221100,0.39,10.65
221122,-0.23,-6.68
221145,-0.04,-0.33
221167,0.33,8.93
221190,-0.34,-9.46
221212,0.12,3.77
221235,0.24,5.89
221257,-0.37,-10.38
221280,0.17,4.83
221302,0.11,2.31
221328,0.03,1.39
221350,0.31,8.13
221373,-0.35,-9.59
221395,0.15,4.43
221418,0.20,5.09
221441,-0.38,-10.52
221463,0.19,5.62
221486,0.06,0.99
221508,-0.37,-9.99
221532,0.31,8.40
221554,-0.09,-2.98
221577,-0.28,-7.08
221599,0.36,10.12
221622,-0.19,-5.22
221644,-0.13,-2.84
221667,0.37,9.85
221689,-0.29,-8.00
221712,0.04,1.65
221734,0.32,8.13
221757,-0.34,-9.59
221779,0.15,4.30
221802,0.18,4.43
221825,-0.40,-10.91
221847,0.20,5.89
221870,0.05,0.73
221892,-0.37,-9.99
221915,0.31,8.53
221963,0.05,1.92
221985,0.23,5.62
222008,-0.38,-10.52
222030,0.16,4.70
222053,0.10,1.92
222075,-0.39,-10.38
222098,0.29,8.27
222120,-0.07,-2.31
222143,-0.32,-8.00
222166,0.35,9.72
222188,-0.17,-4.70
222211,-0.17,-4.30
222234,0.39,10.52
222257,-0.25,-7.34
222279,-0.01,0.46
222302,0.34,8.80
222324,-0.33,-9.19
222347,0.13,3.77
222369,0.23,5.75
222392,-0.37,-10.38
222414,0.16,4.83
222437,0.08,1.65
222459,-0.39,-10.52
222482,0.30,8.27
222504,-0.08,-2.58
222527,-0.30,-7.34
222550,0.37,10.25
222582,0.31,8.53
222605,-0.11,-3.37
222627,-0.25,-6.28
222650,0.38,10.38
222672,-0.19,-5.36
222695,-0.10,-1.92
222718,0.34,9.19
222741,-0.33,-9.06
222764,0.10,3.11
222786,0.26,6.55
222809,-0.37,-10.25
222831,0.16,4.56
222854,0.12,2.58
222876,-0.38,-10.25
222899,0.30,8.27
222921,-0.07,-2.45
222944,-0.31,-7.74
222966,0.35,9.72
222990,-0.18,-4.96
223012,-0.14,-3.37
223035,0.38,10.12
223057,-0.29,-8.27
223080,0.08,2.58
223102,0.30,7.61
223125,-0.36,-9.85
223148,0.15,4.03
223184,0.38,10.38
223207,-0.20,-5.62
223229,-0.09,-1.79
223252,0.35,9.46
223275,-0.32,-8.80
223297,0.09,2.98
223320,0.27,6.68
223342,-0.37,-10.25
223365,0.17,4.83
223387,0.12,2.84
223410,-0.39,-10.52
223432,0.27,7.87
223456,-0.04,-1.65
223478,-0.32,-8.13
223501,0.36,9.85
223523,-0.18,-4.96
223546,-0.16,-3.90
223568,0.39,10.38
223591,-0.27,-7.74
223613,0.06,1.92
223636,0.33,8.40
223659,-0.35,-9.72
223681,0.14,4.30
223704,0.19,4.83
223726,-0.41,-11.04
223749,0.18,5.49
223771,0.07,1.12
223798,0.10,3.11
223820,0.28,7.08
223843,-0.36,-9.99
223865,0.16,4.43
223906,-0.14,-4.30
223930,-0.17,-4.17
223952,0.38,10.12
223975,-0.27,-7.61
223997,0.07,2.05
224020,0.33,8.66
224043,-0.35,-9.59
224065,0.14,4.03
224088,0.20,4.83
224110,-0.41,-11.18
224133,0.19,5.62
224155,0.08,1.39
224178,-0.37,-9.99
224200,0.32,8.80
224223,-0.09,-2.84
224245,-0.29,-7.21
224268,0.36,9.99
224290,-0.19,-5.22
224313,-0.15,-3.64
224336,0.37,9.85
224359,-0.27,-7.87
224381,0.03,1.52
224404,0.32,8.13
224430,-0.20,-4.83
224452,0.39,10.52
224475,-0.22,-6.42
224497,-0.04,-0.46
224520,0.34,9.19
224542,-0.33,-9.19
224565,0.13,3.77
224587,0.23,5.75
224610,-0.38,-10.52
224633,0.17,4.96
224656,0.10,2.05
224678,-0.38,-10.12
224701,0.30,8.27
224723,-0.08,-2.71
224746,-0.29,-7.34
224769,0.36,10.12
224791,-0.19,-5.22
224814,-0.14,-3.24
224836,0.37,9.99
224859,-0.28,-8.00
224881,0.02,1.12
224904,0.32,8.00
224926,-0.35,-9.59
224949,0.15,4.30
224971,0.20,4.96
224994,-0.39,-10.65
225017,0.19,5.75
225043,-0.32,-8.80
225065,0.09,2.84
225088,0.26,6.55
225111,-0.37,-10.25
225133,0.18,4.96
225156,0.13,3.11
225178,-0.39,-10.52
225201,0.27,7.74
225223,-0.04,-1.65
225247,-0.33,-8.40
225269,0.34,9.59
225292,-0.18,-4.96
225314,-0.17,-4.17
225337,0.39,10.52
225359,-0.26,-7.47
225382,0.02,1.12
225404,0.33,8.66
225427,-0.33,-9.33
225449,0.15,4.30
225472,0.20,4.96
225495,-0.39,-10.65
225517,0.18,5.36
225540,0.07,1.39
225562,-0.38,-10.25
225586,0.30,8.40
225608,-0.10,-3.24
225631,-0.27,-6.81
225656,0.12,2.71
225679,-0.38,-10.25
225701,0.29,8.13
225724,-0.05,-1.92
225746,-0.32,-8.13
225769,0.35,9.46
225792,-0.18,-4.96
225831,-0.14,-3.24
225855,0.33,8.66
225878,-0.33,-9.19
225900,0.15,4.30
225923,0.21,5.09
225945,-0.39,-10.78
225968,0.18,5.36
225990,0.07,1.12
226013,-0.37,-9.99
226035,0.30,8.40
226058,-0.11,-3.51
226081,-0.24,-6.02
226104,0.37,10.25
226126,-0.23,-6.68
226149,-0.02,0.20
226171,0.33,8.80
226195,-0.34,-9.46
226217,0.16,4.43
226240,0.17,4.17
226263,-0.39,-10.52
226289,0.30,7.61
226312,-0.36,-9.85
226334,0.17,4.56
226357,0.12,2.84
226379,-0.39,-10.52
226403,0.31,8.53
226425,-0.10,-3.24
226448,-0.24,-6.02
226470,0.37,10.25
226494,-0.23,-6.55
226516,-0.03,-0.07
226539,0.32,8.40
226562,-0.35,-9.72
226584,0.17,4.83
226607,0.15,3.77
226630,-0.40,-10.65
226653,0.28,7.74
226675,-0.08,-2.58
226698,-0.29,-7.21
226720,0.38,10.52
226744,-0.19,-5.36
226766,-0.07,-1.26
226789,0.33,8.80
226811,-0.35,-9.72
226835,0.13,3.77
226857,0.17,4.17
226883,-0.02,0.07
226906,0.33,8.66
226928,-0.34,-9.46
226952,0.16,4.43
226974,0.15,3.64
226997,-0.40,-10.78
227019,0.27,7.61
227042,-0.06,-2.18
227065,-0.28,-6.94
227088,0.38,10.52
227110,-0.21,-5.89
227133,-0.07,-1.12
227156,0.34,8.93
227179,-0.33,-9.33
227202,0.15,4.43
227224,0.17,4.30
227247,-0.41,-10.91
227270,0.25,7.08
227293,-0.04,-1.65
227315,-0.31,-7.87
227338,0.36,10.12
227360,-0.19,-5.36
227384,-0.09,-1.79
227406,0.34,9.19
227429,-0.34,-9.19
227451,0.14,4.30
227474,0.20,4.96
227501,-0.02,0.20
227523,0.34,9.06
227546,-0.34,-9.59
227568,0.13,4.03
227591,0.18,4.56
227613,-0.39,-10.78
227637,0.21,6.28
227659,0.02,-0.07
227682,-0.35,-9.33
227704,0.33,9.33
227727,-0.16,-4.70
227766,-0.26,-6.42
227789,0.38,10.12
227812,-0.28,-7.87
227834,0.03,1.39
227857,0.33,8.40
227879,-0.34,-9.46
227902,0.14,4.03
227924,0.20,4.96
227947,-0.40,-10.91
227970,0.17,5.09
227992,0.07,1.39
228015,-0.38,-10.12
228037,0.31,8.53
228061,-0.09,-2.98
228083,-0.27,-6.81
228106,0.36,10.12
228142,0.17,4.30
228164,-0.40,-10.78
228188,0.22,6.55
228210,0.01,-0.33
228233,-0.36,-9.46
228255,0.33,9.06
228278,-0.15,-4.43
228300,-0.21,-5.22
228323,0.39,10.65
228345,-0.22,-6.42
228368,-0.04,-0.46
228390,0.33,8.80
228413,-0.35,-9.59
228435,0.12,3.64
228459,0.22,5.36
228482,-0.38,-10.52
228504,0.19,5.62
228527,0.07,1.26
228549,-0.37,-9.99
228572,0.31,8.66
228594,-0.10,-3.24
228617,-0.26,-6.55
228639,0.37,10.25
228662,-0.19,-5.22
228684,-0.10,-1.92
228708,0.36,9.72
228733,-0.30,-7.61
228756,0.35,9.72
228779,-0.18,-4.83
228801,-0.14,-3.37
228824,0.38,10.25
228846,-0.28,-8.13
228870,0.06,2.05
228892,0.30,7.74
228915,-0.37,-10.25
228937,0.16,4.43
228960,0.16,3.90
228982,-0.40,-10.91
229005,0.25,7.34
229027,0.00,-0.46
229050,-0.34,-9.06
229072,0.33,9.33
229095,-0.16,-4.70
229117,-0.21,-5.22
229140,0.38,10.38
229164,-0.22,-6.55
229186,-0.05,-0.60
229209,0.34,9.06
229231,-0.33,-9.06
229254,0.13,3.77
229276,0.23,5.62
229299,-0.38,-10.52
229321,0.16,4.70
229348,-0.32,-8.80
229370,0.10,3.11
229393,0.28,6.94
229415,-0.35,-9.72
229438,0.15,4.17
229460,0.13,3.11
229483,-0.40,-10.65
229506,0.26,7.47
229528,-0.04,-1.65
229551,-0.33,-8.40
229573,0.35,9.72
229596,-0.17,-4.70
229619,-0.17,-4.17
229642,0.38,10.25
229670,-0.02,0.20
229701,-0.26,-6.55
229724,0.36,10.12
229747,-0.19,-5.36
229770,-0.09,-1.92
229792,0.36,9.46
229815,-0.31,-8.66
229837,0.08,2.71
229860,0.28,6.94
229882,-0.36,-9.99
229905,0.16,4.30
229927,0.15,3.51
229950,-0.41,-10.91
229977,0.33,8.53
229999,-0.35,-9.59
230022,0.15,4.30
230044,0.20,4.96
230067,-0.39,-10.52
230089,0.19,5.75
230112,0.04,0.46
230134,-0.38,-10.12
230157,0.33,8.80
230179,-0.12,-3.90
230202,-0.24,-5.89
230224,0.39,10.65
230248,-0.20,-5.62
230270,-0.08,-1.65
230293,0.34,9.19
230316,-0.34,-9.33
230338,0.10,3.11
230361,0.25,6.02
230383,-0.37,-10.38
230406,0.17,4.83
230428,0.11,2.45
230451,-0.39,-10.25
230474,0.29,8.13
230497,-0.08,-2.71
230519,-0.30,-7.34
230542,0.36,10.12
230564,-0.18,-5.09
230590,0.28,7.87
230612,-0.04,-1.65
230636,-0.32,-8.27
230659,0.34,9.46
230681,-0.18,-5.09
230704,-0.17,-4.43
230726,0.38,10.12
230749,-0.26,-7.34
230771,0.02,1.12
230794,0.33,8.53
230816,-0.34,-9.33
230839,0.15,4.30
230861,0.19,4.70
230884,-0.40,-10.91
230906,0.19,5.62
230929,0.05,0.73
230951,-0.36,-9.72
230975,0.31,8.66
230998,-0.12,-3.77
231020,-0.26,-6.42
231043,0.36,10.12
231065,-0.19,-5.49
231088,-0.08,-1.52
231110,0.36,9.46
231133,-0.31,-8.66
231155,0.09,2.98
231182,-0.19,-5.22
231204,-0.14,-3.11
231227,0.37,9.85
231249,-0.29,-8.13
231272,0.04,1.65
231294,0.31,7.87
231317,-0.35,-9.85
231340,0.16,4.43
231362,0.17,4.30
231385,-0.40,-10.78
231407,0.22,6.55
231430,0.01,-0.33
231453,-0.35,-9.33
231476,0.33,9.06
231498,-0.16,-4.70
231521,-0.21,-5.22
231543,0.38,10.25
231566,-0.22,-6.55
231596,0.25,6.15
231633,-0.26,-7.47
231656,0.02,1.26
231678,0.32,8.13
231701,-0.35,-9.72
231724,0.15,4.30
231746,0.18,4.43
231769,-0.41,-11.04
231791,0.23,6.68
231817,-0.33,-8.93
231840,0.11,3.51
231863,0.23,5.62
231885,-0.39,-10.78
231908,0.18,5.22
231930,0.08,1.65
231953,-0.38,-9.99
231975,0.30,8.40
231998,-0.08,-2.58
232020,-0.28,-7.08
232043,0.36,10.12
232066,-0.20,-5.49
232088,-0.13,-2.98
232112,0.36,9.72
232134,-0.30,-8.40
232157,0.07,2.45
232179,0.29,7.34
232202,-0.35,-9.85
232224,0.16,4.56
232247,0.14,3.51
232269,-0.41,-11.04
232292,0.25,7.47
232314,-0.02,-1.12
232337,-0.33,-8.53
232359,0.35,9.59
232382,-0.17,-4.83
232404,-0.18,-4.43
232437,-0.31,-7.74
232460,0.35,9.72
232482,-0.18,-5.09
232506,-0.14,-3.37
232528,0.37,9.99
232551,-0.29,-8.13
232573,0.08,2.58
232596,0.29,7.34
232619,-0.36,-9.99
232641,0.15,4.17
232664,0.13,3.11
232686,-0.41,-10.91
232710,0.28,8.00
232732,-0.05,-1.92
232755,-0.30,-7.47
232777,0.37,10.12
232800,-0.18,-5.09
232822,-0.13,-2.98
232845,0.36,9.46
232867,-0.32,-8.93
232891,0.07,2.45
232913,0.27,6.81
232936,-0.37,-10.25
232958,0.16,4.70
232981,0.11,2.45
233004,-0.39,-10.25
233026,0.30,8.40
233063,0.33,8.66
233085,-0.34,-9.46
233108,0.15,4.17
233131,0.18,4.30
233153,-0.40,-10.91
233176,0.22,6.42
233198,0.01,-0.33
233221,-0.35,-9.19
233244,0.34,9.46
233267,-0.15,-4.43
233289,-0.20,-4.83
233312,0.39,10.52
233334,-0.25,-7.34
233357,-0.03,-0.07
233379,0.33,8.53
233402,-0.33,-9.19
233424,0.15,4.30
233447,0.18,4.43
233470,-0.40,-10.91
233493,0.21,6.42
233516,0.00,-0.60
233546,0.34,9.19
233581,0.21,5.22
233604,-0.39,-10.91
233626,0.18,5.36
233649,0.05,0.73
233671,-0.38,-10.12
233697,0.24,5.89
233719,-0.38,-10.52
233743,0.18,5.22
233765,0.09,1.79
233788,-0.38,-10.12
233810,0.31,8.53
233833,-0.10,-3.24
233856,-0.27,-6.81
233878,0.36,9.99
233901,-0.18,-5.09
233923,-0.11,-2.45
233946,0.36,9.59
233968,-0.31,-8.53
233992,0.07,2.45
234014,0.27,6.94
234037,-0.36,-10.12
234059,0.15,4.43
234082,0.12,2.71
234104,-0.38,-10.12
234127,0.30,8.27
234149,-0.08,-2.71
234172,-0.30,-7.47
234195,0.35,9.72
234218,-0.18,-4.96
234241,-0.13,-2.84
234263,0.37,9.72
234289,-0.33,-8.53
234311,0.33,9.19
234334,-0.18,-4.96
234356,-0.16,-3.90
234380,0.39,10.52
234402,-0.26,-7.61
234425,0.04,1.79
234447,0.31,7.87
234470,-0.35,-9.85
234492,0.15,4.17
234515,0.16,4.03
234537,-0.40,-10.78
234560,0.24,6.94
234583,0.00,-0.46
234605,-0.35,-9.19
234628,0.32,8.80
234650,-0.16,-4.70
234674,-0.21,-5.09
234696,0.38,10.52
234719,-0.22,-6.42
234741,-0.02,0.07
234764,0.34,8.93
234786,-0.34,-9.33
234809,0.12,3.64
234831,0.20,4.96
234854,-0.40,-11.04
234876,0.20,5.89
234903,-0.32,-8.93
234926,0.11,3.37
234948,0.24,5.89
234971,-0.38,-10.52
234993,0.16,4.56
235016,0.09,1.79
235038,-0.38,-10.12
235062,0.31,8.53
235084,-0.10,-3.24
235107,-0.26,-6.42
235129,0.36,10.25
235152,-0.20,-5.75
235174,-0.09,-1.65
235197,0.35,9.46
235219,-0.32,-8.93
235242,0.11,3.51
235265,0.25,6.15
235287,-0.37,-10.38
235311,0.16,4.83
235333,0.09,1.79
235356,-0.38,-10.12
235378,0.29,8.27
235401,-0.10,-3.37
235423,-0.26,-6.55
235446,0.37,10.38
235474,-0.11,-2.31
235507,-0.21,-5.22
235533,0.06,0.99
235555,-0.36,-9.72
235579,0.30,8.13
235601,-0.13,-4.03
235624,-0.26,-6.68
235646,0.37,10.12
235669,-0.18,-5.22
235692,-0.05,-0.60
235714,0.35,9.33
235738,-0.34,-9.33
235760,0.14,4.17
235783,0.15,3.77
235805,-0.41,-11.04
235829,0.27,7.74
235851,-0.05,-2.05
235874,-0.29,-7.21
235896,0.38,10.52
235919,-0.20,-5.75
235941,-0.08,-1.52
235965,0.33,8.80
235987,-0.34,-9.59
236010,0.16,4.70
236033,0.17,4.17
236055,-0.39,-10.52
236079,0.27,7.61
236101,-0.08,-2.58
236128,0.17,4.56
236150,0.11,2.58
236173,-0.38,-10.25
236195,0.32,8.80
236218,-0.12,-3.77
236241,-0.22,-5.49
236264,0.38,10.38
236286,-0.26,-7.47
236309,0.03,1.26
236333,0.31,7.87
236355,-0.36,-9.99
236378,0.16,4.43
236400,0.12,2.84
236423,-0.38,-9.99
236445,0.31,8.66
236469,-0.12,-3.77
236491,-0.24,-5.89
236514,0.38,10.52
236536,-0.23,-6.81
236560,0.01,0.86
236582,0.32,8.13
236605,-0.35,-9.59
236627,0.16,4.30
236650,0.12,2.71
236674,-0.39,-10.38
236696,0.30,8.53
236719,-0.12,-3.77
236745,0.18,5.09
236768,0.06,0.86
236790,-0.37,-9.72
236813,0.33,9.33
236835,-0.17,-4.83
236859,-0.17,-4.30
236881,0.38,10.25
236904,-0.29,-8.27
236926,0.09,2.84
236950,0.27,6.55
236973,-0.38,-10.38
236995,0.19,5.62
237018,0.04,0.46
237040,-0.37,-9.72
237064,0.32,8.93
237086,-0.16,-4.70
237109,-0.17,-4.03
237131,0.38,10.25
237155,-0.29,-8.13
237177,0.09,2.84
237200,0.24,5.89
237222,-0.40,-10.91
237246,0.20,5.75
237268,0.06,1.12
237291,-0.36,-9.72
237314,0.33,9.19
237336,-0.14,-4.30
237363,0.18,5.22
237385,0.04,0.60
237425,-0.31,-7.87
237449,0.38,10.25
237471,-0.25,-7.08
237494,-0.02,-0.07
237516,0.33,8.66
237539,-0.33,-9.19
237561,0.14,4.30
237584,0.19,4.70
237606,-0.41,-11.04
237629,0.20,6.02
237651,0.05,0.73
237674,-0.37,-9.72
237697,0.33,9.06
237719,-0.11,-3.51
237743,-0.24,-6.02
237765,0.36,10.12
237788,-0.21,-6.02
237810,-0.08,-1.52
237833,0.34,9.33
237855,-0.32,-8.80
237878,0.12,3.64
237900,0.23,5.75
237923,-0.38,-10.52
237946,0.18,5.22
237969,0.08,1.52
238005,-0.26,-7.47
238027,0.01,0.86
238050,0.32,8.40
238072,-0.33,-9.33
238095,0.16,4.43
238117,0.18,4.56
238141,-0.40,-10.78
238163,0.22,6.42
238186,0.00,-0.46
238209,-0.35,-9.19
238231,0.34,9.33
238254,-0.16,-4.70
238276,-0.19,-4.70
238299,0.39,10.52
238322,-0.24,-7.08
238345,0.05,1.65
238367,0.33,8.53
238390,-0.35,-9.59
238412,0.15,4.43
238435,0.17,4.30
238457,-0.40,-10.91
238480,0.24,6.94
238502,0.02,-0.20
238525,-0.35,-9.19
238548,0.33,9.33
238571,-0.16,-4.83
238594,-0.20,-4.83
238619,0.04,0.46
238642,-0.36,-9.59
238664,0.33,9.19
238687,-0.13,-4.03
238710,-0.22,-5.49
238733,0.38,10.25
238755,-0.22,-6.42
238778,0.00,0.73
238800,0.34,9.19
238823,-0.33,-9.19
238845,0.12,3.77
238868,0.22,5.49
238891,-0.38,-10.65
238914,0.18,5.22
238937,0.06,1.12
238959,-0.38,-9.99
238982,0.31,8.53
239004,-0.11,-3.64
239027,-0.25,-6.28
239049,0.38,10.38
239072,-0.19,-5.62
239094,-0.07,-0.99
239118,0.35,9.33
239140,-0.33,-8.93
239163,0.11,3.51
239185,0.23,5.75
239208,-0.38,-10.65
239234,0.36,9.59
239256,-0.32,-8.80
239280,0.09,2.98
239302,0.25,6.28
239330,0.16,4.56
239364,0.17,4.96
239386,0.09,1.92
239409,-0.38,-10.25
239432,0.31,8.66
239455,-0.08,-2.71
239477,-0.27,-6.68
239500,0.37,10.12
239522,-0.20,-5.75
239545,-0.11,-2.31
239567,0.35,9.33
239590,-0.31,-8.66
239612,0.09,2.98
239635,0.26,6.55
239657,-0.37,-10.12
239681,0.17,4.83
239704,0.11,2.45
239726,-0.38,-10.38
239749,0.30,8.40
239771,-0.07,-2.45
239794,-0.28,-7.08
239816,0.37,10.38
239839,-0.19,-5.36
239865,0.28,8.00
239888,-0.07,-2.31
239910,-0.30,-7.47
239933,0.36,9.99
239955,-0.18,-4.96
239978,-0.13,-2.98
240002,0.36,9.72
240024,-0.31,-8.53
240047,0.05,1.92
240069,0.28,7.08
240092,-0.37,-10.12
240114,0.17,4.56
240137,0.12,2.84
240159,-0.39,-10.25
240182,0.29,8.13
240205,-0.07,-2.45
240228,-0.29,-7.34
240250,0.36,9.99
240273,-0.19,-5.09
240295,-0.11,-2.45
240318,0.37,9.72
240340,-0.31,-8.66
240363,0.06,2.18
240386,0.27,6.94
240408,-0.37,-10.12
240432,0.15,4.43
240457,-0.27,-7.87
240480,0.05,1.92
240502,0.31,7.74
240525,-0.36,-9.99
240547,0.15,4.30
240570,0.16,4.03
240592,-0.40,-10.78
240616,0.25,7.47
240638,-0.01,-0.99
240661,-0.34,-8.80
240684,0.34,9.33
240706,-0.18,-5.09
240729,-0.18,-4.43
240751,0.38,10.25
240774,-0.26,-7.47
240797,0.05,1.92
240820,0.33,8.53
240842,-0.34,-9.33
240865,0.15,4.30
240887,0.17,4.17
240910,-0.40,-10.78
240932,0.23,6.68
240955,-0.01,-0.73
240977,-0.34,-9.06
241000,0.35,9.72
241024,-0.16,-4.56
241046,-0.16,-3.90
241072,0.00,-0.46
241094,-0.36,-9.59
241117,0.33,8.93
241139,-0.15,-4.56
241163,-0.20,-4.83
241185,0.39,10.52
241208,-0.23,-6.81
241230,-0.01,0.46
241259,-0.34,-9.46
241296,-0.22,-5.36
241318,0.38,10.38
241341,-0.21,-6.15
241363,-0.02,0.07
241386,0.34,8.93
241409,-0.33,-9.19
241431,0.13,4.03
241454,0.21,5.22
241476,-0.39,-10.78
241500,0.20,5.75
241522,0.06,0.99
241545,-0.37,-9.85
241567,0.32,8.66
241590,-0.10,-3.37
241612,-0.25,-6.15
241635,0.38,10.38
241657,-0.20,-5.75
241680,-0.07,-0.99
241707,-0.11,-3.37
241729,-0.25,-6.15
241752,0.39,10.65
241774,-0.20,-5.89
241797,-0.09,-1.65
241820,0.34,9.06
241843,-0.33,-9.19
241865,0.12,3.77
241888,0.23,5.75
241910,-0.37,-10.38
241933,0.19,5.62
241955,0.07,1.12
241978,-0.37,-9.99
242000,0.31,8.53
242023,-0.11,-3.64
242045,-0.25,-6.28
242069,0.38,10.38
242092,-0.20,-5.62
242114,-0.07,-1.12
242137,0.34,9.06
242159,-0.33,-9.19
242182,0.11,3.51
242204,0.21,5.36
242227,-0.40,-10.91
242250,0.19,5.49
242273,0.06,0.99
242305,0.17,4.17
242327,-0.41,-11.04
242351,0.24,7.08
242373,-0.01,-0.73
242396,-0.34,-8.80
242418,0.35,9.72
242441,-0.18,-4.96
242463,-0.16,-3.77
242486,0.38,9.99
242509,-0.29,-8.27
242532,0.05,1.92
242554,0.29,7.34
242577,-0.36,-9.85
242599,0.17,4.70
242622,0.12,2.84
242644,-0.39,-10.65
242667,0.30,8.27
242691,-0.08,-2.71
242713,-0.27,-6.68
242736,0.38,10.52
242758,-0.20,-5.75
242781,-0.08,-1.65
242803,0.33,8.93
242827,-0.34,-9.33
242849,0.13,3.90
242872,0.21,5.22
242894,-0.38,-10.52
242931,-0.11,-2.58
242954,0.37,9.99
242976,-0.30,-8.40
242999,0.09,2.98
243021,0.26,6.28
243044,-0.38,-10.52
243066,0.16,4.70
243089,0.08,1.52
243111,-0.38,-10.12
243135,0.32,8.80
243158,-0.11,-3.51
243180,-0.23,-5.75
243212,-0.40,-10.65
243246,-0.35,-9.19
243268,0.32,8.93
243291,-0.18,-5.22
243314,-0.19,-4.70
243337,0.38,9.99
243359,-0.24,-6.94
243382,-0.01,0.46
243404,0.32,8.53
243427,-0.35,-9.59
243449,0.15,4.30
243472,0.17,4.03
243494,-0.40,-10.91
243518,0.23,6.81
243540,-0.01,-0.86
243566,0.15,4.30
243589,0.18,4.43
243611,-0.41,-11.04
243635,0.21,6.28
243657,-0.00,-0.60
243680,-0.33,-8.66
243702,0.35,9.59
243725,-0.17,-4.83
243747,-0.17,-4.17
243770,0.38,10.25
243792,-0.29,-8.13
243816,0.03,1.39
243838,0.30,7.61
243861,-0.36,-9.99
243884,0.15,4.17
243906,0.13,3.24
243929,-0.38,-10.38
243951,0.28,8.00
243974,-0.06,-2.05
243997,-0.31,-7.87
244020,0.35,9.85
244042,-0.18,-5.09
244065,-0.12,-2.71
244087,0.37,9.85
244110,-0.30,-8.53
244132,0.10,2.98
244159,-0.19,-5.22
244182,-0.14,-3.24
244204,0.36,9.72
244227,-0.30,-8.40
244249,0.07,2.58
244272,0.29,7.21
244294,-0.35,-9.85
244317,0.15,4.30
244339,0.13,3.11
244363,-0.39,-10.52
244385,0.28,7.87
244408,-0.06,-2.18
244430,-0.30,-7.34
244453,0.37,10.25
244475,-0.18,-5.09
244498,-0.11,-2.45
244521,0.35,9.46
244544,-0.32,-8.80
244567,0.10,2.98
244589,0.25,6.15
244612,-0.37,-10.38
244634,0.18,5.22
244657,0.08,1.65
244679,-0.37,-9.99
244702,0.30,8.40
244724,-0.09,-3.11
244748,-0.26,-6.55
244773,0.10,2.18
244796,-0.39,-10.38
244818,0.30,8.40
244841,-0.09,-2.98
244865,-0.27,-6.81
244887,0.37,10.25
244910,-0.20,-5.75
244932,-0.08,-1.52
244955,0.34,9.06
244977,-0.33,-9.19
245000,0.12,3.77
245022,0.22,5.49
245046,-0.38,-10.52
245068,0.19,5.62
245091,0.05,0.73
245113,-0.36,-9.59
245142,-0.14,-4.17
245176,-0.18,-4.96
245198,-0.16,-3.77
245221,0.37,9.85
245243,-0.28,-8.00
245266,0.02,1.12
245288,0.30,7.61
245311,-0.36,-9.99
245335,0.16,4.56
245357,0.15,3.51
245380,-0.38,-10.12
245406,0.27,6.68
245429,-0.38,-10.65
245451,0.18,5.09
245474,0.04,0.60
245497,-0.36,-9.72
245520,0.33,9.33
245542,-0.15,-4.43
245565,-0.17,-4.03
245587,0.38,10.25
245611,-0.30,-8.53
245634,0.08,2.58
245656,0.22,5.36
245679,-0.40,-11.04
245702,0.22,6.42
245725,0.01,-0.33
245747,-0.33,-8.40
245771,0.36,9.99
245793,-0.20,-5.62
245816,-0.10,-2.05
245838,0.34,9.06
245861,-0.34,-9.46
245884,0.15,4.43
245907,0.18,4.43
245929,-0.38,-10.38
245953,0.28,7.87
245976,-0.08,-2.58
245998,-0.27,-6.68
246025,0.08,1.52
246047,-0.36,-9.59
246070,0.34,9.59
246092,-0.15,-4.56
246116,-0.18,-4.56
246138,0.36,9.59
246161,-0.30,-8.53
246183,0.07,2.31
246207,0.24,6.02
246230,-0.38,-10.52
246252,0.21,6.15
246275,0.02,-0.07
246298,-0.34,-9.06
246321,0.33,9.33
246343,-0.20,-5.36
246366,-0.12,-2.58
246389,0.36,9.59
246412,-0.32,-8.80
246434,0.13,3.77
246457,0.20,4.96
246479,-0.40,-10.78
246503,0.25,7.21
246525,-0.04,-1.52
246548,-0.30,-7.61
246571,0.36,10.12
246594,-0.20,-5.75
246620,0.33,9.06
246643,-0.15,-4.43
246666,-0.19,-4.83
246688,0.37,9.99
246711,-0.29,-8.13
246734,0.08,2.58
246757,0.27,6.68
246779,-0.38,-10.52
246802,0.19,5.62
246825,0.03,0.07
246848,-0.36,-9.46
246871,0.34,9.46
246893,-0.17,-4.83
246917,-0.13,-2.98
246939,0.38,9.99
246962,-0.30,-8.40
246984,0.09,2.71
247007,0.25,6.42
247029,-0.39,-10.78
247053,0.18,5.36
247080,-0.36,-9.72
247114,-0.38,-10.12
247137,0.32,8.66
247159,-0.12,-3.90
247182,-0.23,-5.75
247205,0.38,10.52
247228,-0.21,-6.15
247254,0.32,8.66
247276,-0.14,-4.30
247299,-0.23,-5.75
247322,0.39,10.52
247345,-0.21,-6.02
247367,0.01,0.99
247390,0.35,9.19
247412,-0.35,-9.59
247435,0.12,3.64
247457,0.19,4.70
247480,-0.41,-11.04
247503,0.21,6.42
247526,0.02,0.07
247548,-0.35,-9.33
247571,0.34,9.59
247593,-0.15,-4.43
247616,-0.19,-4.70
247639,0.38,10.12
247661,-0.27,-7.61
247685,0.01,0.99
247707,0.32,8.27
247730,-0.35,-9.85
247752,0.16,4.30
247775,0.16,4.03
247797,-0.39,-10.65
247820,0.27,7.74
247842,-0.04,-1.65
247879,-0.33,-9.19
247902,0.14,4.03
247924,0.19,4.83
247947,-0.41,-11.04
247969,0.21,6.28
247993,0.00,-0.46
248015,-0.35,-9.33
248038,0.35,9.59
248060,-0.16,-4.70
248083,-0.16,-3.90
248105,0.39,10.38
248128,-0.29,-8.40
248152,0.03,1.39
248174,0.29,7.34
248197,-0.37,-10.25
248219,0.15,4.30
248242,0.11,2.31
248264,-0.37,-9.99
248287,0.31,8.80
248309,-0.09,-2.98
248333,-0.26,-6.42
248355,0.37,10.25
248378,-0.21,-6.15
248400,0.00,0.73
248423,0.34,9.19
248445,-0.33,-9.19
248468,0.14,4.17
248495,-0.21,-6.02
248517,-0.07,-1.26
248540,0.34,8.93
248562,-0.34,-9.59
248585,0.13,3.90
248608,0.20,4.96
248631,-0.39,-10.65
248653,0.24,6.94
248676,0.01,-0.46
248698,-0.35,-9.19
248721,0.33,9.33
248743,-0.18,-4.96
248766,-0.17,-4.03
248790,0.38,10.25
248812,-0.28,-7.87
248835,0.06,2.18
248857,0.30,7.61
248880,-0.37,-10.12
248902,0.16,4.56
248925,0.11,2.45
248948,-0.38,-10.25
248971,0.31,8.53
248993,-0.09,-2.98
249032,-0.32,-8.13
249056,0.39,10.52
249078,-0.24,-6.94
249104,0.33,9.06
249127,-0.16,-4.70
249150,-0.20,-4.83
249172,0.39,10.52
249195,-0.26,-7.34
249218,0.01,0.99
249240,0.32,8.13
249263,-0.36,-10.12
249286,0.14,3.90
249309,0.13,3.11
249331,-0.40,-10.52
249354,0.29,8.13
249376,-0.07,-2.31
249399,-0.28,-7.08
249421,0.37,10.38
249445,-0.19,-5.36
249467,-0.09,-1.65
249490,0.35,9.33
249512,-0.34,-9.33
249535,0.12,3.64
249558,0.21,5.36
249580,-0.39,-10.65
249604,0.21,6.15
249626,0.02,0.07
249649,-0.36,-9.59
249671,0.33,8.93
249694,-0.16,-4.83
249719,0.20,6.02
249743,0.05,0.60
249765,-0.36,-9.59
249788,0.33,9.06
249810,-0.14,-4.30
249833,-0.20,-5.09
249856,0.38,10.25
249878,-0.26,-7.61
249902,-0.01,0.46
249924,0.31,8.00
249947,-0.35,-9.85
249969,0.15,4.17
249992,0.16,3.90
250014,-0.39,-10.38
250037,0.27,7.74
250059,-0.06,-2.18
250083,-0.32,-8.00
250105,0.34,9.46
250128,-0.18,-5.09
250150,-0.11,-2.45
250173,0.38,9.99
250195,-0.31,-8.80
250218,0.08,2.84
250241,0.24,5.89
250264,-0.39,-10.91
250287,0.17,5.09
250309,0.06,1.12
250335,0.08,2.71
250357,0.25,6.15
250380,-0.38,-10.52
250403,0.20,5.62
250426,0.08,1.52
250448,-0.37,-9.85
250471,0.32,8.93
250493,-0.12,-4.03
250516,-0.22,-5.62
250539,0.38,10.38
250562,-0.22,-6.42
250585,-0.01,0.46
250607,0.34,8.80
250630,-0.34,-9.33
250652,0.15,4.43
250675,0.17,4.17
250697,-0.41,-10.91
250721,0.25,7.21
250743,-0.03,-1.26
250766,-0.32,-8.13
250788,0.35,9.72
250811,-0.19,-5.09
250833,-0.13,-3.11
250856,0.37,9.99
250878,-0.31,-8.66
250902,0.07,2.45
250925,0.27,6.81
250972,0.33,9.33
250994,-0.16,-4.56
251017,-0.19,-4.83
251039,0.38,10.25
251062,-0.27,-7.87
251084,-0.00,0.46
251107,0.31,8.00
251129,-0.35,-9.59
251153,0.16,4.30
251175,0.15,3.77
251198,-0.39,-10.52
251220,0.27,7.61
251243,-0.05,-1.92
251266,-0.31,-7.74
251288,0.36,9.99
251311,-0.19,-5.22
251334,-0.12,-2.71
251357,0.36,9.46
251379,-0.32,-8.80
251402,0.10,2.98
251424,0.25,6.28
251447,-0.38,-10.52
251469,0.17,4.96
251493,0.07,1.26
251515,-0.36,-9.72
251538,0.33,8.93
251560,-0.13,-4.03
251586,0.17,4.83
251609,0.08,1.52
251632,-0.36,-9.72
251655,0.33,8.93
251677,-0.12,-3.90
251700,-0.23,-5.75
251722,0.38,10.38
251745,-0.22,-6.55
251767,0.02,1.12
251791,0.35,9.06
251813,-0.34,-9.33
251836,0.15,4.17
251858,0.17,4.30
251881,-0.39,-10.65
251904,0.25,7.21
251926,-0.02,-1.12
251949,-0.33,-8.53
251972,0.35,9.85
251995,-0.18,-5.09
252017,-0.14,-3.37
252040,0.37,9.85
252062,-0.30,-8.40
252085,0.07,2.45
252107,0.26,6.55
252131,-0.37,-10.38
252153,0.18,5.09
252176,0.08,1.65
252209,0.20,4.83
252231,-0.40,-10.91
252254,0.22,6.42
252276,-0.02,-1.12
252299,-0.33,-8.27
252322,0.36,9.99
252345,-0.18,-5.09
252367,-0.13,-3.11
252390,0.36,9.59
252412,-0.32,-8.93
252435,0.09,2.84
252457,0.23,5.89
252481,-0.38,-10.65
252504,0.19,5.75
252526,0.04,0.60
252549,-0.36,-9.46
252571,0.33,9.19
252594,-0.17,-4.96
252617,-0.19,-4.70
252640,0.37,9.99
252662,-0.27,-7.47
252685,0.06,2.18
252707,0.31,7.87
252730,-0.35,-9.85
252753,0.17,4.83
252776,0.11,2.45
252798,-0.38,-10.25
252835,0.04,1.65
252858,0.31,7.74
252890,0.37,10.38
252922,0.38,10.12
252945,-0.24,-7.08
252968,-0.02,0.20
252991,0.32,8.40
253014,-0.35,-9.72
253036,0.17,4.70
253059,0.16,3.90
253081,-0.40,-10.65
253104,0.27,7.74
253126,-0.04,-1.65
253150,-0.31,-7.87
253172,0.35,9.72
253195,-0.20,-5.36
253217,-0.11,-2.31
253240,0.36,9.72
253262,-0.32,-8.80
253286,0.10,3.11
253308,0.24,6.02
253331,-0.38,-10.65
253353,0.17,5.22
253376,0.06,0.99
253399,-0.37,-9.72
253421,0.33,9.06
253448,-0.39,-10.78
253470,0.18,5.36
253493,0.04,0.60
253515,-0.36,-9.72
253538,0.33,9.06
253560,-0.15,-4.56
253584,-0.20,-5.09
253606,0.38,10.38
253629,-0.26,-7.47
253651,0.04,1.65
253674,0.31,8.00
253697,-0.35,-9.59
253719,0.15,4.30
253743,0.15,3.51
253765,-0.40,-10.65
253788,0.28,8.13
253810,-0.06,-2.18
253833,-0.29,-7.21
253855,0.36,9.99
253879,-0.19,-5.22
253901,-0.10,-2.05
253924,0.36,9.46
253946,-0.33,-9.06
253969,0.12,3.64
253991,0.22,5.49
254014,-0.39,-10.78
254038,0.20,5.89
254063,-0.33,-9.06
254086,0.13,3.90
254108,0.21,5.36
254131,-0.39,-10.78
254154,0.20,6.02
254177,0.03,0.20
254199,-0.35,-9.33
254222,0.33,9.19
254244,-0.17,-4.83
254267,-0.20,-4.96
254289,0.38,10.25
254313,-0.26,-7.47
254336,0.06,2.05
254358,0.32,8.13
254381,-0.35,-9.72
254403,0.16,4.30
254426,0.13,3.24
254448,-0.40,-10.65
254472,0.28,8.13
254494,-0.06,-2.18
254517,-0.28,-6.94
254539,0.37,10.25
254562,-0.20,-5.62
254584,-0.08,-1.52
254608,0.35,9.19
254630,-0.34,-9.46
254653,0.13,3.90
254679,-0.19,-5.62
254701,-0.06,-0.86
254725,0.34,9.19
254747,-0.34,-9.33
254770,0.14,4.03
254792,0.19,4.83
254821,0.20,6.02
254855,0.31,8.40
254877,-0.09,-2.98
254900,-0.26,-6.55
254923,0.37,10.25
254946,-0.21,-5.89
254968,-0.05,-0.46
254991,0.34,9.06
255013,-0.33,-9.33
255036,0.13,3.77
255059,0.18,4.30
255082,-0.40,-10.78
255105,0.27,7.74
255127,-0.08,-2.71
255151,-0.26,-6.55
255173,0.38,10.52
255196,-0.23,-6.68
255219,0.01,0.99
255242,0.32,8.27
255264,-0.35,-9.85
255287,0.16,4.43
255313,-0.29,-8.13
255336,0.10,2.98
255358,0.24,5.75
255381,-0.40,-10.91
255405,0.21,6.15
255427,-0.01,-0.86
255450,-0.32,-8.13
255473,0.37,10.12
255496,-0.19,-5.36
255518,-0.01,0.46
255542,0.34,9.06
255564,-0.35,-9.72
255587,0.16,4.56
255609,0.13,2.98
255633,-0.39,-10.38
255655,0.32,8.80
255678,-0.13,-4.03
255700,-0.21,-5.22
255724,0.38,10.25
255747,-0.28,-8.13
255769,0.05,1.92
255793,0.25,6.42
255815,-0.38,-10.52
255838,0.21,6.02
255860,0.03,0.20
255883,-0.34,-9.06
255906,0.34,9.46
255932,-0.41,-10.91
255955,0.29,8.13
255978,-0.09,-2.98
256001,-0.24,-6.02
256024,0.39,10.65
256047,-0.24,-7.08
256069,0.06,2.05
256092,0.29,7.34
256115,-0.38,-10.38
256138,0.16,4.70
256160,0.05,0.86
256183,-0.36,-9.59
256206,0.34,9.46
256229,-0.18,-5.09
256251,-0.15,-3.64
256275,0.37,9.85
256297,-0.33,-9.19
256320,0.12,3.64
256343,0.20,4.96
256365,-0.40,-10.91
256389,0.25,7.34
256411,-0.04,-1.79
256434,-0.28,-7.08
256457,0.38,10.38
256480,-0.21,-6.15
256502,-0.01,0.33
256529,-0.18,-4.96
256551,-0.15,-3.64
256575,0.37,9.99
256598,-0.32,-8.80
256620,0.12,3.64
256643,0.23,5.62
256665,-0.39,-10.65
256689,0.20,6.02
256711,-0.01,-0.73
256734,-0.33,-8.66
256762,-0.18,-4.96
256796,-0.19,-5.36
256819,-0.08,-1.52
256841,0.35,9.46
256865,-0.32,-8.66
256887,0.12,3.64
256910,0.22,5.49
256932,-0.40,-10.91
256955,0.19,5.62
256977,0.04,0.46
257000,-0.36,-9.59
257022,0.32,8.93
257046,-0.15,-4.43
257069,-0.20,-5.09
257091,0.38,10.25
257114,-0.24,-7.08
257136,0.01,0.99
257163,-0.16,-4.83
257185,-0.19,-4.56
257208,0.38,10.25
257230,-0.27,-7.74
257253,0.04,1.52
257275,0.30,7.61
257299,-0.35,-9.72
257321,0.17,4.83
257344,0.13,3.24
257367,-0.39,-10.65
257389,0.29,8.13
257412,-0.08,-2.58
257434,-0.27,-6.81
257458,0.37,10.12
257480,-0.20,-5.62
257503,-0.06,-0.99
257525,0.35,9.19
257548,-0.33,-9.06
257571,0.12,3.64
257594,0.20,4.96
257616,-0.39,-10.78
257639,0.21,6.42
257661,-0.00,-0.60
257684,-0.35,-9.06
257707,0.34,9.46
257729,-0.17,-4.70
257753,-0.16,-3.90
257788,0.19,5.62
257811,0.04,0.60
257835,-0.36,-9.46
257857,0.33,9.19
257880,-0.16,-4.70
257902,-0.20,-4.96
257925,0.38,10.25
257947,-0.26,-7.61
257971,0.02,1.12
257993,0.31,7.74
258016,-0.35,-9.72
258038,0.16,4.56
258061,0.12,2.84
258083,-0.39,-10.52
258107,0.30,8.13
258129,-0.10,-3.24
258152,-0.25,-6.15
258174,0.38,10.52
258197,-0.21,-6.02
258221,-0.02,0.07
258243,0.33,8.66
258266,-0.35,-9.46
258288,0.13,3.77
258311,0.16,4.03
258333,-0.40,-10.78
258357,0.25,7.34
258382,-0.34,-9.46
258405,0.16,4.43
258427,0.15,3.77
258450,-0.39,-10.52
258473,0.27,7.74
258496,-0.06,-2.05
258519,-0.30,-7.47
258541,0.37,10.25
258564,-0.19,-5.36
258587,-0.09,-1.92
258610,0.35,9.19
258632,-0.34,-9.33
258655,0.12,3.77
258677,0.22,5.49
258716,-0.33,-9.06
258739,0.17,4.70
258761,0.12,2.84
258784,-0.39,-10.38
258807,0.29,8.13
258830,-0.09,-2.84
258852,-0.26,-6.55
258875,0.37,10.25
258897,-0.19,-5.49
258921,-0.02,0.07
258944,0.35,9.33
258966,-0.33,-9.33
258989,0.12,3.77
259014,-0.21,-6.02
259038,-0.05,-0.60
259060,0.35,9.33
259083,-0.32,-8.93
259105,0.14,4.30
259128,0.18,4.56
259150,-0.41,-11.04
259174,0.23,6.81
259196,-0.01,-0.73
259219,-0.33,-8.66
259241,0.34,9.33
259264,-0.18,-4.83
259287,-0.14,-3.24
259310,0.38,10.12
259333,-0.30,-8.40
259355,0.10,2.98
259378,0.26,6.42
259400,-0.37,-10.25
259423,0.18,5.22
259445,0.07,1.39
259469,-0.37,-9.85
259491,0.31,8.53
259514,-0.12,-3.90
259536,-0.23,-5.62
259559,0.38,10.38
259581,-0.23,-6.68
259605,-0.03,-0.07
259631,-0.16,-4.70
259653,-0.18,-4.56
259677,0.38,10.12
259699,-0.28,-8.13
259722,0.07,2.18
259744,0.29,7.47
259767,-0.36,-9.85
259789,0.18,4.96
259813,0.12,2.84
259835,-0.38,-10.25
259858,0.29,8.13
259880,-0.09,-2.98
259903,-0.26,-6.42
259926,0.39,10.65
259949,-0.20,-5.75
259972,-0.06,-0.86
259994,0.33,8.80
260017,-0.34,-9.46
260039,0.14,4.03
260062,0.18,4.43
260085,-0.40,-11.04
260108,0.24,6.94
260130,0.00,-0.46
260153,-0.33,-8.66
260175,0.34,9.33
260198,-0.18,-5.09
260225,0.23,6.68
260247,-0.01,-0.73
260270,-0.33,-8.66
260292,0.35,9.85
260315,-0.18,-5.09
260338,-0.16,-3.77
260361,0.37,9.85
260383,-0.30,-8.53
260406,0.05,1.92
260428,0.28,6.94
260451,-0.36,-9.99
260474,0.18,4.96
260497,0.11,2.45
260519,-0.37,-9.99
260542,0.31,8.53
260564,-0.09,-2.98
260587,-0.26,-6.55
260610,0.37,10.12
260655,-0.30,-7.61
260677,0.38,10.12
260700,-0.26,-7.61
260723,0.01,0.73
260746,0.31,8.00
260768,-0.36,-9.99
260791,0.17,4.70
260813,0.14,3.51
260836,-0.39,-10.38
260862,0.31,7.87
260885,-0.35,-9.72
260908,0.14,4.03
260930,0.15,3.64
260953,-0.39,-10.52
260975,0.28,7.87
260998,-0.05,-1.79
261021,-0.30,-7.47
261044,0.34,9.59
261066,-0.19,-5.22
261089,-0.12,-2.58
261111,0.36,9.59
261134,-0.31,-8.53
261157,0.10,3.11
261180,0.24,6.02
261202,-0.38,-10.38
261225,0.18,5.36
261248,0.06,0.86
261270,-0.37,-9.72
261294,0.32,8.66
261316,-0.13,-3.90
261339,-0.20,-4.96
261361,0.39,10.52
261384,-0.23,-6.68
261406,-0.02,0.07
261430,0.33,8.40
261452,-0.36,-9.85
261478,0.38,10.38
261500,-0.23,-6.68
261524,0.01,0.86
261547,0.32,8.27
261569,-0.35,-9.59
261592,0.15,4.30
261614,0.15,3.64
261637,-0.40,-10.78
261660,0.26,7.47
261683,-0.04,-1.65
261705,-0.29,-7.21
261728,0.36,10.12
261750,-0.20,-5.49
261773,-0.07,-1.12
261796,0.35,9.19
261819,-0.33,-8.93
261841,0.11,3.64
261864,0.21,5.22
261886,-0.39,-10.78
261910,0.22,6.28
261933,0.02,-0.07
261955,-0.35,-9.33
261978,0.33,9.33
262000,-0.16,-4.70
262023,-0.16,-3.90
262045,0.38,10.38
262069,-0.27,-7.74
262102,-0.19,-5.49
262124,-0.06,-0.86
262147,0.35,9.33
262169,-0.33,-8.93
262192,0.14,4.03
262214,0.18,4.43
262238,-0.40,-10.91
262260,0.24,6.94
262283,-0.02,-1.12
262305,-0.30,-7.61
262329,0.35,9.72
262351,-0.19,-5.09
262374,-0.11,-2.31
262396,0.35,9.46
262419,-0.32,-8.80
262443,0.11,3.51
262465,0.20,5.09
262488,-0.39,-10.78
262510,0.22,6.42
262533,0.01,-0.33
262555,-0.34,-8.93
262585,-0.21,-5.89
262618,-0.14,-4.17
262640,-0.20,-4.96
262663,0.38,10.38
262685,-0.26,-7.34
262722,-0.36,-9.72
262745,0.33,8.93
262767,-0.14,-4.17
262791,-0.21,-5.22
262813,0.38,10.25
262836,-0.25,-7.21
262858,0.01,0.86
262881,0.31,8.13
262903,-0.35,-9.59
262927,0.15,4.30
262949,0.14,3.37
262972,-0.39,-10.52
262994,0.29,8.27
263017,-0.06,-2.18
263040,-0.28,-6.94
263063,0.36,9.99
263086,-0.20,-5.62
263108,-0.06,-0.73
263131,0.35,9.33
263153,-0.32,-8.66
263177,0.13,3.90
263199,0.21,5.22
263222,-0.40,-10.78
263244,0.22,6.28
263267,0.01,-0.33
263289,-0.35,-9.19
263313,0.33,9.19
263339,-0.39,-10.65
263361,0.24,6.94
263384,-0.02,-0.99
263407,-0.33,-8.53
263430,0.35,9.59
263452,-0.19,-5.22
263475,-0.14,-3.37
263497,0.35,9.46
263520,-0.30,-8.40
263543,0.11,3.24
263566,0.25,6.28
263588,-0.37,-10.25
263611,0.16,4.70
263633,0.05,0.73
263656,-0.36,-9.85
263680,0.31,8.66
263702,-0.14,-4.30
263725,-0.20,-4.96
263747,0.39,10.52
263770,-0.25,-7.21
263793,0.02,0.99
263816,0.31,7.87
263838,-0.35,-9.85
263861,0.17,4.70
263883,0.13,3.24
263906,-0.39,-10.38
263929,0.30,8.27
263955,-0.36,-9.85
263977,0.16,4.43
264000,0.11,2.45
264023,-0.39,-10.38
264046,0.31,8.66
264069,-0.11,-3.24
264091,-0.24,-5.89
264114,0.38,10.38
264137,-0.22,-6.42
264160,-0.03,-0.20
264182,0.33,8.66
264205,-0.34,-9.33
264227,0.15,4.17
264250,0.16,3.90
264272,-0.39,-10.65
264296,0.25,7.21
264318,-0.04,-1.65
264341,-0.31,-7.87
264364,0.35,9.72
264386,-0.19,-5.22
264410,-0.11,-2.58
264432,0.36,9.46
264455,-0.33,-9.06
264477,0.11,3.37
264500,0.24,5.89
264541,-0.39,-10.25
264567,0.16,4.03
264590,-0.40,-10.78
264612,0.26,7.34
264635,-0.05,-1.79
264658,-0.31,-8.00
264681,0.34,9.59
264704,-0.18,-4.96
264726,-0.11,-2.18
264749,0.36,9.59
264772,-0.33,-9.06
264795,0.13,3.90
264817,0.17,4.17
264840,-0.40,-10.65
264863,0.29,8.27
264886,-0.09,-2.98
264908,-0.23,-5.89
264932,0.39,10.52
264954,-0.24,-7.08
264977,0.03,1.39
264999,0.30,7.61
265023,-0.35,-9.85
265046,0.17,4.83
265068,0.07,1.26
265091,-0.35,-9.46
265114,0.33,8.93
265137,-0.18,-5.09
265159,-0.15,-3.64
265186,-0.06,-2.18
265208,-0.26,-6.42
265232,0.38,10.38
265254,-0.23,-6.68
265277,0.02,1.12
265300,0.30,7.61
265323,-0.36,-9.99
265346,0.16,4.70
265368,0.08,1.52
265392,-0.37,-9.85
265414,0.32,8.80
265437,-0.17,-4.83
265460,-0.16,-3.90
265483,0.37,9.99
265505,-0.31,-8.80
265528,0.11,3.51
265551,0.22,5.36
265574,-0.40,-10.78
265596,0.25,7.21
265620,-0.04,-1.79
265643,-0.28,-7.08
265665,0.37,10.25
265689,-0.21,-6.15
265711,-0.01,0.46
265734,0.31,7.87
265756,-0.36,-9.99
265780,0.17,4.83
265805,-0.31,-8.53
265829,0.12,3.90
265851,0.20,4.96
265874,-0.40,-10.78
265897,0.25,7.34
265920,-0.06,-2.18
265943,-0.27,-6.68
265966,0.37,10.25
265989,-0.22,-6.68
266011,-0.00,0.46
266034,0.30,7.47
266057,-0.36,-9.99
266080,0.17,4.83
266102,0.08,1.52
266125,-0.37,-9.85
266148,0.32,8.93
266171,-0.17,-4.83
266193,-0.15,-3.64
266217,0.36,9.72
266240,-0.32,-8.80
266262,0.12,3.64
266285,0.20,4.96
266308,-0.38,-10.25
266331,0.24,7.08
266353,-0.02,-0.99
266376,-0.32,-8.27
266399,0.34,9.59
266425,-0.38,-10.25
266454,-0.09,-3.11
266487,-0.15,-4.43
266511,-0.19,-4.70
266533,0.38,10.25
266556,-0.27,-7.87
266578,0.03,1.39
266601,0.30,7.61
266624,-0.35,-9.85
266647,0.17,4.83
266670,0.13,2.98
266692,-0.39,-10.38
266715,0.29,8.13
266737,-0.08,-2.84
266760,-0.26,-6.55
266783,0.37,10.12
266806,-0.20,-5.89
266828,-0.02,0.20
266851,0.35,9.19
266873,-0.33,-9.06
266896,0.14,4.03
266919,0.19,4.83
266942,-0.39,-10.65
266964,0.24,6.81
266987,-0.01,-0.86
267010,-0.33,-8.66
267036,0.16,3.90
267059,-0.40,-10.65
267081,0.27,7.61
267104,-0.04,-1.79
267127,-0.30,-7.61
267150,0.35,9.72
267172,-0.19,-5.22
267195,-0.10,-2.05
267217,0.36,9.59
267240,-0.32,-8.66
267264,0.12,3.51
267286,0.22,5.49
267309,-0.39,-10.78
267331,0.18,5.36
267354,0.02,-0.20
267376,-0.35,-9.33
267400,0.34,9.33
267422,-0.16,-4.56
267445,-0.16,-3.90
267467,0.38,10.25
267490,-0.29,-8.13
267513,0.07,2.31
267536,0.26,6.42
267558,-0.37,-10.38
267581,0.19,5.49
267603,0.08,1.65
267626,-0.37,-9.85
267663,0.02,1.12
267685,0.29,7.47
267708,-0.36,-9.99
267731,0.15,4.03
267754,0.12,2.71
267777,-0.38,-10.12
267799,0.31,8.66
267822,-0.11,-3.77
267845,-0.22,-5.62
267868,0.38,10.38
267890,-0.24,-6.81
267913,0.00,0.73
267935,0.32,8.13
267958,-0.35,-9.85
267981,0.17,4.56
268004,0.14,3.37
268026,-0.38,-10.25
268049,0.30,8.27
268071,-0.09,-2.84
268095,-0.26,-6.42
268118,0.37,10.12
268140,-0.22,-6.42
268163,-0.04,-0.33
268186,0.32,8.40
268209,-0.33,-9.33
268231,0.17,4.70
268254,0.15,3.77
268280,0.00,0.60
268303,0.31,8.13
268325,-0.35,-9.72
268348,0.17,4.56
268370,0.15,3.64
268408,-0.28,-8.00
268431,0.14,3.90
268453,0.19,4.83
268476,-0.39,-10.52
268499,0.25,7.21
268522,-0.02,-0.99
268545,-0.33,-8.53
268567,0.33,9.46
268590,-0.18,-4.96
268613,-0.12,-2.58
268636,0.37,9.85
268658,-0.31,-8.53
268681,0.11,3.24
268703,0.23,5.62
268726,-0.39,-10.91
268749,0.20,5.75
268772,0.04,0.46
268794,-0.35,-9.33
268817,0.34,9.33
268839,-0.16,-4.56
268863,-0.17,-4.30
268886,0.38,10.25
268911,-0.34,-8.66
268935,0.34,9.59
268957,-0.17,-4.70
268980,-0.13,-2.98
269002,0.37,9.99
269025,-0.31,-8.53
269048,0.09,2.84
269071,0.23,5.75
269093,-0.39,-10.78
269116,0.18,5.36
269138,0.04,0.46
269161,-0.35,-9.33
269185,0.33,9.19
269207,-0.18,-4.96
269230,-0.18,-4.30
269252,0.38,10.12
269275,-0.29,-8.13
269298,0.08,2.58
269321,0.28,6.94
269343,-0.35,-9.85
269366,0.17,4.83
269388,0.09,1.79
269411,-0.38,-10.12
269434,0.31,8.66
269457,-0.14,-4.30
269479,-0.22,-5.49
269502,0.38,10.25
269529,-0.35,-9.19
269551,0.33,9.06
269574,-0.18,-4.96
269597,-0.17,-4.17
269620,0.37,9.99
269642,-0.28,-7.87
269665,0.06,2.05
269687,0.28,7.08
269710,-0.36,-9.99
269733,0.14,4.03
269756,0.10,1.92
269778,-0.37,-9.99
269801,0.31,8.80
269824,-0.11,-3.64
269846,-0.22,-5.49
269870,0.39,10.65
269892,-0.24,-6.81
269915,-0.01,0.33
269937,0.31,8.00
269960,-0.35,-9.85
269983,0.16,4.56
270006,0.14,3.37
270028,-0.39,-10.38
270051,0.30,8.40
270073,-0.09,-2.84
270097,-0.25,-6.42
270123,0.09,1.65
270145,-0.38,-10.25
270169,0.32,8.80
270191,-0.13,-3.77
270214,-0.21,-5.09
270236,0.39,10.52
270260,-0.25,-7.47
270282,0.00,0.60
270305,0.32,8.13
270345,-0.41,-11.31
270368,0.29,8.13
270391,-0.09,-3.11
270413,-0.25,-6.28
270436,0.39,10.52
270459,-0.21,-6.15
270482,-0.05,-0.73
270504,0.32,8.40
270527,-0.35,-9.72
270550,0.15,4.43
270573,0.16,4.17
270596,-0.39,-10.52
270618,0.28,8.00
270641,-0.05,-1.79
270663,-0.30,-7.47
270687,0.34,9.72
270709,-0.19,-5.36
270732,-0.10,-2.05
270757,-0.09,-2.84
270781,-0.26,-6.42
270803,0.37,10.12
270826,-0.21,-6.15
270849,-0.01,0.60
270872,0.33,8.80
270895,-0.33,-9.33
270917,0.16,4.83
270940,0.17,4.03
270962,-0.39,-10.52
270986,0.26,7.47
271008,-0.06,-1.92
271031,-0.30,-7.34
271053,0.36,9.99
271076,-0.19,-5.36
271098,-0.08,-1.26
271122,0.35,9.46
271144,-0.32,-8.80
271167,0.12,3.64
271190,0.19,4.83
271212,-0.40,-11.04
271236,0.22,6.55
271258,-0.01,-0.73
271281,-0.33,-8.53
271303,0.35,9.72
271326,-0.18,-4.96
271349,-0.14,-3.51
271375,-0.05,-1.92
271397,-0.29,-7.34
271421,0.37,10.38
271443,-0.18,-5.22
271466,-0.03,-0.20
271489,0.35,9.19
271511,-0.34,-9.46
271535,0.13,3.90
271557,0.17,4.30
271580,-0.40,-10.91
271602,0.26,7.47
271625,-0.02,-1.12
271648,-0.31,-7.74
271671,0.36,9.99
271693,-0.19,-5.36
271716,-0.11,-2.18
271738,0.34,9.33
271762,-0.32,-8.93
271784,0.13,3.90
271807,0.21,5.22
271830,-0.39,-10.78
271852,0.22,6.55
271876,0.00,-0.46
271898,-0.34,-8.93
271921,0.34,9.59
271943,-0.18,-4.96
271976,-0.10,-3.24
271998,-0.23,-5.75
272021,0.37,10.25
272045,-0.24,-6.81
272067,0.05,1.92
272090,0.32,8.27
272112,-0.35,-9.59
272136,0.17,4.83
272158,0.12,2.84
272181,-0.37,-10.12
272203,0.31,8.53
272226,-0.12,-3.77
272249,-0.22,-5.49
272278,-0.26,-7.61
272311,-0.19,-5.22
272333,-0.14,-3.24
272356,0.35,9.46
272378,-0.31,-8.66
272401,0.11,3.37
272424,0.23,5.62
272447,-0.38,-10.65
272470,0.20,6.15
272492,-0.00,-0.60
272516,-0.34,-8.93
272538,0.33,9.33
272561,-0.18,-4.96
272583,-0.13,-2.98
272620,0.23,6.81
272643,-0.01,-0.86
272665,-0.33,-8.27
272689,0.36,9.85
272711,-0.18,-4.83
272734,-0.12,-2.84
272756,0.35,9.33
272779,-0.33,-9.19
272802,0.11,3.37
272825,0.21,5.22
272847,-0.39,-10.78
272870,0.23,6.68
272892,0.00,-0.60
272916,-0.34,-8.80
272939,0.34,9.46
272961,-0.19,-5.09
272984,-0.14,-3.37
273006,0.37,9.85
273030,-0.31,-8.53
273052,0.11,3.24
273075,0.24,5.89
273097,-0.38,-10.65
273120,0.18,5.62
273143,0.03,0.07
273166,-0.35,-9.33
273188,0.33,8.93
273211,-0.17,-4.83
273238,0.23,6.68
273260,-0.01,-0.86
273283,-0.33,-8.53
273305,0.34,9.46
273328,-0.18,-5.09
273351,-0.11,-2.31
273374,0.36,9.59
273396,-0.32,-8.93
273419,0.11,3.37
273441,0.22,5.49
273465,-0.38,-10.52
273487,0.19,5.89
273510,0.01,-0.33
273532,-0.35,-9.19
273555,0.34,9.33
273579,-0.17,-4.70
273601,-0.14,-3.11
273624,0.38,10.12
273646,-0.30,-8.53
273670,0.08,2.58
273692,0.23,5.62
273715,-0.39,-10.65
273737,0.18,5.49
273760,0.04,0.46
273782,-0.35,-9.46
273806,0.33,9.19
273831,-0.40,-10.91
273854,0.21,6.15
273878,-0.01,-0.73
273900,-0.33,-8.66
273923,0.35,9.72
273945,-0.17,-4.70
273968,-0.13,-2.98
273991,0.36,9.72
274014,-0.32,-8.93
274036,0.11,3.37
274059,0.23,5.75
274081,-0.38,-10.65
274105,0.19,5.75
274127,0.02,0.07
274150,-0.35,-9.19
274172,0.33,9.06
274195,-0.17,-4.96
274236,-0.11,-2.45
274276,0.26,6.55
274298,-0.38,-10.65
274321,0.17,4.96
274343,0.07,1.26
274366,-0.36,-9.59
274390,0.33,9.33
274412,-0.15,-4.30
274435,-0.20,-4.96
274457,0.38,9.99
274484,-0.34,-8.93
274506,0.35,9.85
274530,-0.17,-4.83
274552,-0.10,-2.18
274575,0.34,9.06
274597,-0.34,-9.59
274621,0.15,4.17
274643,0.14,3.51
274666,-0.39,-10.52
274690,0.32,8.80
274712,-0.11,-3.64
274735,-0.20,-4.83
274758,0.38,10.12
274781,-0.30,-8.53
274803,0.07,2.58
274827,0.21,5.22
274849,-0.40,-10.78
274872,0.25,7.21
274895,-0.04,-1.79
274918,-0.27,-6.68
274940,0.37,10.25
274964,-0.22,-6.55
274987,-0.00,0.46
275009,0.29,7.47
275033,-0.36,-9.99
275055,0.17,4.83
275078,0.05,0.73
275104,0.11,3.51
275127,0.19,4.56
275149,-0.40,-10.78
275173,0.27,7.74
275195,-0.06,-2.05
275218,-0.25,-6.28
275241,0.39,10.52
275264,-0.24,-7.08
275287,0.02,1.12
275310,0.28,7.08
275333,-0.37,-10.25
275355,0.19,5.49
275379,0.03,0.33
275401,-0.34,-8.80
275424,0.34,9.46
275447,-0.19,-5.22
275470,-0.09,-1.52
275492,0.34,9.06
275515,-0.34,-9.46
275538,0.14,4.03
275561,0.13,3.11
275584,-0.38,-10.12
275607,0.33,8.93
275630,-0.16,-4.56
275653,-0.17,-4.17
275676,0.36,9.72
275698,-0.32,-8.66
275725,0.38,10.52
275747,-0.22,-6.28
275771,0.05,1.79
275793,0.30,7.47
275816,-0.37,-10.25
275840,0.16,4.70
275862,0.04,0.46
275885,-0.35,-9.33
275908,0.35,9.59
275931,-0.17,-4.70
275953,-0.12,-2.71
275977,0.34,9.06
275999,-0.35,-9.59
276022,0.15,4.30
276044,0.17,4.03
276067,-0.40,-10.78
276090,0.29,8.13
276113,-0.08,-2.84
276135,-0.25,-6.15
276159,0.38,10.38
276201,-0.39,-10.38
276225,0.33,9.19
276247,-0.18,-5.09
276270,-0.15,-3.51
276293,0.36,9.59
276316,-0.31,-8.53
276341,0.36,10.12
276365,-0.17,-4.83
276387,-0.07,-0.99
276410,0.35,9.46
276432,-0.33,-9.06
276455,0.11,3.24
276478,0.19,4.83
276501,-0.40,-10.78
276524,0.23,6.81
276546,-0.01,-0.86
276569,-0.33,-8.40
276592,0.35,9.85
276615,-0.18,-4.96
276637,-0.13,-2.98
276660,0.35,9.33
276682,-0.32,-8.80
276706,0.11,3.51
276728,0.22,5.49
276751,-0.38,-10.65
276773,0.22,6.28
276796,0.02,-0.20
276818,-0.35,-9.19
276842,0.33,9.19
276865,-0.18,-4.96
276887,-0.15,-3.64
276910,0.37,9.85
276932,-0.29,-8.13
276959,0.35,9.72
276981,-0.19,-5.36
277004,-0.11,-2.58
277027,0.34,9.19
277050,-0.32,-8.93
277072,0.12,3.64
277095,0.21,5.09
277117,-0.39,-10.52
277141,0.22,6.42
277164,-0.01,-0.86
277186,-0.34,-8.93
277209,0.34,9.59
277231,-0.18,-4.96
277255,-0.13,-2.98
277277,0.36,9.59
277300,-0.32,-8.66
277322,0.11,3.24
277345,0.23,5.75
277368,-0.39,-10.91
277391,0.20,5.75
277413,0.02,-0.07
277436,-0.35,-9.19
277458,0.35,9.46
277482,-0.18,-4.96
277505,-0.16,-3.77
277527,0.38,9.99
277550,-0.30,-8.53
277586,-0.34,-8.80
277609,0.34,9.33
277632,-0.18,-5.09
277655,-0.13,-3.11
277678,0.36,9.59
277700,-0.31,-8.53
277723,0.10,3.11
277745,0.23,5.75
277769,-0.39,-10.78
277791,0.19,5.62
277814,-0.01,-0.99
277836,-0.34,-8.80
277860,0.36,9.99
277882,-0.17,-4.56
277905,-0.11,-2.45
277927,0.35,9.33
277951,-0.33,-9.33
277974,0.10,2.84
277996,0.20,4.96
278019,-0.40,-11.04
278041,0.23,6.81
278065,-0.01,-0.73
278087,-0.31,-8.00
278117,-0.24,-6.94
278150,-0.26,-7.47
278173,0.03,1.26
278199,-0.18,-4.83
278221,-0.15,-3.51
278245,0.37,9.99
278267,-0.30,-8.40
278290,0.09,2.71
278312,0.24,6.02
278335,-0.40,-10.91
278359,0.19,5.49
278381,0.04,0.46
278404,-0.36,-9.46
278426,0.34,9.46
278449,-0.17,-4.70
278472,-0.17,-4.03
278495,0.38,10.12
278517,-0.29,-8.40
278540,0.07,2.58
278563,0.25,6.28
278586,-0.38,-10.38
278608,0.19,5.49
278631,0.03,0.20
278653,-0.36,-9.46
278677,0.33,9.06
278700,-0.17,-4.83
278722,-0.16,-3.90
278745,0.37,9.85
278767,-0.29,-8.13
278791,0.08,2.58
278816,-0.18,-5.09
278839,-0.08,-1.26
278862,0.35,9.46
278885,-0.32,-8.80
278907,0.12,3.51
278930,0.21,5.22
278952,-0.40,-10.78
278976,0.21,6.28
278999,-0.03,-1.26
279021,-0.33,-8.40
279044,0.36,10.12
279067,-0.17,-4.83
279090,-0.09,-1.79
279112,0.35,9.19
279135,-0.33,-9.19
279158,0.12,3.77
279181,0.18,4.43
279203,-0.40,-10.65
279226,0.26,7.47
279248,-0.04,-1.65
279272,-0.30,-7.61
279294,0.36,10.12
279317,-0.19,-5.36
279341,-0.05,-0.60
279363,0.33,8.93
279386,-0.34,-9.33
279408,0.14,4.17
279435,-0.23,-6.68
279457,0.05,1.65
279480,0.31,8.13
279502,-0.35,-9.59
279526,0.15,4.30
279548,0.13,2.84
279571,-0.39,-10.25
279593,0.31,8.66
279616,-0.12,-3.90
279640,-0.23,-5.75
279662,0.38,10.38
279685,-0.25,-7.21
279707,0.01,0.86
279731,0.31,7.74
279753,-0.35,-9.72
279776,0.16,4.43
279798,0.11,2.31
279821,-0.37,-9.99
279844,0.31,8.40
279867,-0.13,-4.03
279889,-0.23,-5.62
279912,0.38,10.25
279936,-0.25,-7.34
279958,0.05,1.79
279981,0.30,7.74
280003,-0.36,-9.99
280026,0.15,4.30
280072,-0.37,-9.85
280095,0.35,9.85
280118,-0.18,-5.09
280140,-0.03,0.07
280164,0.36,9.46
280186,-0.33,-9.06
280209,0.13,3.77
280231,0.19,4.70
280254,-0.40,-10.78
280278,0.24,6.94
280300,-0.03,-1.39
280323,-0.31,-7.74
280345,0.37,10.12
280369,-0.19,-5.22
280391,-0.09,-1.65
280414,0.34,9.06
280436,-0.34,-9.33
280459,0.14,4.03
280482,0.18,4.30
280505,-0.40,-10.78
280527,0.25,7.21
280550,-0.05,-1.92
280572,-0.30,-7.34
280596,0.37,10.12
280619,-0.18,-5.22
280641,-0.05,-0.60
280668,-0.14,-4.17
280690,-0.20,-5.09
280713,0.39,10.65
280736,-0.26,-7.61
280759,0.02,0.99
280781,0.30,7.47
280804,-0.36,-10.12
280826,0.18,4.96
280850,0.09,1.79
280872,-0.37,-9.72
280895,0.32,8.93
280918,-0.14,-4.30
280940,-0.20,-5.09
280964,0.38,10.25
280986,-0.26,-7.47
281009,0.08,2.31
281031,0.29,7.34
281055,-0.36,-9.85
281077,0.17,4.83
281100,0.10,2.05
281122,-0.38,-10.12
281145,0.30,8.40
281168,-0.14,-4.17
281191,-0.20,-4.96
281213,0.39,10.52
281236,-0.26,-7.47
281260,0.02,1.12
281285,-0.19,-5.22
281308,-0.14,-3.37
281331,0.37,9.85
281354,-0.30,-8.27
281376,0.10,3.37
281399,0.23,5.75
281421,-0.39,-10.65
281445,0.19,5.62
281467,-0.00,-0.60
281490,-0.34,-8.93
281512,0.35,9.59
281535,-0.17,-4.70
281559,-0.13,-3.11
281581,0.35,9.46
281604,-0.32,-8.93
281626,0.10,3.11
281650,0.21,5.36
281672,-0.39,-10.52
281695,0.24,6.81
281717,-0.03,-0.73
281740,-0.38,-9.85
281763,0.37,10.12
281786,-0.02,-0.60
281808,-0.02,-0.33
281831,-0.02,-0.33
281854,-0.01,-0.20
281877,-0.01,-0.33
281910,-0.01,-0.33
281932,-0.01,-0.20
281955,-0.01,-0.20
281978,-0.01,-0.20
282007,-0.01,-0.33
282040,-0.01,-0.33
282062,-0.01,-0.20
282086,-0.01,-0.20
282108,-0.01,-0.20
282131,-0.01,-0.20
282153,-0.01,-0.20
282177,-0.01,-0.20
282200,-0.01,-0.20
282222,-0.01,-0.20
282245,-0.01,-0.20
282268,-0.01,-0.20
282291,-0.01,-0.20
282313,-0.01,-0.20
282336,-0.01,-0.20
282359,-0.01,-0.20
282382,-0.01,-0.20
282404,-0.01,-0.20
282427,-0.01,-0.20
282450,-0.01,-0.20
282473,-0.00,-0.20
282510,-0.01,-0.33
282532,-0.01,-0.20
282555,-0.01,-0.20
282577,-0.01,-0.20
282601,-0.01,-0.20
282624,-0.01,-0.20
282646,-0.01,-0.20
282669,-0.01,-0.20
282692,-0.01,-0.20
282715,-0.01,-0.20
282737,-0.01,-0.20
282760,-0.01,-0.07
282782,-0.01,-0.20
282806,-0.01,-0.20
282828,-0.01,-0.20
282851,-0.01,-0.20
282873,-0.01,-0.20
282897,-0.01,-0.20
282919,-0.01,-0.20
282942,-0.01,-0.20
282964,-0.01,-0.07
282988,-0.01,-0.20
283011,-0.01,-0.20
283033,-0.01,-0.20
283056,-0.01,-0.07
283079,-0.01,-0.07
283105,-0.01,-0.20
283127,-0.01,-0.20
283151,-0.01,-0.20
283173,-0.01,-0.20
283196,-0.01,-0.20
283218,-0.01,-0.20
283242,-0.01,-0.20
283265,-0.01,-0.20
283287,-0.01,-0.20
283310,-0.01,-0.20
283333,-0.01,-0.20
283356,-0.01,-0.20
283378,-0.01,-0.20
283401,-0.01,-0.20
283424,-0.01,-0.20
283447,-0.01,-0.07
283469,-0.01,-0.07
283492,-0.01,-0.20
283515,-0.01,-0.20
283538,-0.00,-0.20
283560,-0.01,-0.20
283583,-0.01,-0.20
283607,-0.01,-0.20
283629,-0.01,-0.20
283652,-0.01,-0.20
283678,-0.01,-0.20
283701,-0.01,-0.20
283723,-0.01,-0.20
283746,-0.01,-0.20
283769,-0.01,-0.20
283792,-0.01,-0.07
283814,-0.01,-0.20
283837,-0.00,-0.20
283860,-0.01,-0.20
283883,-0.01,-0.20
283906,-0.01,-0.20
283928,-0.01,-0.20
283969,-0.01,-0.20
283992,-0.01,-0.20
284014,-0.01,-0.20
284038,-0.01,-0.07
284060,-0.01,-0.20
284083,-0.01,-0.20
284105,-0.01,-0.20
284129,-0.00,-0.20
284151,-0.00,-0.20
284174,-0.01,-0.20
284196,-0.01,-0.20
284220,-0.01,-0.20
284242,-0.01,-0.20
284266,-0.01,-0.20
284292,-0.01,-0.20
284315,-0.01,-0.20
284338,-0.01,-0.20
284360,-0.01,-0.20
284384,-0.00,-0.20
284406,-0.01,-0.20
284429,-0.01,-0.20
284452,-0.00,-0.20
284475,-0.01,-0.20
284497,-0.01,-0.20
284521,-0.01,-0.20
284544,-0.01,-0.20
284566,-0.01,-0.20
284590,-0.01,-0.20
284612,-0.01,-0.20
284636,-0.01,-0.20
284658,-0.01,-0.20
284681,-0.01,-0.07
284704,-0.01,-0.20
284727,-0.01,-0.20
284749,-0.01,-0.20
284773,-0.01,-0.20
284795,-0.01,-0.20
284818,-0.01,-0.20
284841,-0.01,-0.20
284864,-0.01,-0.20
284891,-0.01,-0.20
284913,-0.01,-0.20
284937,-0.01,-0.20
284959,-0.01,-0.20
284982,-0.01,-0.20
285005,-0.01,-0.20
285028,-0.01,-0.20
285050,-0.01,-0.20
285074,-0.00,-0.20
285096,-0.01,-0.20
285120,-0.01,-0.20
285143,-0.01,-0.20
285165,-0.01,-0.20
285189,-0.01,-0.20
285211,-0.01,-0.20
285234,-0.00,-0.20
285257,-0.01,-0.20
285280,-0.01,-0.20
285303,-0.01,-0.20
285326,-0.01,-0.20
285348,-0.01,-0.20
285372,-0.01,-0.20
285394,-0.01,-0.20
285417,-0.01,-0.20
285441,-0.01,-0.20
285467,-0.01,-0.20
285490,-0.01,-0.20
285512,-0.01,-0.20
285536,-0.01,-0.20
285558,-0.01,-0.20
285581,-0.01,-0.20
285604,-0.01,-0.07
285627,-0.01,-0.20
285649,-0.01,-0.20
285673,-0.01,-0.20
285696,-0.01,-0.20
285719,-0.01,-0.20
285742,-0.01,-0.07
285764,-0.00,-0.20
285787,-0.01,-0.20
285810,-0.01,-0.20
285833,-0.01,-0.20
285855,-0.01,-0.20
285879,-0.01,-0.20
285918,-0.01,-0.20
285941,-0.01,-0.33
285964,-0.01,-0.20
285986,-0.01,-0.20
286009,-0.01,-0.20
286032,-0.01,-0.20
286055,-0.01,-0.20
286081,-0.01,-0.20
286104,-0.01,-0.20
286127,-0.00,-0.20
286149,-0.01,-0.20
286172,-0.01,-0.20
286195,-0.01,-0.20
286218,-0.01,-0.20
286240,-0.01,-0.20
286263,-0.01,-0.20
286286,-0.01,-0.20
286309,-0.01,-0.20
286331,-0.01,-0.20
286354,-0.01,-0.20
286377,-0.01,-0.20
286400,-0.01,-0.20
286423,-0.01,-0.20
286445,-0.01,-0.20
286469,-0.01,-0.20
286491,-0.01,-0.20
286514,-0.01,-0.20
286536,-0.00,-0.20
286559,-0.01,-0.20
286582,-0.00,-0.20
286605,-0.01,-0.20
286627,-0.01,-0.20
286654,-0.01,-0.20
286676,-0.01,-0.20
286699,-0.01,-0.20
286722,-0.01,-0.20
286745,-0.01,-0.20
286768,-0.01,-0.20
286790,-0.01,-0.07
286813,-0.01,-0.20
286836,-0.00,-0.20
286859,-0.01,-0.20
286881,-0.01,-0.20
286904,-0.01,-0.20
286927,-0.01,-0.20
286950,-0.01,-0.07
286972,-0.01,-0.20
286995,-0.01,-0.20
287019,-0.01,-0.20
287041,-0.00,-0.07
287064,-0.01,-0.20
287086,-0.01,-0.20
287110,-0.01,-0.20
287132,-0.01,-0.20
287155,-0.01,-0.20
287177,-0.01,-0.20
287201,-0.01,-0.20
287223,-0.01,-0.20
287260,-0.01,-0.20
287283,-0.01,-0.20
287305,-0.01,-0.20
287328,-0.01,-0.20
287351,-0.01,-0.07
287374,-0.01,-0.20
287396,-0.00,-0.20
287419,-0.01,-0.20
287442,-0.00,-0.20
287465,-0.01,-0.20
287488,-0.01,-0.20
287510,-0.01,-0.20
287534,-0.00,-0.20
287556,-0.01,-0.20
287579,-0.01,-0.20
287602,-0.00,-0.20
287625,-0.01,-0.20
287647,-0.00,-0.20
287670,-0.01,-0.20
287693,-0.01,-0.20
287716,-0.01,-0.20
287738,-0.01,-0.20
287761,-0.01,-0.20
287784,-0.01,-0.20
287807,-0.01,-0.20
287836,-0.01,-0.20
287873,-0.01,-0.33
287895,-0.01,-0.20
287918,-0.01,-0.20
287941,-0.01,-0.20
287964,-0.01,-0.20
287986,-0.01,-0.20
288009,-0.01,-0.20
288032,-0.01,-0.20
288055,-0.01,-0.20
288077,-0.01,-0.20
288100,-0.01,-0.20
288123,-0.01,-0.20
288146,-0.01,-0.20
288168,-0.01,-0.20
288191,-0.01,-0.20
288215,-0.01,-0.20
288237,-0.01,-0.20
288260,-0.01,-0.20
288282,-0.01,-0.20
288306,-0.01,-0.20
288328,-0.01,-0.20
288351,-0.01,-0.20
288373,-0.01,-0.20
288397,-0.01,-0.20
288419,-0.01,-0.20
288445,-0.01,-0.20
288468,-0.01,-0.20
288491,-0.01,-0.07
288514,-0.01,-0.20
288536,-0.01,-0.20
288560,-0.01,-0.20
288582,-0.01,-0.20
288605,-0.01,-0.20
288627,-0.01,-0.20
288651,-0.01,-0.20
288673,-0.01,-0.20
288696,-0.01,-0.07
288719,-0.01,-0.20
288742,-0.01,-0.20
288764,-0.01,-0.20
288787,-0.01,-0.20
288811,-0.00,-0.20
288833,-0.01,-0.20
288856,-0.01,-0.07
288878,-0.01,-0.20
288902,-0.01,-0.20
288924,-0.01,-0.20
288947,-0.01,-0.20
288969,-0.01,-0.20
288993,-0.01,-0.20
289015,-0.01,-0.20
289041,-0.01,-0.20
289064,-0.01,-0.20
289087,-0.01,-0.20
289110,-0.01,-0.20
289132,-0.01,-0.20
289156,-0.01,-0.20
289178,-0.01,-0.20
289201,-0.01,-0.20
289223,-0.00,-0.20
289247,-0.01,-0.20
289269,-0.01,-0.20
289292,-0.01,-0.20
289314,-0.01,-0.20
289338,-0.01,-0.20
289360,-0.01,-0.20
289383,-0.01,-0.07
289405,-0.01,-0.20
289429,-0.01,-0.20
289452,-0.01,-0.20
289474,-0.01,-0.20
289498,-0.01,-0.20
289520,-0.01,-0.20
289543,-0.01,-0.20
289565,-0.01,-0.20
289589,-0.01,-0.20
289614,-0.01,-0.20
289637,-0.01,-0.20
289660,-0.01,-0.20
289683,-0.01,-0.20
289705,-0.01,-0.20
289728,-0.01,-0.20
289752,-0.01,-0.20
289795,-0.01,-0.33
289818,-0.01,-0.20
289841,-0.01,-0.20
289863,-0.01,-0.20
289887,-0.01,-0.20
289909,-0.01,-0.20
289932,-0.01,-0.20
289954,-0.01,-0.20
289978,-0.01,-0.20
290000,-0.01,-0.20
290023,-0.01,-0.20
290045,-0.01,-0.20
290069,-0.01,-0.33
290092,-0.01,-0.20
290114,-0.00,-0.20
290137,-0.01,-0.20
290160,-0.01,-0.20
290183,-0.01,-0.07
290205,-0.01,-0.20
290232,-0.01,-0.20
290254,-0.01,-0.20
290277,-0.01,-0.20
290299,-0.01,-0.20
290323,-0.01,-0.20
290345,-0.01,-0.20
290368,-0.01,-0.20
290391,-0.00,-0.20
290414,-0.01,-0.20
290437,-0.01,-0.07
290459,-0.01,-0.20
290482,-0.01,-0.20
290505,-0.01,-0.20
290528,-0.01,-0.20
290550,-0.01,-0.20
290573,-0.01,-0.20
290596,-0.00,-0.20
290619,-0.01,-0.20
290641,-0.01,-0.20
290664,-0.01,-0.20
290688,-0.01,-0.20
290710,-0.01,-0.20
290733,-0.01,-0.07
290755,-0.01,-0.20
290779,-0.01,-0.20
290801,-0.01,-0.20
290828,-0.01,-0.20
290850,-0.01,-0.20
290873,-0.01,-0.20
290895,-0.01,-0.20
290919,-0.01,-0.20
290941,-0.01,-0.20
290964,-0.01,-0.20
290987,-0.01,-0.20
291010,-0.01,-0.20
291033,-0.01,-0.20
291055,-0.01,-0.20
291078,-0.01,-0.20
291101,-0.01,-0.20
291124,-0.01,-0.20
291146,-0.01,-0.20
291169,-0.01,-0.20
291192,-0.01,-0.20
291215,-0.01,-0.20
291237,-0.01,-0.20
291260,-0.01,-0.07
291283,-0.01,-0.20
291306,-0.01,-0.20
291329,-0.01,-0.07
291352,-0.01,-0.20
291375,-0.01,-0.20
291407,-0.01,-0.20
291430,-0.01,-0.20
291452,-0.01,-0.20
291476,-0.01,-0.20
291499,-0.01,-0.20
291521,-0.01,-0.20
291544,-0.01,-0.20
291567,-0.01,-0.20
291590,-0.01,-0.20
291612,-0.01,-0.20
291636,-0.01,-0.20
291658,-0.01,-0.20
291681,-0.01,-0.20
291704,-0.01,-0.20
291733,-0.01,-0.20
291767,-0.01,-0.33
291790,-0.01,-0.20
291813,-0.01,-0.20
291835,-0.01,-0.20
291859,-0.01,-0.20
291881,-0.01,-0.20
291904,-0.01,-0.20
291927,-0.01,-0.20
291950,-0.01,-0.20
291973,-0.01,-0.07
291995,-0.01,-0.20
292032,-0.01,-0.20
292055,-0.01,-0.07
292077,-0.01,-0.20
292101,-0.01,-0.20
292123,-0.01,-0.20
292146,-0.01,-0.20
292169,-0.01,-0.07
292192,-0.01,-0.20
292214,-0.01,-0.20
292237,-0.01,-0.20
292260,-0.00,-0.20
292283,-0.01,-0.20
292305,-0.01,-0.20
292328,-0.01,-0.20
292352,-0.01,-0.20
292374,-0.01,-0.20
292397,-0.01,-0.20
292419,-0.01,-0.20
292443,-0.00,-0.20
292465,-0.01,-0.20
292488,-0.01,-0.20
292511,-0.01,-0.20
292534,-0.01,-0.20
292556,-0.01,-0.20
292579,-0.01,-0.20
292605,-0.01,-0.20
292628,-0.01,-0.20
292652,-0.01,-0.20
292674,-0.01,-0.20
292697,-0.01,-0.20
292719,-0.01,-0.20
292743,-0.01,-0.20
292765,-0.01,-0.20
292788,-0.00,-0.20
292810,-0.01,-0.20
292834,-0.01,-0.07
292856,-0.01,-0.20
292879,-0.01,-0.20
292902,-0.01,-0.20
292925,-0.01,-0.20
292947,-0.01,-0.20
292970,-0.01,-0.20
292994,-0.01,-0.20
293016,-0.01,-0.20
293039,-0.01,-0.20
293061,-0.01,-0.20
293085,-0.01,-0.20
293107,-0.01,-0.20
293130,-0.01,-0.07
293152,-0.01,-0.20
293176,-0.01,-0.20
293201,-0.01,-0.20
293225,-0.01,-0.20
293248,-0.01,-0.20
293270,-0.01,-0.20
293293,-0.01,-0.20
293316,-0.01,-0.20
293339,-0.01,-0.20
293361,-0.00,-0.20
293384,-0.01,-0.20
293407,-0.01,-0.20
293430,-0.01,-0.20
293452,-0.01,-0.20
293476,-0.01,-0.20
293498,-0.01,-0.20
293521,-0.01,-0.20
293543,-0.01,-0.20
293567,-0.01,-0.20
293590,-0.01,-0.20
293612,-0.01,-0.20
293635,-0.01,-0.20
293658,-0.01,-0.20
293697,-0.01,-0.33
293721,-0.01,-0.33
293743,-0.01,-0.20
293766,-0.01,-0.20
293789,-0.01,-0.20
293815,-0.01,-0.20
293838,-0.01,-0.20
293861,-0.01,-0.20
293883,-0.01,-0.20
293906,-0.01,-0.20
293929,-0.01,-0.20
293952,-0.01,-0.20
293976,-0.01,-0.20
293998,-0.01,-0.20
294021,-0.01,-0.20
294044,-0.01,-0.20
294067,-0.01,-0.20
294089,-0.01,-0.20
294113,-0.01,-0.20
294135,-0.01,-0.20
294158,-0.01,-0.20
294181,-0.01,-0.20
294204,-0.01,-0.20
294227,-0.01,-0.20
294250,-0.01,-0.20
294273,-0.01,-0.20
294296,-0.01,-0.20
294319,-0.01,-0.07
294341,-0.01,-0.20
294365,-0.01,-0.07
294391,-0.01,-0.20
294414,-0.01,-0.20
294436,-0.01,-0.20
294460,-0.01,-0.20
294482,-0.01,-0.20
294506,-0.01,-0.20
294529,-0.01,-0.20
294551,-0.01,-0.20
294575,-0.01,-0.20
294597,-0.01,-0.20
294620,-0.01,-0.20
294643,-0.01,-0.20
294666,-0.01,-0.20
294689,-0.01,-0.20
294712,-0.01,-0.20
294734,-0.01,-0.20
294758,-0.01,-0.20
294780,-0.01,-0.20
294804,-0.01,-0.20
294827,-0.01,-0.20
294849,-0.01,-0.20
294873,-0.01,-0.20
294895,-0.01,-0.20
294919,-0.01,-0.20
294941,-0.01,-0.07
294964,-0.01,-0.20
294990,-0.01,-0.20
295013,-0.01,-0.20
295036,-0.01,-0.07
295059,-0.01,-0.20
295083,-0.01,-0.20
295105,-0.01,-0.20
295128,-0.01,-0.20
295151,-0.01,-0.20
295174,-0.01,-0.33
295197,-0.01,-0.20
295220,-0.01,-0.20
295242,-0.01,-0.20
295266,-0.01,-0.20
295288,-0.01,-0.20
295311,-0.01,-0.20
295334,-0.01,-0.20
295357,-0.01,-0.20
295380,-0.01,-0.20
295403,-0.01,-0.20
295426,-0.01,-0.20
295449,-0.01,-0.20
295472,-0.01,-0.20
295494,-0.01,-0.20
295518,-0.00,-0.20
295540,-0.01,-0.07
295567,-0.01,-0.20
295589,-0.01,-0.20
295618,-0.01,-0.20
295652,-0.01,-0.33
295675,-0.01,-0.20
295698,-0.01,-0.20
295720,-0.01,-0.20
295743,-0.01,-0.20
295767,-0.01,-0.20
295789,-0.01,-0.20
295812,-0.01,-0.20
295834,-0.01,-0.20
295858,-0.01,-0.20
295880,-0.01,-0.20
295903,-0.01,-0.20
295925,-0.00,-0.20
295949,-0.01,-0.20
295971,-0.01,-0.07
295994,-0.01,-0.20
296016,-0.01,-0.20
296040,-0.01,-0.20
296062,-0.01,-0.20
296085,-0.01,-0.07
296109,-0.01,-0.20
296131,-0.00,-0.07
296154,-0.01,-0.20
296180,-0.01,-0.20
296203,-0.01,-0.20
296225,-0.01,-0.20
296248,-0.01,-0.07
296271,-0.01,-0.20
296294,-0.01,-0.20
296316,-0.00,-0.20
296340,-0.00,-0.20
296363,-0.01,-0.20
296385,-0.01,-0.20
296408,-0.01,-0.20
296431,-0.01,-0.20
296454,-0.01,-0.20
296476,-0.01,-0.20
296499,-0.00,-0.07
296522,-0.01,-0.20
296545,-0.01,-0.07
296567,-0.01,-0.20
296591,-0.01,-0.20
296613,-0.01,-0.20
296636,-0.01,-0.20
296658,-0.01,-0.20
296682,-0.01,-0.20
296705,-0.01,-0.07
296727,-0.01,-0.20
296750,-0.01,-0.20
296786,-0.01,-0.20
296809,-0.01,-0.20
296833,-0.01,-0.20
296855,-0.01,-0.20
296878,-0.01,-0.20
296901,-0.01,-0.20
296924,-0.01,-0.20
296946,-0.01,-0.20
296970,-0.01,-0.20
296992,-0.01,-0.07
297015,-0.01,-0.20
297037,-0.01,-0.20
297061,-0.01,-0.20
297083,-0.01,-0.20
297106,-0.01,-0.20
297129,-0.01,-0.20
297152,-0.00,-0.20
297175,-0.01,-0.20
297197,-0.01,-0.20
297221,-0.00,-0.07
297243,-0.01,-0.07
297266,-0.01,-0.20
297289,-0.01,-0.20
297312,-0.01,-0.20
297334,-0.01,-0.20
297361,-0.01,-0.20
297383,-0.01,-0.20
297406,-0.01,-0.20
297430,-0.01,-0.20
297452,-0.01,-0.20
297475,-0.01,-0.20
297498,-0.00,-0.20
297521,-0.01,-0.20
297543,-0.01,-0.20
297583,-0.01,-0.33
297606,-0.01,-0.20
297628,-0.01,-0.20
297652,-0.01,-0.20
297674,-0.01,-0.20
297697,-0.01,-0.20
297720,-0.01,-0.20
297743,-0.01,-0.20
297765,-0.00,-0.20
297788,-0.01,-0.20
297811,-0.01,-0.20
297834,-0.01,-0.20
297857,-0.01,-0.20
297879,-0.01,-0.20
297903,-0.01,-0.20
297925,-0.01,-0.07
297948,-0.01,-0.20
297974,-0.01,-0.20
297997,-0.01,-0.20
298020,-0.01,-0.20
298043,-0.01,-0.20
298065,-0.01,-0.20
298088,-0.00,-0.20
298112,-0.01,-0.20
298134,-0.01,-0.07
298157,-0.01,-0.20
298179,-0.01,-0.07
298203,-0.01,-0.20
298225,-0.01,-0.20
298248,-0.00,-0.20
298271,-0.01,-0.20
298294,-0.01,-0.07
298316,-0.01,-0.20
298339,-0.01,-0.20
298362,-0.01,-0.20
298385,-0.01,-0.20
298407,-0.01,-0.20
298431,-0.01,-0.20
298454,-0.00,-0.20
298476,-0.01,-0.20
298499,-0.01,-0.20
298522,-0.01,-0.20
298548,-0.01,-0.20
298571,-0.01,-0.20
298594,-0.01,-0.20
298616,-0.01,-0.33
298640,-0.01,-0.20
298662,-0.01,-0.20
298685,-0.01,-0.20
298707,-0.01,-0.20
298731,-0.01,-0.20
298754,-0.01,-0.20
